-- phpMyAdmin SQL Dump
-- version 4.4.15.7
-- http://www.phpmyadmin.net
--
-- Хост: 127.0.0.1:3306
-- Время создания: Апр 04 2019 г., 21:54
-- Версия сервера: 5.5.50
-- Версия PHP: 5.3.29

SET SQL_MODE = "NO_AUTO_VALUE_ON_ZERO";
SET time_zone = "+00:00";


/*!40101 SET @OLD_CHARACTER_SET_CLIENT=@@CHARACTER_SET_CLIENT */;
/*!40101 SET @OLD_CHARACTER_SET_RESULTS=@@CHARACTER_SET_RESULTS */;
/*!40101 SET @OLD_COLLATION_CONNECTION=@@COLLATION_CONNECTION */;
/*!40101 SET NAMES utf8mb4 */;

--
-- База данных: `megatreid`
--
CREATE DATABASE IF NOT EXISTS `megatreid` DEFAULT CHARACTER SET utf8 COLLATE utf8_general_ci;
USE `megatreid`;

-- --------------------------------------------------------

--
-- Структура таблицы `city`
--

DROP TABLE IF EXISTS `city`;
CREATE TABLE IF NOT EXISTS `city` (
  `city_id` int(11) unsigned NOT NULL,
  `country_id` int(11) unsigned NOT NULL DEFAULT '0',
  `region_id` int(10) unsigned NOT NULL DEFAULT '0',
  `name` varchar(128) NOT NULL DEFAULT ''
) ENGINE=InnoDB AUTO_INCREMENT=5651 DEFAULT CHARSET=utf8;

--
-- Дамп данных таблицы `city`
--

INSERT INTO `city` (`city_id`, `country_id`, `region_id`, `name`) VALUES
(3161, 3159, 3160, 'Акташ'),
(3162, 3159, 3160, 'Акутиха'),
(3163, 3159, 3160, 'Алейск'),
(3164, 3159, 3160, 'Алтайский'),
(3165, 3159, 3160, 'Баево'),
(3166, 3159, 3160, 'Барнаул'),
(3167, 3159, 3160, 'Белово'),
(3168, 3159, 3160, 'Белокуриха'),
(3169, 3159, 3160, 'Белоярск'),
(3170, 3159, 3160, 'Бийск'),
(3171, 3159, 3160, 'Благовещенск'),
(3172, 3159, 3160, 'Боровлянка'),
(3173, 3159, 3160, 'Бурла'),
(3174, 3159, 3160, 'Бурсоль'),
(3175, 3159, 3160, 'Волчиха'),
(3176, 3159, 3160, 'Горно-Алтайск'),
(3177, 3159, 3160, 'Горняк'),
(3178, 3159, 3160, 'Ельцовка'),
(3179, 3159, 3160, 'Залесово'),
(3180, 3159, 3160, 'Заринск'),
(3181, 3159, 3160, 'Заток'),
(3182, 3159, 3160, 'Змеиногорск'),
(3183, 3159, 3160, 'Камень-на-Оби'),
(3184, 3159, 3160, 'Ключи'),
(3185, 3159, 3160, 'Кош-Агач'),
(3186, 3159, 3160, 'Красногорское'),
(3187, 3159, 3160, 'Краснощеково'),
(3188, 3159, 3160, 'Кулунда'),
(3189, 3159, 3160, 'Кытманово'),
(3190, 3159, 3160, 'Мамонтово'),
(3191, 3159, 3160, 'Новичиха'),
(3192, 3159, 3160, 'Новоалтайск'),
(3193, 3159, 3160, 'Онгудай'),
(3194, 3159, 3160, 'Павловск'),
(3195, 3159, 3160, 'Петропавловское'),
(3196, 3159, 3160, 'Поспелиха'),
(3197, 3159, 3160, 'Ребриха'),
(3198, 3159, 3160, 'Родино'),
(3199, 3159, 3160, 'Рубцовск'),
(3200, 3159, 3160, 'Славгород'),
(3201, 3159, 3160, 'Смоленское'),
(3202, 3159, 3160, 'Солонешное'),
(3203, 3159, 3160, 'Солтон'),
(3204, 3159, 3160, 'Староаллейское'),
(3205, 3159, 3160, 'Табуны'),
(3206, 3159, 3160, 'Тальменка'),
(3207, 3159, 3160, 'Топчиха'),
(3208, 3159, 3160, 'Троицкое'),
(3209, 3159, 3160, 'Турочак'),
(3210, 3159, 3160, 'Тюменцево'),
(3211, 3159, 3160, 'Угловское'),
(3212, 3159, 3160, 'Усть-Калманка'),
(3213, 3159, 3160, 'Усть-Кан'),
(3214, 3159, 3160, 'Усть-Кокса'),
(3215, 3159, 3160, 'Усть-Улаган'),
(3216, 3159, 3160, 'Усть-Чарышская Пристань'),
(3217, 3159, 3160, 'Хабары'),
(3218, 3159, 3160, 'Целинное'),
(3219, 3159, 3160, 'Чарышское'),
(3220, 3159, 3160, 'Шебалино'),
(3221, 3159, 3160, 'Шелаболиха'),
(3222, 3159, 3160, 'Шипуново'),
(3224, 3159, 3223, 'Айгунь'),
(3225, 3159, 3223, 'Архара'),
(3226, 3159, 3223, 'Белогорск'),
(3227, 3159, 3223, 'Благовещенск (Амурская обл.)'),
(3228, 3159, 3223, 'Бурея'),
(3229, 3159, 3223, 'Возжаевка'),
(3230, 3159, 3223, 'Екатеринославка'),
(3231, 3159, 3223, 'Ерофей Павлович'),
(3232, 3159, 3223, 'Завитинск'),
(3233, 3159, 3223, 'Зея'),
(3234, 3159, 3223, 'Златоустовск'),
(3235, 3159, 3223, 'Ивановка'),
(3236, 3159, 3223, 'Коболдо'),
(3237, 3159, 3223, 'Магдагачи'),
(3238, 3159, 3223, 'Новобурейский'),
(3239, 3159, 3223, 'Поярково'),
(3240, 3159, 3223, 'Райчихинск'),
(3241, 3159, 3223, 'Ромны'),
(3242, 3159, 3223, 'Свободный'),
(3243, 3159, 3223, 'Серышево'),
(3244, 3159, 3223, 'Сковородино'),
(3245, 3159, 3223, 'Стойба'),
(3246, 3159, 3223, 'Тамбовка'),
(3247, 3159, 3223, 'Тында'),
(3248, 3159, 3223, 'Шимановск'),
(3249, 3159, 3223, 'Экимчан'),
(3250, 3159, 3223, 'Ядрино'),
(3252, 3159, 3251, 'Амдерма'),
(3253, 3159, 3251, 'Архангельск'),
(3254, 3159, 3251, 'Березник'),
(3255, 3159, 3251, 'Вельск'),
(3256, 3159, 3251, 'Верхняя Тойма'),
(3257, 3159, 3251, 'Волошка'),
(3258, 3159, 3251, 'Вычегодский'),
(3259, 3159, 3251, 'Емца'),
(3260, 3159, 3251, 'Илеза'),
(3261, 3159, 3251, 'Ильинско-Подомское'),
(3262, 3159, 3251, 'Каргополь'),
(3263, 3159, 3251, 'Карпогоры'),
(3264, 3159, 3251, 'Кодино'),
(3265, 3159, 3251, 'Коноша'),
(3266, 3159, 3251, 'Коряжма'),
(3267, 3159, 3251, 'Котлас'),
(3268, 3159, 3251, 'Красноборск'),
(3269, 3159, 3251, 'Лешуконское'),
(3270, 3159, 3251, 'Мезень'),
(3271, 3159, 3251, 'Нарьян-Мар'),
(3272, 3159, 3251, 'Новодвинск'),
(3273, 3159, 3251, 'Няндома'),
(3274, 3159, 3251, 'Онега'),
(3275, 3159, 3251, 'Пинега'),
(3276, 3159, 3251, 'Плесецк'),
(3277, 3159, 3251, 'Северодвинск'),
(3278, 3159, 3251, 'Сольвычегодск'),
(3279, 3159, 3251, 'Холмогоры'),
(3280, 3159, 3251, 'Шенкурск'),
(3281, 3159, 3251, 'Яренск'),
(3283, 3159, 3282, 'Астрахань'),
(3284, 3159, 3282, 'Ахтубинск'),
(3285, 3159, 3282, 'Верхний Баскунчак'),
(3286, 3159, 3282, 'Володарский'),
(3287, 3159, 3282, 'Енотаевка'),
(3288, 3159, 3282, 'Икряное'),
(3289, 3159, 3282, 'Камызяк'),
(3290, 3159, 3282, 'Капустин Яр'),
(3291, 3159, 3282, 'Красный Яр'),
(3292, 3159, 3282, 'Лиман'),
(3293, 3159, 3282, 'Началово'),
(3294, 3159, 3282, 'Харабали'),
(3295, 3159, 3282, 'Черный Яр'),
(3297, 3159, 3296, 'Аксаково'),
(3298, 3159, 3296, 'Амзя'),
(3299, 3159, 3296, 'Аскино'),
(3300, 3159, 3296, 'Баймак'),
(3301, 3159, 3296, 'Бакалы'),
(3302, 3159, 3296, 'Белебей'),
(3303, 3159, 3296, 'Белорецк'),
(3304, 3159, 3296, 'Бижбуляк'),
(3305, 3159, 3296, 'Бирск'),
(3306, 3159, 3296, 'Благовещенск'),
(3307, 3159, 3296, 'Большеустьикинское'),
(3308, 3159, 3296, 'Верхнеяркеево'),
(3309, 3159, 3296, 'Верхние Киги'),
(3310, 3159, 3296, 'Верхние Татышлы'),
(3311, 3159, 3296, 'Верхний Авзян'),
(3312, 3159, 3296, 'Давлеканово'),
(3313, 3159, 3296, 'Дуван'),
(3314, 3159, 3296, 'Дюртюли'),
(3315, 3159, 3296, 'Ермекеево'),
(3316, 3159, 3296, 'Ермолаево'),
(3317, 3159, 3296, 'Зилаир'),
(3318, 3159, 3296, 'Зирган'),
(3319, 3159, 3296, 'Иглино'),
(3320, 3159, 3296, 'Инзер'),
(3321, 3159, 3296, 'Исянгулово'),
(3322, 3159, 3296, 'Ишимбай'),
(3323, 3159, 3296, 'Кананикольское'),
(3324, 3159, 3296, 'Кандры'),
(3325, 3159, 3296, 'Караидель'),
(3326, 3159, 3296, 'Караидельский'),
(3327, 3159, 3296, 'Киргиз-Мияки'),
(3328, 3159, 3296, 'Красноусольский'),
(3329, 3159, 3296, 'Кумертау'),
(3330, 3159, 3296, 'Кушнаренково'),
(3331, 3159, 3296, 'Малояз'),
(3332, 3159, 3296, 'Мелеуз'),
(3333, 3159, 3296, 'Месягутово'),
(3334, 3159, 3296, 'Мраково'),
(3335, 3159, 3296, 'Нефтекамск'),
(3336, 3159, 3296, 'Октябрьский'),
(3337, 3159, 3296, 'Раевский'),
(3338, 3159, 3296, 'Салават'),
(3339, 3159, 3296, 'Сибай'),
(3340, 3159, 3296, 'Старобалтачево'),
(3341, 3159, 3296, 'Старосубхангулово'),
(3342, 3159, 3296, 'Стерлибашево'),
(3343, 3159, 3296, 'Стерлитамак'),
(3344, 3159, 3296, 'Туймазы'),
(3345, 3159, 3296, 'Уфа'),
(3346, 3159, 3296, 'Учалы'),
(3347, 3159, 3296, 'Федоровка'),
(3348, 3159, 3296, 'Чекмагуш'),
(3349, 3159, 3296, 'Чишмы'),
(3350, 3159, 3296, 'Шаран'),
(3351, 3159, 3296, 'Янаул'),
(3353, 3159, 3352, 'Алексеевка'),
(3354, 3159, 3352, 'Белгород'),
(3355, 3159, 3352, 'Борисовка'),
(3356, 3159, 3352, 'Валуйки'),
(3357, 3159, 3352, 'Вейделевка'),
(3358, 3159, 3352, 'Волоконовка'),
(3359, 3159, 3352, 'Грайворон'),
(3360, 3159, 3352, 'Губкин'),
(3361, 3159, 3352, 'Ивня'),
(3362, 3159, 3352, 'Короча'),
(3363, 3159, 3352, 'Красногвардейское'),
(3364, 3159, 3352, 'Новый Оскол'),
(3365, 3159, 3352, 'Ракитное'),
(3366, 3159, 3352, 'Ровеньки'),
(3367, 3159, 3352, 'Старый Оскол'),
(3368, 3159, 3352, 'Строитель'),
(3369, 3159, 3352, 'Чернянка'),
(3370, 3159, 3352, 'Шебекино'),
(3372, 3159, 3371, 'Алтухово'),
(3373, 3159, 3371, 'Белая Березка'),
(3374, 3159, 3371, 'Белые Берега'),
(3375, 3159, 3371, 'Большое Полпино'),
(3376, 3159, 3371, 'Брянск'),
(3377, 3159, 3371, 'Бытошь'),
(3378, 3159, 3371, 'Выгоничи'),
(3379, 3159, 3371, 'Вышков'),
(3380, 3159, 3371, 'Гордеевка'),
(3381, 3159, 3371, 'Дубровка'),
(3382, 3159, 3371, 'Жирятино'),
(3383, 3159, 3371, 'Жуковка'),
(3384, 3159, 3371, 'Злынка'),
(3385, 3159, 3371, 'Ивот'),
(3386, 3159, 3371, 'Карачев'),
(3387, 3159, 3371, 'Клетня'),
(3388, 3159, 3371, 'Климово'),
(3389, 3159, 3371, 'Клинцы'),
(3390, 3159, 3371, 'Кокаревка'),
(3391, 3159, 3371, 'Комаричи'),
(3392, 3159, 3371, 'Красная Гора'),
(3393, 3159, 3371, 'Локоть'),
(3394, 3159, 3371, 'Мглин'),
(3395, 3159, 3371, 'Навля'),
(3396, 3159, 3371, 'Новозыбков'),
(3397, 3159, 3371, 'Погар'),
(3398, 3159, 3371, 'Почеп'),
(3399, 3159, 3371, 'Ржаница'),
(3400, 3159, 3371, 'Рогнедино'),
(3401, 3159, 3371, 'Севск'),
(3402, 3159, 3371, 'Стародуб'),
(3403, 3159, 3371, 'Суземка'),
(3404, 3159, 3371, 'Сураж'),
(3405, 3159, 3371, 'Трубчевск'),
(3406, 3159, 3371, 'Унеча'),
(3408, 3159, 3407, 'Бабушкин'),
(3409, 3159, 3407, 'Багдарин'),
(3410, 3159, 3407, 'Баргузин'),
(3411, 3159, 3407, 'Баянгол'),
(3412, 3159, 3407, 'Бичура'),
(3413, 3159, 3407, 'Выдрино'),
(3414, 3159, 3407, 'Гусиное Озеро'),
(3415, 3159, 3407, 'Гусиноозерск'),
(3416, 3159, 3407, 'Заиграево'),
(3417, 3159, 3407, 'Закаменск'),
(3418, 3159, 3407, 'Иволгинск'),
(3419, 3159, 3407, 'Илька'),
(3420, 3159, 3407, 'Кабанск'),
(3421, 3159, 3407, 'Каменск'),
(3422, 3159, 3407, 'Кижинга'),
(3423, 3159, 3407, 'Курумкан'),
(3424, 3159, 3407, 'Кырен'),
(3425, 3159, 3407, 'Кяхта'),
(3426, 3159, 3407, 'Монды'),
(3427, 3159, 3407, 'Мухоршибирь'),
(3428, 3159, 3407, 'Нижнеангарск'),
(3429, 3159, 3407, 'Орлик'),
(3430, 3159, 3407, 'Петропавловка'),
(3431, 3159, 3407, 'Романовка'),
(3432, 3159, 3407, 'Селенгинск'),
(3433, 3159, 3407, 'Сосново-Озерское'),
(3434, 3159, 3407, 'Турунтаево'),
(3435, 3159, 3407, 'Улан-Удэ'),
(3436, 3159, 3407, 'Хоринск'),
(3438, 3159, 3437, 'Александров'),
(3439, 3159, 3437, 'Андреево'),
(3440, 3159, 3437, 'Анопино'),
(3441, 3159, 3437, 'Бавлены'),
(3442, 3159, 3437, 'Балакирево'),
(3443, 3159, 3437, 'Боголюбово'),
(3444, 3159, 3437, 'Великодворский'),
(3445, 3159, 3437, 'Вербовский'),
(3446, 3159, 3437, 'Владимир'),
(3447, 3159, 3437, 'Вязники'),
(3448, 3159, 3437, 'Городищи'),
(3449, 3159, 3437, 'Гороховец'),
(3450, 3159, 3437, 'Гусевский'),
(3451, 3159, 3437, 'Гусь Хрустальный'),
(3452, 3159, 3437, 'Золотково'),
(3453, 3159, 3437, 'Иванищи'),
(3454, 3159, 3437, 'Камешково'),
(3455, 3159, 3437, 'Карабаново'),
(3456, 3159, 3437, 'Киржач'),
(3457, 3159, 3437, 'Ковров'),
(3458, 3159, 3437, 'Кольчугино'),
(3459, 3159, 3437, 'Красная Горбатка'),
(3460, 3159, 3437, 'Меленки'),
(3461, 3159, 3437, 'Муром'),
(3462, 3159, 3437, 'Петушки'),
(3463, 3159, 3437, 'Покров'),
(3464, 3159, 3437, 'Собинка'),
(3465, 3159, 3437, 'Судогда'),
(3466, 3159, 3437, 'Суздаль'),
(3467, 3159, 3437, 'Юрьев-Польский'),
(3469, 3159, 3468, 'Алексеевская'),
(3470, 3159, 3468, 'Алущевск'),
(3471, 3159, 3468, 'Быково'),
(3472, 3159, 3468, 'Волгоград'),
(3473, 3159, 3468, 'Волжский'),
(3474, 3159, 3468, 'Городище'),
(3475, 3159, 3468, 'Дубовка'),
(3476, 3159, 3468, 'Елань'),
(3477, 3159, 3468, 'Жирновск'),
(3478, 3159, 3468, 'Иловля'),
(3479, 3159, 3468, 'Калач-на-Дону'),
(3480, 3159, 3468, 'Камышин'),
(3481, 3159, 3468, 'Клетский'),
(3482, 3159, 3468, 'Котельниково'),
(3483, 3159, 3468, 'Котово'),
(3484, 3159, 3468, 'Кумылженская'),
(3485, 3159, 3468, 'Ленинск'),
(3486, 3159, 3468, 'Михайловка'),
(3487, 3159, 3468, 'Нехаевский'),
(3488, 3159, 3468, 'Николаевск'),
(3489, 3159, 3468, 'Новоаннинский'),
(3490, 3159, 3468, 'Новониколаевский'),
(3491, 3159, 3468, 'Ольховка'),
(3492, 3159, 3468, 'Палласовка'),
(3493, 3159, 3468, 'Рудня'),
(3494, 3159, 3468, 'Светлый Яр'),
(3495, 3159, 3468, 'Серафимович'),
(3496, 3159, 3468, 'Средняя Ахтуба'),
(3497, 3159, 3468, 'Сталинград'),
(3498, 3159, 3468, 'Старая Полтавка'),
(3499, 3159, 3468, 'Суровикино'),
(3500, 3159, 3468, 'Урюпинск'),
(3501, 3159, 3468, 'Фролово'),
(3502, 3159, 3468, 'Чернышковский'),
(3504, 3159, 3503, 'Бабаево'),
(3505, 3159, 3503, 'Белозерск'),
(3506, 3159, 3503, 'Великий Устюг'),
(3507, 3159, 3503, 'Верховажье'),
(3508, 3159, 3503, 'Вожега'),
(3509, 3159, 3503, 'Вологда'),
(3510, 3159, 3503, 'Вохтога'),
(3511, 3159, 3503, 'Вытегра'),
(3512, 3159, 3503, 'Грязовец'),
(3513, 3159, 3503, 'Кадников'),
(3514, 3159, 3503, 'Кадуй'),
(3515, 3159, 3503, 'Кичменгский Городок'),
(3516, 3159, 3503, 'Липин Бор'),
(3517, 3159, 3503, 'Никольск'),
(3518, 3159, 3503, 'Нюксеница'),
(3519, 3159, 3503, 'Сокол'),
(3520, 3159, 3503, 'Сямжа'),
(3521, 3159, 3503, 'Тарногский Городок'),
(3522, 3159, 3503, 'Тотьма'),
(3523, 3159, 3503, 'Устюжна'),
(3524, 3159, 3503, 'Харовск'),
(3525, 3159, 3503, 'Чагода'),
(3526, 3159, 3503, 'Череповец'),
(3527, 3159, 3503, 'Шексна'),
(3528, 3159, 3503, 'Шуйское'),
(3530, 3159, 3529, 'Анна'),
(3531, 3159, 3529, 'Бобров'),
(3532, 3159, 3529, 'Богучар'),
(3533, 3159, 3529, 'Борисоглебск'),
(3534, 3159, 3529, 'Бутурлиновка'),
(3535, 3159, 3529, 'Верхний Мамон'),
(3536, 3159, 3529, 'Верхняя Хава'),
(3537, 3159, 3529, 'Воробьевка'),
(3538, 3159, 3529, 'Воронеж'),
(3539, 3159, 3529, 'Лиски'),
(3540, 3159, 3529, 'Грибановский'),
(3541, 3159, 3529, 'Давыдовка'),
(3542, 3159, 3529, 'Елань-Коленовский'),
(3543, 3159, 3529, 'Калач'),
(3544, 3159, 3529, 'Кантемировка'),
(3545, 3159, 3529, 'Нижнедевицк'),
(3546, 3159, 3529, 'Новая Усмань'),
(3547, 3159, 3529, 'Новохоперск'),
(3548, 3159, 3529, 'Ольховатка'),
(3549, 3159, 3529, 'Острогожск'),
(3550, 3159, 3529, 'Павловск'),
(3551, 3159, 3529, 'Панино'),
(3552, 3159, 3529, 'Петропавловка'),
(3553, 3159, 3529, 'Поворино'),
(3554, 3159, 3529, 'Подгоренский'),
(3555, 3159, 3529, 'Рамонь'),
(3556, 3159, 3529, 'Репьевка'),
(3557, 3159, 3529, 'Россошь'),
(3558, 3159, 3529, 'Семилуки'),
(3559, 3159, 3529, 'Таловая'),
(3560, 3159, 3529, 'Терновка'),
(3561, 3159, 3529, 'Хохольский'),
(3562, 3159, 3529, 'Эртиль'),
(3564, 3159, 3563, 'Ардатов'),
(3565, 3159, 3563, 'Арзамас'),
(3566, 3159, 3563, 'Арья'),
(3567, 3159, 3563, 'Балахна'),
(3568, 3159, 3563, 'Богородск'),
(3569, 3159, 3563, 'Большереченск'),
(3570, 3159, 3563, 'Большое Болдино'),
(3571, 3159, 3563, 'Большое Козино'),
(3572, 3159, 3563, 'Большое Мурашкино'),
(3573, 3159, 3563, 'Большое Пикино'),
(3574, 3159, 3563, 'Бор'),
(3575, 3159, 3563, 'Бутурлино'),
(3576, 3159, 3563, 'Вад'),
(3577, 3159, 3563, 'Варнавино'),
(3578, 3159, 3563, 'Васильсурск'),
(3579, 3159, 3563, 'Вахтан'),
(3580, 3159, 3563, 'Вача'),
(3581, 3159, 3563, 'Велетьма'),
(3582, 3159, 3563, 'Ветлуга'),
(3583, 3159, 3563, 'Виля'),
(3584, 3159, 3563, 'Вознесенское'),
(3585, 3159, 3563, 'Володарск'),
(3586, 3159, 3563, 'Воротынец'),
(3587, 3159, 3563, 'Ворсма'),
(3588, 3159, 3563, 'Воскресенское'),
(3589, 3159, 3563, 'Выездное'),
(3590, 3159, 3563, 'Выкса'),
(3591, 3159, 3563, 'Гагино'),
(3592, 3159, 3563, 'Гидроторф'),
(3593, 3159, 3563, 'Горбатов'),
(3594, 3159, 3563, 'Горбатовка'),
(3595, 3159, 3563, 'Городец'),
(3596, 3159, 3563, 'Горький'),
(3597, 3159, 3563, 'Дальнее Константиново'),
(3598, 3159, 3563, 'Дзержинск'),
(3599, 3159, 3563, 'Дивеево'),
(3600, 3159, 3563, 'Досчатое'),
(3601, 3159, 3563, 'Заволжье'),
(3602, 3159, 3563, 'Катунки'),
(3603, 3159, 3563, 'Керженец'),
(3604, 3159, 3563, 'Княгинино'),
(3605, 3159, 3563, 'Ковернино'),
(3606, 3159, 3563, 'Красные Баки'),
(3607, 3159, 3563, 'Кстово'),
(3608, 3159, 3563, 'Кулебаки'),
(3609, 3159, 3563, 'Лукоянов'),
(3610, 3159, 3563, 'Лысково'),
(3611, 3159, 3563, 'Навашино'),
(3612, 3159, 3563, 'Нижний Новгород'),
(3613, 3159, 3563, 'Павлово'),
(3614, 3159, 3563, 'Первомайск'),
(3615, 3159, 3563, 'Перевоз'),
(3616, 3159, 3563, 'Пильна'),
(3617, 3159, 3563, 'Починки'),
(3618, 3159, 3563, 'Сергач'),
(3619, 3159, 3563, 'Сеченово'),
(3620, 3159, 3563, 'Сосновское'),
(3621, 3159, 3563, 'Спасское'),
(3622, 3159, 3563, 'Тонкино'),
(3623, 3159, 3563, 'Тоншаево'),
(3624, 3159, 3563, 'Уразовка'),
(3625, 3159, 3563, 'Урень'),
(3626, 3159, 3563, 'Чкаловск'),
(3627, 3159, 3563, 'Шаранга'),
(3628, 3159, 3563, 'Шатки'),
(3629, 3159, 3563, 'Шахунья'),
(3631, 3159, 3630, 'Агвали'),
(3632, 3159, 3630, 'Акуша'),
(3633, 3159, 3630, 'Ахты'),
(3634, 3159, 3630, 'Ачису'),
(3635, 3159, 3630, 'Бабаюрт'),
(3636, 3159, 3630, 'Бежта'),
(3637, 3159, 3630, 'Ботлих'),
(3638, 3159, 3630, 'Буйнакск'),
(3639, 3159, 3630, 'Вачи'),
(3640, 3159, 3630, 'Гергебиль'),
(3641, 3159, 3630, 'Гуниб'),
(3642, 3159, 3630, 'Дагестанские Огни'),
(3643, 3159, 3630, 'Дербент'),
(3644, 3159, 3630, 'Дылым'),
(3645, 3159, 3630, 'Ершовка'),
(3646, 3159, 3630, 'Избербаш'),
(3647, 3159, 3630, 'Карабудахкент'),
(3648, 3159, 3630, 'Карата'),
(3649, 3159, 3630, 'Каспийск'),
(3650, 3159, 3630, 'Касумкент'),
(3651, 3159, 3630, 'Кизилюрт'),
(3652, 3159, 3630, 'Кизляр'),
(3653, 3159, 3630, 'Кочубей'),
(3654, 3159, 3630, 'Кумух'),
(3655, 3159, 3630, 'Курах'),
(3656, 3159, 3630, 'Магарамкент'),
(3657, 3159, 3630, 'Маджалис'),
(3658, 3159, 3630, 'Махачкала'),
(3659, 3159, 3630, 'Мехельта'),
(3660, 3159, 3630, 'Новолакское'),
(3661, 3159, 3630, 'Рутул'),
(3662, 3159, 3630, 'Советское'),
(3663, 3159, 3630, 'Тарумовка'),
(3664, 3159, 3630, 'Терекли-Мектеб'),
(3665, 3159, 3630, 'Тлярата'),
(3666, 3159, 3630, 'Тпиг'),
(3667, 3159, 3630, 'Уркарах'),
(3668, 3159, 3630, 'Хасавюрт'),
(3669, 3159, 3630, 'Хив'),
(3670, 3159, 3630, 'Хунзах'),
(3671, 3159, 3630, 'Цуриб'),
(3672, 3159, 3630, 'Южно-Сухокумск'),
(3674, 3159, 3673, 'Биробиджан'),
(3676, 3159, 3675, 'Архиповка'),
(3677, 3159, 3675, 'Верхний Ландех'),
(3678, 3159, 3675, 'Вичуга'),
(3679, 3159, 3675, 'Гаврилов Посад'),
(3680, 3159, 3675, 'Долматовский'),
(3681, 3159, 3675, 'Дуляпино'),
(3682, 3159, 3675, 'Заволжск'),
(3683, 3159, 3675, 'Заречный'),
(3684, 3159, 3675, 'Иваново'),
(3685, 3159, 3675, 'Иваньковский'),
(3686, 3159, 3675, 'Ильинское-Хованское'),
(3687, 3159, 3675, 'Каминский'),
(3688, 3159, 3675, 'Кинешма'),
(3689, 3159, 3675, 'Комсомольск'),
(3690, 3159, 3675, 'Лух'),
(3691, 3159, 3675, 'Палех'),
(3692, 3159, 3675, 'Пестяки'),
(3693, 3159, 3675, 'Приволжск'),
(3694, 3159, 3675, 'Пучеж'),
(3695, 3159, 3675, 'Родники'),
(3696, 3159, 3675, 'Савино'),
(3697, 3159, 3675, 'Сокольское'),
(3698, 3159, 3675, 'Тейково'),
(3699, 3159, 3675, 'Фурманов'),
(3700, 3159, 3675, 'Шуя'),
(3701, 3159, 3675, 'Южа'),
(3702, 3159, 3675, 'Юрьевец'),
(3704, 3159, 3703, 'Алексеевск'),
(3705, 3159, 3703, 'Алзамай'),
(3706, 3159, 3703, 'Алыгжер'),
(3707, 3159, 3703, 'Ангарск'),
(3708, 3159, 3703, 'Артемовский'),
(3709, 3159, 3703, 'Атагай'),
(3710, 3159, 3703, 'Байкал'),
(3711, 3159, 3703, 'Байкальск'),
(3712, 3159, 3703, 'Балаганск'),
(3713, 3159, 3703, 'Баяндай'),
(3714, 3159, 3703, 'Бирюсинск'),
(3715, 3159, 3703, 'Бодайбо'),
(3716, 3159, 3703, 'Большая Речка'),
(3717, 3159, 3703, 'Большой Луг'),
(3718, 3159, 3703, 'Бохан'),
(3719, 3159, 3703, 'Братск'),
(3720, 3159, 3703, 'Видим'),
(3721, 3159, 3703, 'Витимский'),
(3722, 3159, 3703, 'Вихоревка'),
(3723, 3159, 3703, 'Еланцы'),
(3724, 3159, 3703, 'Ербогачен'),
(3725, 3159, 3703, 'Железногорск-Илимский'),
(3726, 3159, 3703, 'Жигалово'),
(3727, 3159, 3703, 'Забитуй'),
(3728, 3159, 3703, 'Залари'),
(3729, 3159, 3703, 'Звездный'),
(3730, 3159, 3703, 'Зима'),
(3731, 3159, 3703, 'Иркутск'),
(3732, 3159, 3703, 'Казачинское'),
(3733, 3159, 3703, 'Качуг'),
(3734, 3159, 3703, 'Квиток'),
(3735, 3159, 3703, 'Киренск'),
(3736, 3159, 3703, 'Куйтун'),
(3737, 3159, 3703, 'Кутулик'),
(3738, 3159, 3703, 'Мама'),
(3739, 3159, 3703, 'Нижнеудинск'),
(3740, 3159, 3703, 'Оса'),
(3741, 3159, 3703, 'Слюдянка'),
(3742, 3159, 3703, 'Тайшет'),
(3743, 3159, 3703, 'Тулун'),
(3744, 3159, 3703, 'Усолье-Сибирское'),
(3745, 3159, 3703, 'Усть-Илимск'),
(3746, 3159, 3703, 'Усть-Кут'),
(3747, 3159, 3703, 'Усть-Ордынский'),
(3748, 3159, 3703, 'Усть-Уда'),
(3749, 3159, 3703, 'Черемхово'),
(3750, 3159, 3703, 'Шелехов'),
(3752, 3159, 3751, 'Баксан'),
(3753, 3159, 3751, 'Майский'),
(3754, 3159, 3751, 'Нальчик'),
(3755, 3159, 3751, 'Нарткала'),
(3756, 3159, 3751, 'Прохладный'),
(3757, 3159, 3751, 'Советское'),
(3758, 3159, 3751, 'Терек'),
(3759, 3159, 3751, 'Тырныауз'),
(3760, 3159, 3751, 'Чегем-Первый'),
(3762, 3159, 3761, 'Багратионовск'),
(3763, 3159, 3761, 'Балтийск'),
(3764, 3159, 3761, 'Гвардейск'),
(3765, 3159, 3761, 'Гурьевск'),
(3766, 3159, 3761, 'Гусев'),
(3767, 3159, 3761, 'Железнодорожный'),
(3768, 3159, 3761, 'Зеленоградск'),
(3769, 3159, 3761, 'Знаменск'),
(3770, 3159, 3761, 'Калининград'),
(3771, 3159, 3761, 'Кенисберг'),
(3772, 3159, 3761, 'Краснознаменск'),
(3773, 3159, 3761, 'Мамоново'),
(3774, 3159, 3761, 'Неман'),
(3775, 3159, 3761, 'Нестеров'),
(3776, 3159, 3761, 'Озерск'),
(3777, 3159, 3761, 'Полесск'),
(3778, 3159, 3761, 'Правдинск'),
(3779, 3159, 3761, 'Светлогорск'),
(3780, 3159, 3761, 'Светлый'),
(3781, 3159, 3761, 'Славск'),
(3782, 3159, 3761, 'Советск'),
(3783, 3159, 3761, 'Черняховск'),
(3785, 3159, 3784, 'Андреаполь'),
(3786, 3159, 3784, 'Бежецк'),
(3787, 3159, 3784, 'Белый'),
(3788, 3159, 3784, 'Белый Городок'),
(3789, 3159, 3784, 'Березайка'),
(3790, 3159, 3784, 'Бологое'),
(3791, 3159, 3784, 'Васильевский Мох'),
(3792, 3159, 3784, 'Выползово'),
(3793, 3159, 3784, 'Вышний Волочек'),
(3794, 3159, 3784, 'Жарковский'),
(3795, 3159, 3784, 'Западная Двина'),
(3796, 3159, 3784, 'Заречье'),
(3797, 3159, 3784, 'Зубцов'),
(3798, 3159, 3784, 'Изоплит'),
(3799, 3159, 3784, 'Калашниково'),
(3800, 3159, 3784, 'Калинин'),
(3801, 3159, 3784, 'Калязин'),
(3802, 3159, 3784, 'Кашин'),
(3803, 3159, 3784, 'Кесова Гора'),
(3804, 3159, 3784, 'Кимры'),
(3805, 3159, 3784, 'Конаково'),
(3806, 3159, 3784, 'Красный Холм'),
(3807, 3159, 3784, 'Кувшиново'),
(3808, 3159, 3784, 'Лесное'),
(3809, 3159, 3784, 'Лихославль'),
(3810, 3159, 3784, 'Максатиха'),
(3811, 3159, 3784, 'Молоково'),
(3812, 3159, 3784, 'Нелидово'),
(3813, 3159, 3784, 'Оленино'),
(3814, 3159, 3784, 'Осташков'),
(3815, 3159, 3784, 'Пено'),
(3816, 3159, 3784, 'Рамешки'),
(3817, 3159, 3784, 'Ржев'),
(3818, 3159, 3784, 'Сандово'),
(3819, 3159, 3784, 'Селижарово'),
(3820, 3159, 3784, 'Сонково'),
(3821, 3159, 3784, 'Спирово'),
(3822, 3159, 3784, 'Старица'),
(3823, 3159, 3784, 'Тверь'),
(3824, 3159, 3784, 'Торжок'),
(3825, 3159, 3784, 'Торопец'),
(3826, 3159, 3784, 'Фирово'),
(3828, 3159, 3827, 'Аршань'),
(3829, 3159, 3827, 'Каспийский'),
(3830, 3159, 3827, 'Комсомольский'),
(3831, 3159, 3827, 'Малые Дербеты'),
(3832, 3159, 3827, 'Приютное'),
(3833, 3159, 3827, 'Советское'),
(3834, 3159, 3827, 'Троицкое'),
(3835, 3159, 3827, 'Утта'),
(3836, 3159, 3827, 'Цаган-Аман'),
(3837, 3159, 3827, 'Элиста'),
(3838, 3159, 3827, 'Юста'),
(3839, 3159, 3827, 'Яшалта'),
(3840, 3159, 3827, 'Яшкуль'),
(3842, 3159, 3841, 'Бабынино'),
(3843, 3159, 3841, 'Балабаново'),
(3844, 3159, 3841, 'Барятино'),
(3845, 3159, 3841, 'Белоусово'),
(3846, 3159, 3841, 'Бетлица'),
(3847, 3159, 3841, 'Боровск'),
(3848, 3159, 3841, 'Дугна'),
(3849, 3159, 3841, 'Дудоровский'),
(3850, 3159, 3841, 'Думиничи'),
(3851, 3159, 3841, 'Еленский'),
(3852, 3159, 3841, 'Жиздра'),
(3853, 3159, 3841, 'Износки'),
(3854, 3159, 3841, 'Калуга'),
(3855, 3159, 3841, 'Киров'),
(3856, 3159, 3841, 'Козельск'),
(3857, 3159, 3841, 'Кондрово'),
(3858, 3159, 3841, 'Людиново'),
(3859, 3159, 3841, 'Малоярославец'),
(3860, 3159, 3841, 'Медынь'),
(3861, 3159, 3841, 'Мещовск'),
(3862, 3159, 3841, 'Мосальск'),
(3863, 3159, 3841, 'Обнинск'),
(3864, 3159, 3841, 'Перемышль'),
(3865, 3159, 3841, 'Спас-Деменск'),
(3866, 3159, 3841, 'Сухиничи'),
(3867, 3159, 3841, 'Таруса'),
(3868, 3159, 3841, 'Ульяново'),
(3869, 3159, 3841, 'Ферзиково'),
(3870, 3159, 3841, 'Хвастовичи'),
(3871, 3159, 3841, 'Юхнов'),
(3873, 3159, 3872, 'Атласово'),
(3874, 3159, 3872, 'Аянка'),
(3875, 3159, 3872, 'Большерецк'),
(3876, 3159, 3872, 'Ильпырский'),
(3877, 3159, 3872, 'Каменское'),
(3878, 3159, 3872, 'Кировский'),
(3879, 3159, 3872, 'Ключи'),
(3880, 3159, 3872, 'Крапивная'),
(3881, 3159, 3872, 'Мильково'),
(3882, 3159, 3872, 'Никольское'),
(3883, 3159, 3872, 'Оссора'),
(3884, 3159, 3872, 'Палана'),
(3885, 3159, 3872, 'Парень'),
(3886, 3159, 3872, 'Пахачи'),
(3887, 3159, 3872, 'Петропавловск-Камчатский'),
(3888, 3159, 3872, 'Тигиль'),
(3889, 3159, 3872, 'Тиличики'),
(3890, 3159, 3872, 'Усть-Большерецк'),
(3891, 3159, 3872, 'Усть-Камчатск'),
(3893, 3159, 3892, 'Амбарный'),
(3894, 3159, 3892, 'Беломорск'),
(3895, 3159, 3892, 'Валаам'),
(3896, 3159, 3892, 'Вирандозеро'),
(3897, 3159, 3892, 'Гирвас'),
(3898, 3159, 3892, 'Деревянка'),
(3899, 3159, 3892, 'Идель'),
(3900, 3159, 3892, 'Ильинский'),
(3901, 3159, 3892, 'Импалахти'),
(3902, 3159, 3892, 'Калевала'),
(3903, 3159, 3892, 'Кемь'),
(3904, 3159, 3892, 'Кестеньга'),
(3905, 3159, 3892, 'Кондопога'),
(3906, 3159, 3892, 'Костомукша'),
(3907, 3159, 3892, 'Лахденпохья'),
(3908, 3159, 3892, 'Лоухи'),
(3909, 3159, 3892, 'Медвежьегорск'),
(3910, 3159, 3892, 'Муезерский'),
(3911, 3159, 3892, 'Олонец'),
(3912, 3159, 3892, 'Петрозаводск'),
(3913, 3159, 3892, 'Питкяранта'),
(3914, 3159, 3892, 'Повенец'),
(3915, 3159, 3892, 'Пряжа'),
(3916, 3159, 3892, 'Пудож'),
(3917, 3159, 3892, 'Сегежа'),
(3918, 3159, 3892, 'Сортавала'),
(3919, 3159, 3892, 'Софпорог'),
(3920, 3159, 3892, 'Суоярви'),
(3922, 3159, 3921, 'Анжеро-Судженск'),
(3923, 3159, 3921, 'Барзас'),
(3924, 3159, 3921, 'Белово'),
(3925, 3159, 3921, 'Белогорск'),
(3926, 3159, 3921, 'Березовский'),
(3927, 3159, 3921, 'Грамотеино'),
(3928, 3159, 3921, 'Гурьевск'),
(3929, 3159, 3921, 'Ижморский'),
(3930, 3159, 3921, 'Итатский'),
(3931, 3159, 3921, 'Калтан'),
(3932, 3159, 3921, 'Кедровка'),
(3933, 3159, 3921, 'Кемерово'),
(3934, 3159, 3921, 'Киселевск'),
(3935, 3159, 3921, 'Крапивинский'),
(3936, 3159, 3921, 'Ленинск-Кузнецкий'),
(3937, 3159, 3921, 'Мариинск'),
(3938, 3159, 3921, 'Междуреченск'),
(3939, 3159, 3921, 'Мыски'),
(3940, 3159, 3921, 'Новокузнецк'),
(3941, 3159, 3921, 'Осинники'),
(3942, 3159, 3921, 'Прокопьевск'),
(3943, 3159, 3921, 'Промышленная'),
(3944, 3159, 3921, 'Тайга'),
(3945, 3159, 3921, 'Таштагол'),
(3946, 3159, 3921, 'Тисуль'),
(3947, 3159, 3921, 'Топки'),
(3948, 3159, 3921, 'Тяжинский'),
(3949, 3159, 3921, 'Юрга'),
(3950, 3159, 3921, 'Яшкино'),
(3951, 3159, 3921, 'Яя'),
(3953, 3159, 3952, 'Арбаж'),
(3954, 3159, 3952, 'Аркуль'),
(3955, 3159, 3952, 'Белая Холуница'),
(3956, 3159, 3952, 'Богородское'),
(3957, 3159, 3952, 'Боровой'),
(3958, 3159, 3952, 'Верхошижемье'),
(3959, 3159, 3952, 'Зуевка'),
(3960, 3159, 3952, 'Каринторф'),
(3961, 3159, 3952, 'Кикнур'),
(3962, 3159, 3952, 'Кильмезь'),
(3963, 3159, 3952, 'Киров'),
(3964, 3159, 3952, 'Кирово-Чепецк'),
(3965, 3159, 3952, 'Кирс'),
(3966, 3159, 3952, 'Кобра'),
(3967, 3159, 3952, 'Котельнич'),
(3968, 3159, 3952, 'Кумены'),
(3969, 3159, 3952, 'Ленинское'),
(3970, 3159, 3952, 'Луза'),
(3971, 3159, 3952, 'Малмыж'),
(3972, 3159, 3952, 'Мураши'),
(3973, 3159, 3952, 'Нагорск'),
(3974, 3159, 3952, 'Нема'),
(3975, 3159, 3952, 'Нововятск'),
(3976, 3159, 3952, 'Нолинск'),
(3977, 3159, 3952, 'Омутнинск'),
(3978, 3159, 3952, 'Опарино'),
(3979, 3159, 3952, 'Оричи'),
(3980, 3159, 3952, 'Пижанка'),
(3981, 3159, 3952, 'Подосиновец'),
(3982, 3159, 3952, 'Санчурск'),
(3983, 3159, 3952, 'Свеча'),
(3984, 3159, 3952, 'Слободской'),
(3985, 3159, 3952, 'Советск'),
(3986, 3159, 3952, 'Суна'),
(3987, 3159, 3952, 'Тужа'),
(3988, 3159, 3952, 'Уни'),
(3989, 3159, 3952, 'Уржум'),
(3990, 3159, 3952, 'Фаленки'),
(3991, 3159, 3952, 'Халтурин'),
(3992, 3159, 3952, 'Юрья'),
(3993, 3159, 3952, 'Яранск'),
(3995, 3159, 3994, 'Абезь'),
(3996, 3159, 3994, 'Айкино'),
(3997, 3159, 3994, 'Верхняя Инта'),
(3998, 3159, 3994, 'Визинга'),
(3999, 3159, 3994, 'Водный'),
(4000, 3159, 3994, 'Вожаель'),
(4001, 3159, 3994, 'Воркута'),
(4002, 3159, 3994, 'Вуктыл'),
(4003, 3159, 3994, 'Гешарт'),
(4004, 3159, 3994, 'Елецкий'),
(4005, 3159, 3994, 'Емва'),
(4006, 3159, 3994, 'Заполярный'),
(4007, 3159, 3994, 'Ижма'),
(4008, 3159, 3994, 'Инта'),
(4009, 3159, 3994, 'Ираель'),
(4010, 3159, 3994, 'Каджером'),
(4011, 3159, 3994, 'Кажым'),
(4012, 3159, 3994, 'Кожым'),
(4013, 3159, 3994, 'Койгородок'),
(4014, 3159, 3994, 'Корткерос'),
(4015, 3159, 3994, 'Кослан'),
(4016, 3159, 3994, 'Объячево'),
(4017, 3159, 3994, 'Печора'),
(4018, 3159, 3994, 'Сосногорск'),
(4019, 3159, 3994, 'Сыктывкар'),
(4020, 3159, 3994, 'Троицко-Печерск'),
(4021, 3159, 3994, 'Усинск'),
(4022, 3159, 3994, 'Усогорск'),
(4023, 3159, 3994, 'Усть-Кулом'),
(4024, 3159, 3994, 'Усть-Цильма'),
(4025, 3159, 3994, 'Ухта'),
(4027, 3159, 4026, 'Антропово'),
(4028, 3159, 4026, 'Боговарово'),
(4029, 3159, 4026, 'Буй'),
(4030, 3159, 4026, 'Волгореченск'),
(4031, 3159, 4026, 'Галич'),
(4032, 3159, 4026, 'Горчуха'),
(4033, 3159, 4026, 'Зебляки'),
(4034, 3159, 4026, 'Кадый'),
(4035, 3159, 4026, 'Кологрив'),
(4036, 3159, 4026, 'Кострома'),
(4037, 3159, 4026, 'Красное-на-Волге'),
(4038, 3159, 4026, 'Макарьев'),
(4039, 3159, 4026, 'Мантурово'),
(4040, 3159, 4026, 'Нерехта'),
(4041, 3159, 4026, 'Нея'),
(4042, 3159, 4026, 'Островское'),
(4043, 3159, 4026, 'Павино'),
(4044, 3159, 4026, 'Парфентьево'),
(4045, 3159, 4026, 'Поназырево'),
(4046, 3159, 4026, 'Солигалич'),
(4047, 3159, 4026, 'Судиславль'),
(4048, 3159, 4026, 'Сусанино'),
(4049, 3159, 4026, 'Чухлома'),
(4050, 3159, 4026, 'Шарья'),
(4051, 3159, 4026, 'Шемятино'),
(4053, 3159, 4052, 'Абинск'),
(4054, 3159, 4052, 'Абрау-Дюрсо'),
(4055, 3159, 4052, 'Анапа'),
(4056, 3159, 4052, 'Апшеронск'),
(4057, 3159, 4052, 'Армавир'),
(4058, 3159, 4052, 'Архипо-Осиповка'),
(4059, 3159, 4052, 'Афипский'),
(4060, 3159, 4052, 'Ахтырский'),
(4061, 3159, 4052, 'Ачуево'),
(4062, 3159, 4052, 'Белореченск'),
(4063, 3159, 4052, 'Верхнебаканский'),
(4064, 3159, 4052, 'Выселки'),
(4065, 3159, 4052, 'Геленджик'),
(4066, 3159, 4052, 'Гиагинская'),
(4067, 3159, 4052, 'Горячий Ключ'),
(4068, 3159, 4052, 'Джубга'),
(4069, 3159, 4052, 'Динская'),
(4070, 3159, 4052, 'Ейск'),
(4071, 3159, 4052, 'Ильский'),
(4072, 3159, 4052, 'Кабардинка'),
(4073, 3159, 4052, 'Калинино'),
(4074, 3159, 4052, 'Калининская'),
(4075, 3159, 4052, 'Каменномостский'),
(4076, 3159, 4052, 'Каневская'),
(4077, 3159, 4052, 'Кореновск'),
(4078, 3159, 4052, 'Красноармейская'),
(4079, 3159, 4052, 'Краснодар'),
(4080, 3159, 4052, 'Кропоткин'),
(4081, 3159, 4052, 'Крыловская'),
(4082, 3159, 4052, 'Крымск'),
(4083, 3159, 4052, 'Кущевская'),
(4084, 3159, 4052, 'Лабинск'),
(4085, 3159, 4052, 'Лениградская'),
(4086, 3159, 4052, 'Майкоп'),
(4087, 3159, 4052, 'Мостовской'),
(4088, 3159, 4052, 'Новороссийск'),
(4089, 3159, 4052, 'Отрадная'),
(4090, 3159, 4052, 'Павловская'),
(4091, 3159, 4052, 'Приморско-Ахтарск'),
(4092, 3159, 4052, 'Северская'),
(4093, 3159, 4052, 'Славянск-на-Кубани'),
(4094, 3159, 4052, 'Сочи'),
(4095, 3159, 4052, 'Староминская'),
(4096, 3159, 4052, 'Старощербиновская'),
(4097, 3159, 4052, 'Тбилисская'),
(4098, 3159, 4052, 'Темрюк'),
(4099, 3159, 4052, 'Тимашевск'),
(4100, 3159, 4052, 'Тихорецк'),
(4101, 3159, 4052, 'Туапсе'),
(4102, 3159, 4052, 'Тульский'),
(4103, 3159, 4052, 'Усть-Лабинск'),
(4104, 3159, 4052, 'Шовгеновский'),
(4106, 3159, 4105, 'Абаза'),
(4107, 3159, 4105, 'Абакан'),
(4108, 3159, 4105, 'Абан'),
(4109, 3159, 4105, 'Агинское'),
(4110, 3159, 4105, 'Артемовск'),
(4111, 3159, 4105, 'Аскиз'),
(4112, 3159, 4105, 'Ачинск'),
(4113, 3159, 4105, 'Байкит'),
(4114, 3159, 4105, 'Балахта'),
(4115, 3159, 4105, 'Балыкса'),
(4116, 3159, 4105, 'Белый Яр'),
(4117, 3159, 4105, 'Бельтырский'),
(4118, 3159, 4105, 'Бея'),
(4119, 3159, 4105, 'Бискамжа'),
(4120, 3159, 4105, 'Боготол'),
(4121, 3159, 4105, 'Боград'),
(4122, 3159, 4105, 'Богучаны'),
(4123, 3159, 4105, 'Большая Мурта'),
(4124, 3159, 4105, 'Большой Улуй'),
(4125, 3159, 4105, 'Бородино'),
(4126, 3159, 4105, 'Ванавара'),
(4127, 3159, 4105, 'Верхнеимбатск'),
(4128, 3159, 4105, 'Горячегорск'),
(4129, 3159, 4105, 'Дзержинское'),
(4130, 3159, 4105, 'Дивногорск'),
(4131, 3159, 4105, 'Диксон'),
(4132, 3159, 4105, 'Дудинка'),
(4133, 3159, 4105, 'Емельяново'),
(4134, 3159, 4105, 'Енисейск'),
(4135, 3159, 4105, 'Ермаковское'),
(4136, 3159, 4105, 'Заозерный'),
(4137, 3159, 4105, 'Игарка'),
(4138, 3159, 4105, 'Идринское'),
(4139, 3159, 4105, 'Иланский'),
(4140, 3159, 4105, 'Ирбейское'),
(4141, 3159, 4105, 'Казачинское'),
(4142, 3159, 4105, 'Канск'),
(4143, 3159, 4105, 'Каратузское'),
(4144, 3159, 4105, 'Караул'),
(4145, 3159, 4105, 'Кежма'),
(4146, 3159, 4105, 'Козулька'),
(4147, 3159, 4105, 'Копьево'),
(4148, 3159, 4105, 'Краснотуранск'),
(4149, 3159, 4105, 'Красноярск'),
(4150, 3159, 4105, 'Курагино'),
(4151, 3159, 4105, 'Лесосибирск'),
(4152, 3159, 4105, 'Минусинск'),
(4153, 3159, 4105, 'Мотыгино'),
(4154, 3159, 4105, 'Назарово'),
(4155, 3159, 4105, 'Нижний Ингаш'),
(4156, 3159, 4105, 'Новоселово'),
(4157, 3159, 4105, 'Норильск'),
(4158, 3159, 4105, 'Партизанское'),
(4159, 3159, 4105, 'Пировское'),
(4160, 3159, 4105, 'Саяногорск'),
(4161, 3159, 4105, 'Северо-Енисейский'),
(4162, 3159, 4105, 'Тасеево'),
(4163, 3159, 4105, 'Таштып'),
(4164, 3159, 4105, 'Тура'),
(4165, 3159, 4105, 'Туруханск'),
(4166, 3159, 4105, 'Тюхтет'),
(4167, 3159, 4105, 'Ужур'),
(4168, 3159, 4105, 'Усть-Авам'),
(4169, 3159, 4105, 'Уяр'),
(4170, 3159, 4105, 'Хатанга'),
(4171, 3159, 4105, 'Черемушки'),
(4172, 3159, 4105, 'Черногорск'),
(4173, 3159, 4105, 'Шалинское'),
(4174, 3159, 4105, 'Шира'),
(4175, 3159, 4105, 'Шушенское'),
(4177, 3159, 4176, 'Варгаши'),
(4178, 3159, 4176, 'Глядянское'),
(4179, 3159, 4176, 'Далматово'),
(4180, 3159, 4176, 'Каргаполье'),
(4181, 3159, 4176, 'Катайск'),
(4182, 3159, 4176, 'Кетово'),
(4183, 3159, 4176, 'Курган'),
(4184, 3159, 4176, 'Куртамыш'),
(4185, 3159, 4176, 'Лебяжье'),
(4186, 3159, 4176, 'Макушино'),
(4187, 3159, 4176, 'Мишкино'),
(4188, 3159, 4176, 'Мокроусово'),
(4189, 3159, 4176, 'Петухово'),
(4190, 3159, 4176, 'Половинное'),
(4191, 3159, 4176, 'Сафакулево'),
(4192, 3159, 4176, 'Целинное'),
(4193, 3159, 4176, 'Шадринск'),
(4194, 3159, 4176, 'Шатрово'),
(4195, 3159, 4176, 'Шумиха'),
(4196, 3159, 4176, 'Щучье'),
(4197, 3159, 4176, 'Юргамыш'),
(4199, 3159, 4198, 'Альменево'),
(4200, 3159, 4198, 'Белая'),
(4201, 3159, 4198, 'Большое Солдатское'),
(4202, 3159, 4198, 'Глушково'),
(4203, 3159, 4198, 'Горшечное'),
(4204, 3159, 4198, 'Дмитриев-Льговский'),
(4205, 3159, 4198, 'Железногорск'),
(4206, 3159, 4198, 'Золотухино'),
(4207, 3159, 4198, 'Касторное'),
(4208, 3159, 4198, 'Конышевка'),
(4209, 3159, 4198, 'Коренево'),
(4210, 3159, 4198, 'Курск'),
(4211, 3159, 4198, 'Курчатов'),
(4212, 3159, 4198, 'Кшенский'),
(4213, 3159, 4198, 'Льгов'),
(4214, 3159, 4198, 'Мантурово'),
(4215, 3159, 4198, 'Медвенка'),
(4216, 3159, 4198, 'Обоянь'),
(4217, 3159, 4198, 'Поныри'),
(4218, 3159, 4198, 'Пристень'),
(4219, 3159, 4198, 'Прямицыно'),
(4220, 3159, 4198, 'Рыльск'),
(4221, 3159, 4198, 'Суджа'),
(4222, 3159, 4198, 'Тим'),
(4223, 3159, 4198, 'Фатеж'),
(4224, 3159, 4198, 'Хомутовка'),
(4225, 3159, 4198, 'Черемисиново'),
(4226, 3159, 4198, 'Щигры'),
(4228, 3159, 4227, 'Грязи'),
(4229, 3159, 4227, 'Данхов'),
(4230, 3159, 4227, 'Доброе'),
(4231, 3159, 4227, 'Долгоруково'),
(4232, 3159, 4227, 'Елец'),
(4233, 3159, 4227, 'Задонск'),
(4234, 3159, 4227, 'Измалково'),
(4235, 3159, 4227, 'Казинка'),
(4236, 3159, 4227, 'Лебедянь'),
(4237, 3159, 4227, 'Лев Толстой'),
(4238, 3159, 4227, 'Липецк'),
(4239, 3159, 4227, 'Тербуны'),
(4240, 3159, 4227, 'Усмань'),
(4241, 3159, 4227, 'Хлевное'),
(4242, 3159, 4227, 'Чаплыгин'),
(4244, 3159, 4243, 'Анадырь'),
(4245, 3159, 4243, 'Атка'),
(4246, 3159, 4243, 'Балыгычан'),
(4247, 3159, 4243, 'Беринговский'),
(4248, 3159, 4243, 'Билибино'),
(4249, 3159, 4243, 'Большевик'),
(4250, 3159, 4243, 'Ванкарем'),
(4251, 3159, 4243, 'Иульитин'),
(4252, 3159, 4243, 'Кадыкчан'),
(4253, 3159, 4243, 'Лаврентия'),
(4254, 3159, 4243, 'Магадан'),
(4255, 3159, 4243, 'Мыс Шмидта'),
(4256, 3159, 4243, 'Ола'),
(4257, 3159, 4243, 'Омонск'),
(4258, 3159, 4243, 'Омсукчан'),
(4259, 3159, 4243, 'Палатка'),
(4260, 3159, 4243, 'Певек'),
(4261, 3159, 4243, 'Провидения'),
(4262, 3159, 4243, 'Сеймчан'),
(4263, 3159, 4243, 'Синегорье'),
(4264, 3159, 4243, 'Сусуман'),
(4265, 3159, 4243, 'Усть-Белая'),
(4266, 3159, 4243, 'Усть-Омчуг'),
(4267, 3159, 4243, 'Эвенск'),
(4268, 3159, 4243, 'Эгвекинот'),
(4269, 3159, 4243, 'Ягодное'),
(4271, 3159, 4270, 'Волжск'),
(4272, 3159, 4270, 'Дубовский'),
(4273, 3159, 4270, 'Звенигово'),
(4274, 3159, 4270, 'Йошкар-Ола'),
(4275, 3159, 4270, 'Килемары'),
(4276, 3159, 4270, 'Козьмодемьянск'),
(4277, 3159, 4270, 'Куженер'),
(4278, 3159, 4270, 'Мари-Турек'),
(4279, 3159, 4270, 'Медведево'),
(4280, 3159, 4270, 'Морки'),
(4281, 3159, 4270, 'Новый Торьял'),
(4282, 3159, 4270, 'Оршанка'),
(4283, 3159, 4270, 'Параньга'),
(4284, 3159, 4270, 'Сернур'),
(4285, 3159, 4270, 'Советский'),
(4286, 3159, 4270, 'Юрино'),
(4288, 3159, 4287, 'Ардатов'),
(4289, 3159, 4287, 'Атюрьево'),
(4290, 3159, 4287, 'Атяшево'),
(4291, 3159, 4287, 'Большие Березники'),
(4292, 3159, 4287, 'Большое Игнатово'),
(4293, 3159, 4287, 'Выша'),
(4294, 3159, 4287, 'Ельники'),
(4295, 3159, 4287, 'Зубова Поляна'),
(4296, 3159, 4287, 'Инсар'),
(4297, 3159, 4287, 'Кадошкино'),
(4298, 3159, 4287, 'Кемля'),
(4299, 3159, 4287, 'Ковылкино'),
(4300, 3159, 4287, 'Комсомольский'),
(4301, 3159, 4287, 'Кочкурово'),
(4302, 3159, 4287, 'Краснослободск'),
(4303, 3159, 4287, 'Лямбирь'),
(4304, 3159, 4287, 'Ромоданово'),
(4305, 3159, 4287, 'Рузаевка'),
(4306, 3159, 4287, 'Саранск'),
(4307, 3159, 4287, 'Старое Шайгово'),
(4308, 3159, 4287, 'Темников'),
(4309, 3159, 4287, 'Теньгушево'),
(4310, 3159, 4287, 'Торбеево'),
(4311, 3159, 4287, 'Чамзинка'),
(4313, 3159, 4312, 'Абрамцево'),
(4314, 3159, 4312, 'Алабино'),
(4315, 3159, 4312, 'Апрелевка'),
(4316, 3159, 4312, 'Архангельское'),
(4317, 3159, 4312, 'Ашитково'),
(4318, 3159, 4312, 'Бакшеево'),
(4319, 3159, 4312, 'Балашиха'),
(4320, 3159, 4312, 'Барыбино'),
(4321, 3159, 4312, 'Белоомут'),
(4322, 3159, 4312, 'Белые Столбы'),
(4323, 3159, 4312, 'Бородино'),
(4324, 3159, 4312, 'Бронницы'),
(4325, 3159, 4312, 'Быково'),
(4326, 3159, 4312, 'Валуево'),
(4327, 3159, 4312, 'Вербилки'),
(4328, 3159, 4312, 'Верея'),
(4329, 3159, 4312, 'Видное'),
(4330, 3159, 4312, 'Внуково'),
(4331, 3159, 4312, 'Вождь Пролетариата'),
(4332, 3159, 4312, 'Волоколамск'),
(4333, 3159, 4312, 'Вороново'),
(4334, 3159, 4312, 'Воскресенск'),
(4335, 3159, 4312, 'Восточный'),
(4336, 3159, 4312, 'Востряково'),
(4337, 3159, 4312, 'Высоковск'),
(4338, 3159, 4312, 'Голицино'),
(4339, 3159, 4312, 'Деденево'),
(4340, 3159, 4312, 'Дедовск'),
(4341, 3159, 4312, 'Джержинский'),
(4342, 3159, 4312, 'Дмитров'),
(4343, 3159, 4312, 'Долгопрудный'),
(4344, 3159, 4312, 'Домодедово'),
(4345, 3159, 4312, 'Дорохово'),
(4346, 3159, 4312, 'Дрезна'),
(4347, 3159, 4312, 'Дубки'),
(4348, 3159, 4312, 'Дубна'),
(4349, 3159, 4312, 'Егорьевск'),
(4350, 3159, 4312, 'Железнодорожный'),
(4351, 3159, 4312, 'Жилево'),
(4352, 3159, 4312, 'Жуковский'),
(4353, 3159, 4312, 'Загорск'),
(4354, 3159, 4312, 'Загорянский'),
(4355, 3159, 4312, 'Запрудная'),
(4356, 3159, 4312, 'Зарайск'),
(4357, 3159, 4312, 'Звенигород'),
(4358, 3159, 4312, 'Зеленоград'),
(4359, 3159, 4312, 'Ивантеевка'),
(4360, 3159, 4312, 'Икша'),
(4361, 3159, 4312, 'Ильинский'),
(4362, 3159, 4312, 'Истра'),
(4363, 3159, 4312, 'Калининград'),
(4364, 3159, 4312, 'Кашира'),
(4365, 3159, 4312, 'Керва'),
(4366, 3159, 4312, 'Климовск'),
(4367, 3159, 4312, 'Клин'),
(4368, 3159, 4312, 'Клязьма'),
(4369, 3159, 4312, 'Кожино'),
(4370, 3159, 4312, 'Кокошкино'),
(4371, 3159, 4312, 'Коломна'),
(4372, 3159, 4312, 'Колюбакино'),
(4373, 3159, 4312, 'Косино'),
(4374, 3159, 4312, 'Котельники'),
(4375, 3159, 4312, 'Красково'),
(4376, 3159, 4312, 'Красноармейск'),
(4377, 3159, 4312, 'Красногорск'),
(4378, 3159, 4312, 'Краснозаводск'),
(4379, 3159, 4312, 'Красный Ткач'),
(4380, 3159, 4312, 'Крюково'),
(4381, 3159, 4312, 'Кубинка'),
(4382, 3159, 4312, 'Купавна'),
(4383, 3159, 4312, 'Куровское'),
(4384, 3159, 4312, 'Лесной Городок'),
(4385, 3159, 4312, 'Ликино-Дулево'),
(4386, 3159, 4312, 'Лобня'),
(4387, 3159, 4312, 'Лопатинский'),
(4388, 3159, 4312, 'Лосино-Петровский'),
(4389, 3159, 4312, 'Лотошино'),
(4390, 3159, 4312, 'Лукино'),
(4391, 3159, 4312, 'Луховицы'),
(4392, 3159, 4312, 'Лыткарино'),
(4393, 3159, 4312, 'Львовский'),
(4394, 3159, 4312, 'Люберцы'),
(4395, 3159, 4312, 'Малаховка'),
(4396, 3159, 4312, 'Михайловское'),
(4397, 3159, 4312, 'Михнево'),
(4398, 3159, 4312, 'Можайск'),
(4399, 3159, 4312, 'Монино'),
(4400, 3159, 4312, 'Москва'),
(4401, 3159, 4312, 'Муханово'),
(4402, 3159, 4312, 'Мытищи'),
(4403, 3159, 4312, 'Нарофоминск'),
(4404, 3159, 4312, 'Нахабино'),
(4405, 3159, 4312, 'Некрасовка'),
(4406, 3159, 4312, 'Немчиновка'),
(4407, 3159, 4312, 'Новобратцевский'),
(4408, 3159, 4312, 'Новоподрезково'),
(4409, 3159, 4312, 'Ногинск'),
(4410, 3159, 4312, 'Обухово'),
(4411, 3159, 4312, 'Одинцово'),
(4412, 3159, 4312, 'Ожерелье'),
(4413, 3159, 4312, 'Озеры'),
(4414, 3159, 4312, 'Октябрьский'),
(4415, 3159, 4312, 'Опалиха'),
(4416, 3159, 4312, 'Орехово-Зуево'),
(4417, 3159, 4312, 'Павловский Посад'),
(4418, 3159, 4312, 'Первомайский'),
(4419, 3159, 4312, 'Пески'),
(4420, 3159, 4312, 'Пироговский'),
(4421, 3159, 4312, 'Подольск'),
(4422, 3159, 4312, 'Полушкино'),
(4423, 3159, 4312, 'Правдинский'),
(4424, 3159, 4312, 'Привокзальный'),
(4425, 3159, 4312, 'Пролетарский'),
(4426, 3159, 4312, 'Пушкино'),
(4427, 3159, 4312, 'Пущино'),
(4428, 3159, 4312, 'Радовицкий'),
(4429, 3159, 4312, 'Раменское'),
(4430, 3159, 4312, 'Реутов'),
(4431, 3159, 4312, 'Решетниково'),
(4432, 3159, 4312, 'Родники'),
(4433, 3159, 4312, 'Рошаль'),
(4434, 3159, 4312, 'Рублево'),
(4435, 3159, 4312, 'Руза'),
(4436, 3159, 4312, 'Салтыковка'),
(4437, 3159, 4312, 'Северный'),
(4438, 3159, 4312, 'Сергиев Посад'),
(4439, 3159, 4312, 'Серебряные Пруды'),
(4440, 3159, 4312, 'Серпухов'),
(4441, 3159, 4312, 'Солнечногорск'),
(4442, 3159, 4312, 'Солнцево'),
(4443, 3159, 4312, 'Софрино'),
(4444, 3159, 4312, 'Старая Купавна'),
(4445, 3159, 4312, 'Старбеево'),
(4446, 3159, 4312, 'Ступино'),
(4447, 3159, 4312, 'Сходня'),
(4448, 3159, 4312, 'Талдом'),
(4449, 3159, 4312, 'Текстильщик'),
(4450, 3159, 4312, 'Темпы'),
(4451, 3159, 4312, 'Тишково'),
(4452, 3159, 4312, 'Томилино'),
(4453, 3159, 4312, 'Троицк'),
(4454, 3159, 4312, 'Туголесский Бор'),
(4455, 3159, 4312, 'Тучково'),
(4456, 3159, 4312, 'Уваровка'),
(4457, 3159, 4312, 'Удельная'),
(4458, 3159, 4312, 'Успенское'),
(4459, 3159, 4312, 'Фирсановка'),
(4460, 3159, 4312, 'Фосфоритный'),
(4461, 3159, 4312, 'Фрязино'),
(4462, 3159, 4312, 'Фряново'),
(4463, 3159, 4312, 'Химки'),
(4464, 3159, 4312, 'Хорлово'),
(4465, 3159, 4312, 'Хотьково'),
(4466, 3159, 4312, 'Черкизово'),
(4467, 3159, 4312, 'Черноголовка'),
(4468, 3159, 4312, 'Черусти'),
(4469, 3159, 4312, 'Чехов'),
(4470, 3159, 4312, 'Шарапово'),
(4471, 3159, 4312, 'Шатура'),
(4472, 3159, 4312, 'Шатурторф'),
(4473, 3159, 4312, 'Шаховская'),
(4474, 3159, 4312, 'Шереметьевский'),
(4475, 3159, 4312, 'Щелково'),
(4476, 3159, 4312, 'Щербинка'),
(4477, 3159, 4312, 'Электрогорск'),
(4478, 3159, 4312, 'Электросталь'),
(4479, 3159, 4312, 'Электроугли'),
(4480, 3159, 4312, 'Яхрома'),
(4482, 3159, 4481, 'Апатиты'),
(4483, 3159, 4481, 'Африканда'),
(4484, 3159, 4481, 'Верхнетуломский'),
(4485, 3159, 4481, 'Заполярный'),
(4486, 3159, 4481, 'Зареченск'),
(4487, 3159, 4481, 'Зашеек'),
(4488, 3159, 4481, 'Зеленоборский'),
(4489, 3159, 4481, 'Кандалакша'),
(4490, 3159, 4481, 'Кильдинстрой'),
(4491, 3159, 4481, 'Кировск'),
(4492, 3159, 4481, 'Ковдор'),
(4493, 3159, 4481, 'Кола'),
(4494, 3159, 4481, 'Конда'),
(4495, 3159, 4481, 'Мончегорск'),
(4496, 3159, 4481, 'Мурманск'),
(4497, 3159, 4481, 'Мурмаши'),
(4498, 3159, 4481, 'Никель'),
(4499, 3159, 4481, 'Оленегорск'),
(4500, 3159, 4481, 'Полярный'),
(4501, 3159, 4481, 'Североморск'),
(4502, 3159, 4481, 'Умба'),
(4504, 3159, 4503, 'Анциферово'),
(4505, 3159, 4503, 'Батецкий'),
(4506, 3159, 4503, 'Большая Вишера'),
(4507, 3159, 4503, 'Боровичи'),
(4508, 3159, 4503, 'Валдай'),
(4509, 3159, 4503, 'Волот'),
(4510, 3159, 4503, 'Деманск'),
(4511, 3159, 4503, 'Зарубино'),
(4512, 3159, 4503, 'Кресцы'),
(4513, 3159, 4503, 'Любытино'),
(4514, 3159, 4503, 'Малая Вишера'),
(4515, 3159, 4503, 'Марево'),
(4516, 3159, 4503, 'Мошенское'),
(4517, 3159, 4503, 'Новгород'),
(4518, 3159, 4503, 'Окуловка'),
(4519, 3159, 4503, 'Парфино'),
(4520, 3159, 4503, 'Пестово'),
(4521, 3159, 4503, 'Поддорье'),
(4522, 3159, 4503, 'Сольцы'),
(4523, 3159, 4503, 'Старая Русса'),
(4524, 3159, 4503, 'Хвойное'),
(4525, 3159, 4503, 'Холм'),
(4526, 3159, 4503, 'Чудово'),
(4527, 3159, 4503, 'Шимск'),
(4529, 3159, 4528, 'Баган'),
(4530, 3159, 4528, 'Барабинск'),
(4531, 3159, 4528, 'Бердск'),
(4532, 3159, 4528, 'Биаза'),
(4533, 3159, 4528, 'Болотное'),
(4534, 3159, 4528, 'Венгерово'),
(4535, 3159, 4528, 'Довольное'),
(4536, 3159, 4528, 'Завьялово'),
(4537, 3159, 4528, 'Искитим'),
(4538, 3159, 4528, 'Карасук'),
(4539, 3159, 4528, 'Каргат'),
(4540, 3159, 4528, 'Колывань'),
(4541, 3159, 4528, 'Краснозерское'),
(4542, 3159, 4528, 'Крутиха'),
(4543, 3159, 4528, 'Куйбышев'),
(4544, 3159, 4528, 'Купино'),
(4545, 3159, 4528, 'Кыштовка'),
(4546, 3159, 4528, 'Маслянино'),
(4547, 3159, 4528, 'Михайловский'),
(4548, 3159, 4528, 'Мошково'),
(4549, 3159, 4528, 'Новосибирск'),
(4550, 3159, 4528, 'Ордынское'),
(4551, 3159, 4528, 'Северное'),
(4552, 3159, 4528, 'Сузун'),
(4553, 3159, 4528, 'Татарск'),
(4554, 3159, 4528, 'Тогучин'),
(4555, 3159, 4528, 'Убинское'),
(4556, 3159, 4528, 'Усть-Тарка'),
(4557, 3159, 4528, 'Чаны'),
(4558, 3159, 4528, 'Черепаново'),
(4559, 3159, 4528, 'Чистоозерное'),
(4560, 3159, 4528, 'Чулым'),
(4562, 3159, 4561, 'Береговой'),
(4563, 3159, 4561, 'Большеречье'),
(4564, 3159, 4561, 'Большие Уки'),
(4565, 3159, 4561, 'Горьковское'),
(4566, 3159, 4561, 'Знаменское'),
(4567, 3159, 4561, 'Исилькуль'),
(4568, 3159, 4561, 'Калачинск'),
(4569, 3159, 4561, 'Колосовка'),
(4570, 3159, 4561, 'Кормиловка'),
(4571, 3159, 4561, 'Крутинка'),
(4572, 3159, 4561, 'Любинский'),
(4573, 3159, 4561, 'Марьяновка'),
(4574, 3159, 4561, 'Муромцево'),
(4575, 3159, 4561, 'Называевск'),
(4576, 3159, 4561, 'Нижняя Омка'),
(4577, 3159, 4561, 'Нововаршавка'),
(4578, 3159, 4561, 'Одесское'),
(4579, 3159, 4561, 'Оконешниково'),
(4580, 3159, 4561, 'Омск'),
(4581, 3159, 4561, 'Павлоградка'),
(4582, 3159, 4561, 'Полтавка'),
(4583, 3159, 4561, 'Русская Поляна'),
(4584, 3159, 4561, 'Саргатское'),
(4585, 3159, 4561, 'Седельниково'),
(4586, 3159, 4561, 'Таврическое'),
(4587, 3159, 4561, 'Тара'),
(4588, 3159, 4561, 'Тевриз'),
(4589, 3159, 4561, 'Тюкалинск'),
(4590, 3159, 4561, 'Усть-Ишим'),
(4591, 3159, 4561, 'Черлак'),
(4592, 3159, 4561, 'Шербакуль'),
(4594, 3159, 4593, 'Абдулино'),
(4595, 3159, 4593, 'Адамовка'),
(4596, 3159, 4593, 'Айдырлинский'),
(4597, 3159, 4593, 'Акбулак'),
(4598, 3159, 4593, 'Аккермановка'),
(4599, 3159, 4593, 'Асекеево'),
(4600, 3159, 4593, 'Беляевка'),
(4601, 3159, 4593, 'Бугуруслан'),
(4602, 3159, 4593, 'Бузулук'),
(4603, 3159, 4593, 'Гай'),
(4604, 3159, 4593, 'Грачевка'),
(4605, 3159, 4593, 'Домбаровский'),
(4606, 3159, 4593, 'Дубенский'),
(4607, 3159, 4593, 'Илек'),
(4608, 3159, 4593, 'Ириклинский'),
(4609, 3159, 4593, 'Кувандык'),
(4610, 3159, 4593, 'Курманаевка'),
(4611, 3159, 4593, 'Матвеевка'),
(4612, 3159, 4593, 'Медногорск'),
(4613, 3159, 4593, 'Новоорск'),
(4614, 3159, 4593, 'Новосергиевка'),
(4615, 3159, 4593, 'Новотроицк'),
(4616, 3159, 4593, 'Октябрьское'),
(4617, 3159, 4593, 'Оренбург'),
(4618, 3159, 4593, 'Орск'),
(4619, 3159, 4593, 'Первомайский'),
(4620, 3159, 4593, 'Переволоцкий'),
(4621, 3159, 4593, 'Пономаревка'),
(4622, 3159, 4593, 'Саракташ'),
(4623, 3159, 4593, 'Светлый'),
(4624, 3159, 4593, 'Северное'),
(4625, 3159, 4593, 'Соль-Илецк'),
(4626, 3159, 4593, 'Сорочинск'),
(4627, 3159, 4593, 'Ташла'),
(4628, 3159, 4593, 'Тоцкое'),
(4629, 3159, 4593, 'Тюльган'),
(4630, 3159, 4593, 'Шарлык'),
(4631, 3159, 4593, 'Энергетик'),
(4632, 3159, 4593, 'Ясный'),
(4634, 3159, 4633, 'Болхов'),
(4635, 3159, 4633, 'Верховье'),
(4636, 3159, 4633, 'Глазуновка'),
(4637, 3159, 4633, 'Дмитровск-Орловский'),
(4638, 3159, 4633, 'Долгое'),
(4639, 3159, 4633, 'Залегощь'),
(4640, 3159, 4633, 'Змиевка'),
(4641, 3159, 4633, 'Знаменское'),
(4642, 3159, 4633, 'Колпны'),
(4643, 3159, 4633, 'Красная Заря'),
(4644, 3159, 4633, 'Кромы'),
(4645, 3159, 4633, 'Ливны'),
(4646, 3159, 4633, 'Малоархангельск'),
(4647, 3159, 4633, 'Мценск'),
(4648, 3159, 4633, 'Нарышкино'),
(4649, 3159, 4633, 'Новосиль'),
(4650, 3159, 4633, 'Орел'),
(4651, 3159, 4633, 'Покровское'),
(4652, 3159, 4633, 'Сосково'),
(4653, 3159, 4633, 'Тросна'),
(4654, 3159, 4633, 'Хомутово'),
(4655, 3159, 4633, 'Хотынец'),
(4656, 3159, 4633, 'Шаблыкино'),
(4658, 3159, 4657, 'Башмаково'),
(4659, 3159, 4657, 'Беднодемьяновск'),
(4660, 3159, 4657, 'Беково'),
(4661, 3159, 4657, 'Белинский'),
(4662, 3159, 4657, 'Бессоновка'),
(4663, 3159, 4657, 'Вадинск'),
(4664, 3159, 4657, 'Верхозим'),
(4665, 3159, 4657, 'Городище'),
(4666, 3159, 4657, 'Евлашево'),
(4667, 3159, 4657, 'Земетчино'),
(4668, 3159, 4657, 'Золотаревка'),
(4669, 3159, 4657, 'Исса'),
(4670, 3159, 4657, 'Каменка'),
(4671, 3159, 4657, 'Колышлей'),
(4672, 3159, 4657, 'Кондоль'),
(4673, 3159, 4657, 'Кузнецк'),
(4674, 3159, 4657, 'Лопатино'),
(4675, 3159, 4657, 'Малая Сердоба'),
(4676, 3159, 4657, 'Мокшан'),
(4677, 3159, 4657, 'Наровчат'),
(4678, 3159, 4657, 'Неверкино'),
(4679, 3159, 4657, 'Нижний Ломов'),
(4680, 3159, 4657, 'Никольск'),
(4681, 3159, 4657, 'Пачелма'),
(4682, 3159, 4657, 'Пенза'),
(4683, 3159, 4657, 'Русский Камешкир'),
(4684, 3159, 4657, 'Сердобск'),
(4685, 3159, 4657, 'Сосновоборск'),
(4686, 3159, 4657, 'Сура'),
(4687, 3159, 4657, 'Тамала'),
(4688, 3159, 4657, 'Шемышейка'),
(4690, 3159, 4689, 'Барда'),
(4691, 3159, 4689, 'Березники'),
(4692, 3159, 4689, 'Большая Соснова'),
(4693, 3159, 4689, 'Верещагино'),
(4694, 3159, 4689, 'Гайны'),
(4695, 3159, 4689, 'Горнозаводск'),
(4696, 3159, 4689, 'Гремячинск'),
(4697, 3159, 4689, 'Губаха'),
(4698, 3159, 4689, 'Добрянка'),
(4699, 3159, 4689, 'Елово'),
(4700, 3159, 4689, 'Зюкайка'),
(4701, 3159, 4689, 'Ильинский'),
(4702, 3159, 4689, 'Карагай'),
(4703, 3159, 4689, 'Керчевский'),
(4704, 3159, 4689, 'Кизел'),
(4705, 3159, 4689, 'Коса'),
(4706, 3159, 4689, 'Кочево'),
(4707, 3159, 4689, 'Красновишерск'),
(4708, 3159, 4689, 'Краснокамск'),
(4709, 3159, 4689, 'Кудымкар'),
(4710, 3159, 4689, 'Куеда'),
(4711, 3159, 4689, 'Кунгур'),
(4712, 3159, 4689, 'Лысьва'),
(4713, 3159, 4689, 'Ныроб'),
(4714, 3159, 4689, 'Нытва'),
(4715, 3159, 4689, 'Октябрьский'),
(4716, 3159, 4689, 'Орда'),
(4717, 3159, 4689, 'Оса'),
(4718, 3159, 4689, 'Оханск'),
(4719, 3159, 4689, 'Очер'),
(4720, 3159, 4689, 'Пермь'),
(4721, 3159, 4689, 'Соликамск'),
(4722, 3159, 4689, 'Суксун'),
(4723, 3159, 4689, 'Уинское'),
(4724, 3159, 4689, 'Усолье'),
(4725, 3159, 4689, 'Усть-Кишерть'),
(4726, 3159, 4689, 'Чайковский'),
(4727, 3159, 4689, 'Частые'),
(4728, 3159, 4689, 'Чердынь'),
(4729, 3159, 4689, 'Чернореченский'),
(4730, 3159, 4689, 'Чернушка'),
(4731, 3159, 4689, 'Чусовой'),
(4732, 3159, 4689, 'Юрла'),
(4733, 3159, 4689, 'Юсьва'),
(4735, 3159, 4734, 'Анучино'),
(4736, 3159, 4734, 'Арсеньев'),
(4737, 3159, 4734, 'Артем'),
(4738, 3159, 4734, 'Артемовский'),
(4739, 3159, 4734, 'Большой Камень'),
(4740, 3159, 4734, 'Валентин'),
(4741, 3159, 4734, 'Владивосток'),
(4742, 3159, 4734, 'Высокогорск'),
(4743, 3159, 4734, 'Горные Ключи'),
(4744, 3159, 4734, 'Горный'),
(4745, 3159, 4734, 'Дальнегорск'),
(4746, 3159, 4734, 'Дальнереченск'),
(4747, 3159, 4734, 'Зарубино'),
(4748, 3159, 4734, 'Кавалерово'),
(4749, 3159, 4734, 'Каменка'),
(4750, 3159, 4734, 'Камень-Рыболов'),
(4751, 3159, 4734, 'Кировский'),
(4752, 3159, 4734, 'Лазо'),
(4753, 3159, 4734, 'Лесозаводск'),
(4754, 3159, 4734, 'Лучегорск'),
(4755, 3159, 4734, 'Михайловка'),
(4756, 3159, 4734, 'Находка'),
(4757, 3159, 4734, 'Новопокровка'),
(4758, 3159, 4734, 'Ольга'),
(4759, 3159, 4734, 'Партизанск'),
(4760, 3159, 4734, 'Пограничный'),
(4761, 3159, 4734, 'Покровка'),
(4762, 3159, 4734, 'Русский'),
(4763, 3159, 4734, 'Самарга'),
(4764, 3159, 4734, 'Славянка'),
(4765, 3159, 4734, 'Спасск-Дальний'),
(4766, 3159, 4734, 'Терней'),
(4767, 3159, 4734, 'Уссурийск'),
(4768, 3159, 4734, 'Хасан'),
(4769, 3159, 4734, 'Хороль'),
(4770, 3159, 4734, 'Черниговка'),
(4771, 3159, 4734, 'Чугуевка'),
(4772, 3159, 4734, 'Яковлевка'),
(4774, 3159, 4773, 'Бежаницы'),
(4775, 3159, 4773, 'Великие Луки'),
(4776, 3159, 4773, 'Гдов'),
(4777, 3159, 4773, 'Дедовичи'),
(4778, 3159, 4773, 'Дно'),
(4779, 3159, 4773, 'Заплюсье'),
(4780, 3159, 4773, 'Идрица'),
(4781, 3159, 4773, 'Красногородское'),
(4782, 3159, 4773, 'Кунья'),
(4783, 3159, 4773, 'Локня'),
(4784, 3159, 4773, 'Невель'),
(4785, 3159, 4773, 'Новоржев'),
(4786, 3159, 4773, 'Новосокольники'),
(4787, 3159, 4773, 'Опочка'),
(4788, 3159, 4773, 'Остров'),
(4789, 3159, 4773, 'Палкино'),
(4790, 3159, 4773, 'Печоры'),
(4791, 3159, 4773, 'Плюсса'),
(4792, 3159, 4773, 'Порхов'),
(4793, 3159, 4773, 'Псков'),
(4794, 3159, 4773, 'Пустошка'),
(4795, 3159, 4773, 'Пушкинские Горы'),
(4796, 3159, 4773, 'Пыталово'),
(4797, 3159, 4773, 'Себеж'),
(4798, 3159, 4773, 'Струги-Красные'),
(4799, 3159, 4773, 'Усвяты'),
(4801, 3159, 4800, 'Азов'),
(4802, 3159, 4800, 'Аксай'),
(4803, 3159, 4800, 'Алмазный'),
(4804, 3159, 4800, 'Аютинск'),
(4805, 3159, 4800, 'Багаевский'),
(4806, 3159, 4800, 'Батайск'),
(4807, 3159, 4800, 'Белая Калитва'),
(4808, 3159, 4800, 'Боковская'),
(4809, 3159, 4800, 'Большая Мартыновка'),
(4810, 3159, 4800, 'Вешенская'),
(4811, 3159, 4800, 'Волгодонск'),
(4812, 3159, 4800, 'Восход'),
(4813, 3159, 4800, 'Гигант'),
(4814, 3159, 4800, 'Горняцкий'),
(4815, 3159, 4800, 'Гуково'),
(4816, 3159, 4800, 'Донецк'),
(4817, 3159, 4800, 'Донской'),
(4818, 3159, 4800, 'Дубовское'),
(4819, 3159, 4800, 'Жирнов'),
(4820, 3159, 4800, 'Заветное'),
(4821, 3159, 4800, 'Заводской'),
(4822, 3159, 4800, 'Зверево'),
(4823, 3159, 4800, 'Зерноград'),
(4824, 3159, 4800, 'Зимовники'),
(4825, 3159, 4800, 'Кагальницкая'),
(4826, 3159, 4800, 'Казанская'),
(4827, 3159, 4800, 'Каменоломни'),
(4828, 3159, 4800, 'Каменск-Шахтинский'),
(4829, 3159, 4800, 'Кашары'),
(4830, 3159, 4800, 'Коксовый'),
(4831, 3159, 4800, 'Константиновск'),
(4832, 3159, 4800, 'Красный Сулин'),
(4833, 3159, 4800, 'Куйбышево'),
(4834, 3159, 4800, 'Матвеев Курган'),
(4835, 3159, 4800, 'Мигулинская'),
(4836, 3159, 4800, 'Миллерово'),
(4837, 3159, 4800, 'Милютинская'),
(4838, 3159, 4800, 'Морозовск'),
(4839, 3159, 4800, 'Новочеркасск'),
(4840, 3159, 4800, 'Новошахтинск'),
(4841, 3159, 4800, 'Обливская'),
(4842, 3159, 4800, 'Орловский'),
(4843, 3159, 4800, 'Песчанокопское'),
(4844, 3159, 4800, 'Покровское'),
(4845, 3159, 4800, 'Пролетарск'),
(4846, 3159, 4800, 'Ремонтное'),
(4847, 3159, 4800, 'Родионово-Несветайская');
INSERT INTO `city` (`city_id`, `country_id`, `region_id`, `name`) VALUES
(4848, 3159, 4800, 'Ростов-на-Дону'),
(4849, 3159, 4800, 'Сальск'),
(4850, 3159, 4800, 'Семикаракорск'),
(4851, 3159, 4800, 'Таганрог'),
(4852, 3159, 4800, 'Тарасовский'),
(4853, 3159, 4800, 'Тацинский'),
(4854, 3159, 4800, 'Усть-Донецкий'),
(4855, 3159, 4800, 'Целина'),
(4856, 3159, 4800, 'Цимлянск'),
(4857, 3159, 4800, 'Чалтырь'),
(4858, 3159, 4800, 'Чертково'),
(4859, 3159, 4800, 'Шахты'),
(4860, 3159, 4800, 'Шолоховский'),
(4862, 3159, 4861, 'Александро-Невский'),
(4863, 3159, 4861, 'Горняк'),
(4864, 3159, 4861, 'Гусь Железный'),
(4865, 3159, 4861, 'Елатьма'),
(4866, 3159, 4861, 'Ермишь'),
(4867, 3159, 4861, 'Заречный'),
(4868, 3159, 4861, 'Захарово'),
(4869, 3159, 4861, 'Кадом'),
(4870, 3159, 4861, 'Касимов'),
(4871, 3159, 4861, 'Кораблино'),
(4872, 3159, 4861, 'Милославское'),
(4873, 3159, 4861, 'Михайлов'),
(4874, 3159, 4861, 'Пителино'),
(4875, 3159, 4861, 'Пронск'),
(4876, 3159, 4861, 'Путятино'),
(4877, 3159, 4861, 'Рыбное'),
(4878, 3159, 4861, 'Ряжск'),
(4879, 3159, 4861, 'Рязань'),
(4880, 3159, 4861, 'Сапожок'),
(4881, 3159, 4861, 'Сараи'),
(4882, 3159, 4861, 'Сасово'),
(4883, 3159, 4861, 'Скопин'),
(4884, 3159, 4861, 'Спас-Клепики'),
(4885, 3159, 4861, 'Спасск-Рязанский'),
(4886, 3159, 4861, 'Старожилово'),
(4887, 3159, 4861, 'Ухолово'),
(4888, 3159, 4861, 'Чучково'),
(4889, 3159, 4861, 'Шацк'),
(4890, 3159, 4861, 'Шилово'),
(4892, 3159, 4891, 'Алексеевка'),
(4893, 3159, 4891, 'Безенчук'),
(4894, 3159, 4891, 'Богатое'),
(4895, 3159, 4891, 'Богатырь'),
(4896, 3159, 4891, 'Большая Глущица'),
(4897, 3159, 4891, 'Большая Черниговка'),
(4898, 3159, 4891, 'Борское'),
(4899, 3159, 4891, 'Волжский'),
(4900, 3159, 4891, 'Жигулевск'),
(4901, 3159, 4891, 'Зольное'),
(4902, 3159, 4891, 'Исаклы'),
(4903, 3159, 4891, 'Камышла'),
(4904, 3159, 4891, 'Кинель'),
(4905, 3159, 4891, 'Кинель-Черкасы'),
(4906, 3159, 4891, 'Клявлино'),
(4907, 3159, 4891, 'Кошки'),
(4908, 3159, 4891, 'Красноармейское'),
(4909, 3159, 4891, 'Куйбышев'),
(4910, 3159, 4891, 'Нефтегорск'),
(4911, 3159, 4891, 'Новокуйбышевск'),
(4912, 3159, 4891, 'Октябрьск'),
(4913, 3159, 4891, 'Отрадный'),
(4914, 3159, 4891, 'Пестравка'),
(4915, 3159, 4891, 'Похвистнево'),
(4916, 3159, 4891, 'Приволжье'),
(4917, 3159, 4891, 'Самара'),
(4918, 3159, 4891, 'Сызрань'),
(4919, 3159, 4891, 'Тольятти'),
(4920, 3159, 4891, 'Хворостянка'),
(4921, 3159, 4891, 'Чапаевск'),
(4922, 3159, 4891, 'Челно-Вершины'),
(4923, 3159, 4891, 'Шентала'),
(4924, 3159, 4891, 'Шигоны'),
(4926, 3159, 4925, 'Александровская'),
(4927, 3159, 4925, 'Бокситогорск'),
(4928, 3159, 4925, 'Большая Ижора'),
(4929, 3159, 4925, 'Будогощь'),
(4930, 3159, 4925, 'Вознесенье'),
(4931, 3159, 4925, 'Волосово'),
(4932, 3159, 4925, 'Волхов'),
(4933, 3159, 4925, 'Всеволожск'),
(4934, 3159, 4925, 'Выборг'),
(4935, 3159, 4925, 'Вырица'),
(4936, 3159, 4925, 'Высоцк'),
(4937, 3159, 4925, 'Гатчина'),
(4938, 3159, 4925, 'Дружная Горка'),
(4939, 3159, 4925, 'Дубровка'),
(4940, 3159, 4925, 'Ефимовский'),
(4941, 3159, 4925, 'Зеленогорск'),
(4942, 3159, 4925, 'Ивангород'),
(4943, 3159, 4925, 'Каменногорск'),
(4944, 3159, 4925, 'Кикерино'),
(4945, 3159, 4925, 'Кингисепп'),
(4946, 3159, 4925, 'Кириши'),
(4947, 3159, 4925, 'Кировск'),
(4948, 3159, 4925, 'Кобринское'),
(4949, 3159, 4925, 'Колпино'),
(4950, 3159, 4925, 'Кронштадт'),
(4952, 3159, 4925, 'Лисий Нос'),
(4953, 3159, 4925, 'Лодейное Поле'),
(4954, 3159, 4925, 'Ломоносов'),
(4955, 3159, 4925, 'Луга'),
(4956, 3159, 4925, 'Павловск'),
(4957, 3159, 4925, 'Парголово'),
(4958, 3159, 4925, 'Петродворец'),
(4959, 3159, 4925, 'Подпорожье'),
(4960, 3159, 4925, 'Приозерск'),
(4961, 3159, 4925, 'Пушкин'),
(4962, 3159, 4925, 'Санкт-Петербург'),
(4964, 3159, 4925, 'Сестрорецк'),
(4965, 3159, 4925, 'Сланцы'),
(4966, 3159, 4925, 'Сосновый Бор'),
(4967, 3159, 4925, 'Тихвин'),
(4968, 3159, 4925, 'Тосно'),
(4970, 3159, 4969, 'Александров Гай'),
(4971, 3159, 4969, 'Аркадак'),
(4972, 3159, 4969, 'Аткарск'),
(4973, 3159, 4969, 'Базарный Карабулак'),
(4974, 3159, 4969, 'Балаково'),
(4975, 3159, 4969, 'Балашов'),
(4976, 3159, 4969, 'Балтай'),
(4977, 3159, 4969, 'Возрождение'),
(4978, 3159, 4969, 'Вольск'),
(4979, 3159, 4969, 'Воскресенское'),
(4980, 3159, 4969, 'Горный'),
(4981, 3159, 4969, 'Дергачи'),
(4982, 3159, 4969, 'Духовницкое'),
(4983, 3159, 4969, 'Екатериновка'),
(4984, 3159, 4969, 'Ершов'),
(4985, 3159, 4969, 'Заречный'),
(4986, 3159, 4969, 'Ивантеевка'),
(4987, 3159, 4969, 'Калининск'),
(4988, 3159, 4969, 'Каменский'),
(4989, 3159, 4969, 'Красноармейск'),
(4990, 3159, 4969, 'Красный Кут'),
(4991, 3159, 4969, 'Лысые Горы'),
(4992, 3159, 4969, 'Маркс'),
(4993, 3159, 4969, 'Мокроус'),
(4994, 3159, 4969, 'Новоузенск'),
(4995, 3159, 4969, 'Новые Бурасы'),
(4996, 3159, 4969, 'Озинки'),
(4997, 3159, 4969, 'Перелюб'),
(4998, 3159, 4969, 'Петровск'),
(4999, 3159, 4969, 'Питерка'),
(5000, 3159, 4969, 'Пугачев'),
(5001, 3159, 4969, 'Ровное'),
(5002, 3159, 4969, 'Романовка'),
(5003, 3159, 4969, 'Ртищево'),
(5004, 3159, 4969, 'Самойловка'),
(5005, 3159, 4969, 'Саратов'),
(5006, 3159, 4969, 'Степное'),
(5007, 3159, 4969, 'Татищево'),
(5008, 3159, 4969, 'Турки'),
(5009, 3159, 4969, 'Хвалынск'),
(5010, 3159, 4969, 'Энгельс'),
(5012, 3159, 5011, 'Абый'),
(5013, 3159, 5011, 'Алдан'),
(5014, 3159, 5011, 'Амга'),
(5015, 3159, 5011, 'Батагай'),
(5016, 3159, 5011, 'Бердигестях'),
(5017, 3159, 5011, 'Беркакит'),
(5018, 3159, 5011, 'Бестях'),
(5019, 3159, 5011, 'Борогонцы'),
(5020, 3159, 5011, 'Верхневилюйск'),
(5021, 3159, 5011, 'Верхнеколымск'),
(5022, 3159, 5011, 'Верхоянск'),
(5023, 3159, 5011, 'Вилюйск'),
(5024, 3159, 5011, 'Витим'),
(5025, 3159, 5011, 'Власово'),
(5026, 3159, 5011, 'Жиганск'),
(5027, 3159, 5011, 'Зырянка'),
(5028, 3159, 5011, 'Кангалассы'),
(5029, 3159, 5011, 'Канкунский'),
(5030, 3159, 5011, 'Ленск'),
(5031, 3159, 5011, 'Майя'),
(5032, 3159, 5011, 'Менкеря'),
(5033, 3159, 5011, 'Мирный'),
(5034, 3159, 5011, 'Нерюнгри'),
(5035, 3159, 5011, 'Нычалах'),
(5036, 3159, 5011, 'Нюрба'),
(5037, 3159, 5011, 'Олекминск'),
(5038, 3159, 5011, 'Покровск'),
(5039, 3159, 5011, 'Сангар'),
(5040, 3159, 5011, 'Саскылах'),
(5041, 3159, 5011, 'Среднеколымск'),
(5042, 3159, 5011, 'Сунтар'),
(5043, 3159, 5011, 'Тикси'),
(5044, 3159, 5011, 'Усть-Мая'),
(5045, 3159, 5011, 'Усть-Нера'),
(5046, 3159, 5011, 'Хандыга'),
(5047, 3159, 5011, 'Хонуу'),
(5048, 3159, 5011, 'Черский'),
(5049, 3159, 5011, 'Чокурдах'),
(5050, 3159, 5011, 'Чурапча'),
(5051, 3159, 5011, 'Якутск'),
(5053, 3159, 5052, 'Александровск-Сахалинский'),
(5054, 3159, 5052, 'Анбэцу'),
(5055, 3159, 5052, 'Анива'),
(5056, 3159, 5052, 'Бошняково'),
(5057, 3159, 5052, 'Быков'),
(5058, 3159, 5052, 'Вахрушев'),
(5059, 3159, 5052, 'Взморье'),
(5060, 3159, 5052, 'Гастелло'),
(5061, 3159, 5052, 'Горнозаводск'),
(5062, 3159, 5052, 'Долинск'),
(5063, 3159, 5052, 'Ильинский'),
(5064, 3159, 5052, 'Катангли'),
(5065, 3159, 5052, 'Корсаков'),
(5066, 3159, 5052, 'Курильск'),
(5067, 3159, 5052, 'Макаров'),
(5068, 3159, 5052, 'Невельск'),
(5069, 3159, 5052, 'Ноглики'),
(5070, 3159, 5052, 'Оха'),
(5071, 3159, 5052, 'Поронайск'),
(5072, 3159, 5052, 'Северо-Курильск'),
(5073, 3159, 5052, 'Смирных'),
(5074, 3159, 5052, 'Томари'),
(5075, 3159, 5052, 'Тымовское'),
(5076, 3159, 5052, 'Углегорск'),
(5077, 3159, 5052, 'Холмск'),
(5078, 3159, 5052, 'Шахтерск'),
(5079, 3159, 5052, 'Южно-Сахалинск'),
(5081, 3159, 5080, 'Алапаевск'),
(5082, 3159, 5080, 'Алтынай'),
(5083, 3159, 5080, 'Арамиль'),
(5084, 3159, 5080, 'Артемовский'),
(5085, 3159, 5080, 'Арти'),
(5086, 3159, 5080, 'Асбест'),
(5087, 3159, 5080, 'Ачит'),
(5088, 3159, 5080, 'Байкалово'),
(5089, 3159, 5080, 'Басьяновский'),
(5090, 3159, 5080, 'Белоярский'),
(5091, 3159, 5080, 'Березовский'),
(5092, 3159, 5080, 'Богданович'),
(5093, 3159, 5080, 'Буланаш'),
(5094, 3159, 5080, 'Верхний Тагил'),
(5095, 3159, 5080, 'Верхняя Пышма'),
(5096, 3159, 5080, 'Верхняя Салда'),
(5097, 3159, 5080, 'Верхняя Синячиха'),
(5098, 3159, 5080, 'Верхняя Сысерть'),
(5099, 3159, 5080, 'Верхняя Тура'),
(5100, 3159, 5080, 'Верхотурье'),
(5101, 3159, 5080, 'Висим'),
(5102, 3159, 5080, 'Волчанск'),
(5103, 3159, 5080, 'Воронцовка'),
(5104, 3159, 5080, 'Гари'),
(5105, 3159, 5080, 'Дегтярск'),
(5106, 3159, 5080, 'Екатеринбург'),
(5107, 3159, 5080, 'Ертарский'),
(5108, 3159, 5080, 'Заводоуспенское'),
(5109, 3159, 5080, 'Зыряновский'),
(5110, 3159, 5080, 'Зюзельский'),
(5111, 3159, 5080, 'Ивдель'),
(5112, 3159, 5080, 'Изумруд'),
(5113, 3159, 5080, 'Ирбит'),
(5114, 3159, 5080, 'Ис'),
(5115, 3159, 5080, 'Каменск-Уральский'),
(5116, 3159, 5080, 'Камышлов'),
(5117, 3159, 5080, 'Карпинск'),
(5118, 3159, 5080, 'Карпунинский'),
(5119, 3159, 5080, 'Качканар'),
(5120, 3159, 5080, 'Кировград'),
(5121, 3159, 5080, 'Краснотурьинск'),
(5122, 3159, 5080, 'Красноуральск'),
(5123, 3159, 5080, 'Красноуфимск'),
(5124, 3159, 5080, 'Кушва'),
(5125, 3159, 5080, 'Михайловск'),
(5126, 3159, 5080, 'Невьянск'),
(5127, 3159, 5080, 'Нижние Серги'),
(5128, 3159, 5080, 'Нижний Тагил'),
(5129, 3159, 5080, 'Нижняя Салда'),
(5130, 3159, 5080, 'Нижняя Тура'),
(5131, 3159, 5080, 'Новая Ляля'),
(5132, 3159, 5080, 'Оус'),
(5133, 3159, 5080, 'Первоуральск'),
(5134, 3159, 5080, 'Полевской'),
(5135, 3159, 5080, 'Пышма'),
(5136, 3159, 5080, 'Ревда'),
(5137, 3159, 5080, 'Реж'),
(5138, 3159, 5080, 'Свердловск'),
(5139, 3159, 5080, 'Североуральск'),
(5140, 3159, 5080, 'Серов'),
(5141, 3159, 5080, 'Сосьва'),
(5142, 3159, 5080, 'Среднеуральск'),
(5143, 3159, 5080, 'Сухой Лог'),
(5144, 3159, 5080, 'Сысерть'),
(5145, 3159, 5080, 'Таборы'),
(5146, 3159, 5080, 'Тавда'),
(5147, 3159, 5080, 'Талица'),
(5148, 3159, 5080, 'Тугулым'),
(5149, 3159, 5080, 'Туринск'),
(5150, 3159, 5080, 'Туринская Слобода'),
(5152, 3159, 5151, 'Алагир'),
(5153, 3159, 5151, 'Ардон'),
(5154, 3159, 5151, 'Беслан'),
(5155, 3159, 5151, 'Бурон'),
(5156, 3159, 5151, 'Владикавказ'),
(5157, 3159, 5151, 'Дигора'),
(5158, 3159, 5151, 'Моздок'),
(5159, 3159, 5151, 'Орджоникидзе'),
(5160, 3159, 5151, 'Чикола'),
(5162, 3159, 5161, 'Велиж'),
(5163, 3159, 5161, 'Верхнеднепровский'),
(5164, 3159, 5161, 'Ворга'),
(5165, 3159, 5161, 'Вязьма'),
(5166, 3159, 5161, 'Гагарин'),
(5167, 3159, 5161, 'Глинка'),
(5168, 3159, 5161, 'Голынки'),
(5169, 3159, 5161, 'Демидов'),
(5170, 3159, 5161, 'Дорогобуж'),
(5171, 3159, 5161, 'Духовщина'),
(5172, 3159, 5161, 'Екимовичи'),
(5173, 3159, 5161, 'Ельня'),
(5174, 3159, 5161, 'Ершичи'),
(5175, 3159, 5161, 'Издешково'),
(5176, 3159, 5161, 'Кардымово'),
(5177, 3159, 5161, 'Красный'),
(5178, 3159, 5161, 'Монастырщина'),
(5179, 3159, 5161, 'Новодугино'),
(5180, 3159, 5161, 'Починок'),
(5181, 3159, 5161, 'Рославль'),
(5182, 3159, 5161, 'Рудня'),
(5183, 3159, 5161, 'Сафоново'),
(5184, 3159, 5161, 'Смоленск'),
(5185, 3159, 5161, 'Сычевка'),
(5186, 3159, 5161, 'Угра'),
(5187, 3159, 5161, 'Хиславичи'),
(5188, 3159, 5161, 'Холм-Жирковский'),
(5189, 3159, 5161, 'Шумячи'),
(5190, 3159, 5161, 'Ярцево'),
(5192, 3159, 5191, 'Александровское'),
(5193, 3159, 5191, 'Арзгир'),
(5194, 3159, 5191, 'Благодарный'),
(5195, 3159, 5191, 'Буденновск'),
(5196, 3159, 5191, 'Георгиевск'),
(5197, 3159, 5191, 'Дивное'),
(5198, 3159, 5191, 'Домбай'),
(5199, 3159, 5191, 'Донское'),
(5200, 3159, 5191, 'Ессентуки'),
(5201, 3159, 5191, 'Иноземцево'),
(5202, 3159, 5191, 'Ипатово'),
(5203, 3159, 5191, 'Карачаевск'),
(5204, 3159, 5191, 'Кисловодск'),
(5205, 3159, 5191, 'Кочубеевское'),
(5206, 3159, 5191, 'Красногвардейское'),
(5207, 3159, 5191, 'Курсавка'),
(5208, 3159, 5191, 'Левокумское'),
(5209, 3159, 5191, 'Минеральные Воды'),
(5210, 3159, 5191, 'Невинномысск'),
(5211, 3159, 5191, 'Нефтекумск'),
(5212, 3159, 5191, 'Новоалександровск'),
(5213, 3159, 5191, 'Новоалександровская'),
(5214, 3159, 5191, 'Новопавловск'),
(5215, 3159, 5191, 'Новоселицкое'),
(5216, 3159, 5191, 'Преградная'),
(5217, 3159, 5191, 'Пятигорск'),
(5218, 3159, 5191, 'Светлоград'),
(5219, 3159, 5191, 'Ставрополь'),
(5220, 3159, 5191, 'Степное'),
(5221, 3159, 5191, 'Теберда'),
(5222, 3159, 5191, 'Усть-Джегута'),
(5223, 3159, 5191, 'Хабез'),
(5224, 3159, 5191, 'Черкесск'),
(5226, 3159, 5225, 'Бондари'),
(5227, 3159, 5225, 'Гавриловка Вторая'),
(5228, 3159, 5225, 'Жердевка'),
(5229, 3159, 5225, 'Знаменка'),
(5230, 3159, 5225, 'Инжавино'),
(5231, 3159, 5225, 'Кирсанов'),
(5232, 3159, 5225, 'Котовск'),
(5233, 3159, 5225, 'Мичуринск'),
(5234, 3159, 5225, 'Мордово'),
(5235, 3159, 5225, 'Моршанск'),
(5236, 3159, 5225, 'Мучкапский'),
(5237, 3159, 5225, 'Петровское'),
(5238, 3159, 5225, 'Пичаево'),
(5239, 3159, 5225, 'Рассказово'),
(5240, 3159, 5225, 'Ржакса'),
(5241, 3159, 5225, 'Староюрьево'),
(5242, 3159, 5225, 'Тамбов'),
(5243, 3159, 5225, 'Токаревка'),
(5244, 3159, 5225, 'Уварово'),
(5245, 3159, 5225, 'Умет'),
(5247, 3159, 5246, 'Агрыз'),
(5248, 3159, 5246, 'Азнакаево'),
(5249, 3159, 5246, 'Аксубаево'),
(5250, 3159, 5246, 'Актюбинский'),
(5251, 3159, 5246, 'Алексеевское'),
(5252, 3159, 5246, 'Альметьевск'),
(5253, 3159, 5246, 'Апастово'),
(5254, 3159, 5246, 'Арск'),
(5255, 3159, 5246, 'Бавлы'),
(5256, 3159, 5246, 'Базарные Матаки'),
(5257, 3159, 5246, 'Балтаси'),
(5258, 3159, 5246, 'Богатые Сабы'),
(5259, 3159, 5246, 'Брежнев'),
(5260, 3159, 5246, 'Бугульма'),
(5261, 3159, 5246, 'Буинск'),
(5262, 3159, 5246, 'Васильево'),
(5263, 3159, 5246, 'Верхний Услон'),
(5264, 3159, 5246, 'Высокая Гора'),
(5265, 3159, 5246, 'Дербешкинский'),
(5266, 3159, 5246, 'Елабуга'),
(5267, 3159, 5246, 'Заинск'),
(5268, 3159, 5246, 'Зеленодольск'),
(5269, 3159, 5246, 'Казань'),
(5270, 3159, 5246, 'Камское Устье'),
(5271, 3159, 5246, 'Карабаш'),
(5272, 3159, 5246, 'Куйбышев'),
(5273, 3159, 5246, 'Кукмод'),
(5274, 3159, 5246, 'Кукмор'),
(5275, 3159, 5246, 'Лаишево'),
(5276, 3159, 5246, 'Лениногорск'),
(5277, 3159, 5246, 'Мамадыш'),
(5278, 3159, 5246, 'Менделеевск'),
(5279, 3159, 5246, 'Мензелинск'),
(5280, 3159, 5246, 'Муслюмово'),
(5281, 3159, 5246, 'Набережные Челны'),
(5282, 3159, 5246, 'Нижнекамск'),
(5283, 3159, 5246, 'Новошешминск'),
(5284, 3159, 5246, 'Нурлат'),
(5285, 3159, 5246, 'Пестрецы'),
(5286, 3159, 5246, 'Рыбная Слобода'),
(5287, 3159, 5246, 'Сарманово'),
(5288, 3159, 5246, 'Старое Дрожжаное'),
(5289, 3159, 5246, 'Тетюши'),
(5290, 3159, 5246, 'Чистополь'),
(5292, 3159, 5291, 'Александровское'),
(5293, 3159, 5291, 'Асино'),
(5294, 3159, 5291, 'Бакчар'),
(5295, 3159, 5291, 'Батурино'),
(5296, 3159, 5291, 'Белый Яр'),
(5297, 3159, 5291, 'Зырянское'),
(5298, 3159, 5291, 'Итатка'),
(5299, 3159, 5291, 'Каргасок'),
(5300, 3159, 5291, 'Катайга'),
(5301, 3159, 5291, 'Кожевниково'),
(5302, 3159, 5291, 'Колпашево'),
(5303, 3159, 5291, 'Кривошеино'),
(5304, 3159, 5291, 'Мельниково'),
(5305, 3159, 5291, 'Молчаново'),
(5306, 3159, 5291, 'Парабель'),
(5307, 3159, 5291, 'Первомайское'),
(5308, 3159, 5291, 'Подгорное'),
(5309, 3159, 5291, 'Стрежевой'),
(5310, 3159, 5291, 'Томск'),
(5311, 3159, 5291, 'Тымск'),
(5313, 3159, 5312, 'Ак-Довурак'),
(5314, 3159, 5312, 'Бай Хаак'),
(5315, 3159, 5312, 'Кызыл'),
(5316, 3159, 5312, 'Самагалтай'),
(5317, 3159, 5312, 'Сарыг-Сеп'),
(5318, 3159, 5312, 'Суть-Холь'),
(5319, 3159, 5312, 'Тоора-Хем'),
(5320, 3159, 5312, 'Туран'),
(5321, 3159, 5312, 'Тээли'),
(5322, 3159, 5312, 'Хову-Аксы'),
(5323, 3159, 5312, 'Чадан'),
(5324, 3159, 5312, 'Шагонар'),
(5325, 3159, 5312, 'Эрзин'),
(5327, 3159, 5326, 'Агеево'),
(5328, 3159, 5326, 'Алексин'),
(5329, 3159, 5326, 'Арсеньево'),
(5330, 3159, 5326, 'Барсуки'),
(5331, 3159, 5326, 'Бегичевский'),
(5332, 3159, 5326, 'Богородицк'),
(5333, 3159, 5326, 'Болохово'),
(5334, 3159, 5326, 'Велегож'),
(5335, 3159, 5326, 'Венев'),
(5336, 3159, 5326, 'Волово'),
(5337, 3159, 5326, 'Горелки'),
(5338, 3159, 5326, 'Донской'),
(5339, 3159, 5326, 'Дубна'),
(5340, 3159, 5326, 'Епифань'),
(5341, 3159, 5326, 'Ефремов'),
(5342, 3159, 5326, 'Заокский'),
(5343, 3159, 5326, 'Казановка'),
(5344, 3159, 5326, 'Кимовск'),
(5345, 3159, 5326, 'Киреевск'),
(5346, 3159, 5326, 'Куркино'),
(5347, 3159, 5326, 'Ленинский'),
(5348, 3159, 5326, 'Новомосковск'),
(5349, 3159, 5326, 'Одоев'),
(5350, 3159, 5326, 'Плавск'),
(5351, 3159, 5326, 'Суворов'),
(5352, 3159, 5326, 'Тула'),
(5353, 3159, 5326, 'Узловая'),
(5354, 3159, 5326, 'Щекино'),
(5355, 3159, 5326, 'Ясногорск'),
(5357, 3159, 5356, 'Абатский'),
(5358, 3159, 5356, 'Аксарка'),
(5359, 3159, 5356, 'Армизонское'),
(5360, 3159, 5356, 'Аромашево'),
(5361, 3159, 5356, 'Бердюжье'),
(5362, 3159, 5356, 'Большое Сорокино'),
(5363, 3159, 5356, 'Вагай'),
(5364, 3159, 5356, 'Викулово'),
(5365, 3159, 5356, 'Винзили'),
(5366, 3159, 5356, 'Голышманово'),
(5367, 3159, 5356, 'Заводопетровский'),
(5368, 3159, 5356, 'Заводоуковск'),
(5369, 3159, 5356, 'Исетское'),
(5370, 3159, 5356, 'Ишим'),
(5371, 3159, 5356, 'Казанское'),
(5372, 3159, 5356, 'Казым-Мыс'),
(5373, 3159, 5356, 'Кондинское'),
(5374, 3159, 5356, 'Красноселькуп'),
(5375, 3159, 5356, 'Лабытнанги'),
(5376, 3159, 5356, 'Мужи'),
(5377, 3159, 5356, 'Надым'),
(5378, 3159, 5356, 'Находка'),
(5379, 3159, 5356, 'Нефтеюганск'),
(5380, 3159, 5356, 'Нижневартовск'),
(5381, 3159, 5356, 'Нижняя Тавда'),
(5382, 3159, 5356, 'Новый Уренгой'),
(5383, 3159, 5356, 'Ноябрьск'),
(5384, 3159, 5356, 'Нягань'),
(5385, 3159, 5356, 'Октябрьское'),
(5386, 3159, 5356, 'Омутинский'),
(5387, 3159, 5356, 'Радужный'),
(5388, 3159, 5356, 'Салехард'),
(5389, 3159, 5356, 'Сладково'),
(5390, 3159, 5356, 'Советский'),
(5391, 3159, 5356, 'Сургут'),
(5392, 3159, 5356, 'Тазовский'),
(5393, 3159, 5356, 'Тарко-Сале'),
(5394, 3159, 5356, 'Тобольск'),
(5395, 3159, 5356, 'Тюмень'),
(5396, 3159, 5356, 'Уват'),
(5397, 3159, 5356, 'Упорово'),
(5398, 3159, 5356, 'Урай'),
(5399, 3159, 5356, 'Ханты-Мансийск'),
(5400, 3159, 5356, 'Юрибей'),
(5401, 3159, 5356, 'Ялуторовск'),
(5402, 3159, 5356, 'Яр-Сале'),
(5403, 3159, 5356, 'Ярково'),
(5405, 3159, 5404, 'Алнаши'),
(5406, 3159, 5404, 'Балезино'),
(5407, 3159, 5404, 'Вавож'),
(5408, 3159, 5404, 'Воткинск'),
(5409, 3159, 5404, 'Глазов'),
(5410, 3159, 5404, 'Грахово'),
(5411, 3159, 5404, 'Дебесы'),
(5412, 3159, 5404, 'Завьялово'),
(5413, 3159, 5404, 'Игра'),
(5414, 3159, 5404, 'Ижевск'),
(5415, 3159, 5404, 'Кама'),
(5416, 3159, 5404, 'Камбарка'),
(5417, 3159, 5404, 'Каракулино'),
(5418, 3159, 5404, 'Кез'),
(5419, 3159, 5404, 'Кизнер'),
(5420, 3159, 5404, 'Киясово'),
(5421, 3159, 5404, 'Красногорское'),
(5422, 3159, 5404, 'Можга'),
(5423, 3159, 5404, 'Сарапул'),
(5424, 3159, 5404, 'Селты'),
(5425, 3159, 5404, 'Сюмси'),
(5426, 3159, 5404, 'Ува'),
(5427, 3159, 5404, 'Устинов'),
(5428, 3159, 5404, 'Шаркан'),
(5429, 3159, 5404, 'Юкаменское'),
(5430, 3159, 5404, 'Якшур-Бодья'),
(5431, 3159, 5404, 'Яр'),
(5433, 3159, 5432, 'Базарный Сызган'),
(5434, 3159, 5432, 'Барыш'),
(5435, 3159, 5432, 'Большое Нагаткино'),
(5436, 3159, 5432, 'Вешкайма'),
(5437, 3159, 5432, 'Глотовка'),
(5438, 3159, 5432, 'Димитровград'),
(5439, 3159, 5432, 'Игнатовка'),
(5440, 3159, 5432, 'Измайлово'),
(5441, 3159, 5432, 'Инза'),
(5442, 3159, 5432, 'Ишеевка'),
(5443, 3159, 5432, 'Канадей'),
(5444, 3159, 5432, 'Карсун'),
(5445, 3159, 5432, 'Кузоватово'),
(5446, 3159, 5432, 'Майна'),
(5447, 3159, 5432, 'Новая Малыкла'),
(5448, 3159, 5432, 'Новоспасское'),
(5449, 3159, 5432, 'Павловка'),
(5450, 3159, 5432, 'Радищево'),
(5451, 3159, 5432, 'Сенгилей'),
(5452, 3159, 5432, 'Старая Кулатка'),
(5453, 3159, 5432, 'Старая Майна'),
(5454, 3159, 5432, 'Сурское'),
(5455, 3159, 5432, 'Тереньга'),
(5456, 3159, 5432, 'Ульяновск'),
(5457, 3159, 5432, 'Чердаклы'),
(5459, 3159, 5458, 'Аксай'),
(5460, 3159, 5458, 'Дарьинское'),
(5461, 3159, 5458, 'Деркул'),
(5462, 3159, 5458, 'Джамбейты'),
(5463, 3159, 5458, 'Джаныбек'),
(5464, 3159, 5458, 'Казталовка'),
(5465, 3159, 5458, 'Калмыково'),
(5466, 3159, 5458, 'Каратобе'),
(5467, 3159, 5458, 'Переметное'),
(5468, 3159, 5458, 'Сайхин'),
(5469, 3159, 5458, 'Уральск'),
(5470, 3159, 5458, 'Федоровка'),
(5471, 3159, 5458, 'Фурманово'),
(5472, 3159, 5458, 'Чапаев'),
(5474, 3159, 5473, 'Амурск'),
(5475, 3159, 5473, 'Аян'),
(5476, 3159, 5473, 'Березовый'),
(5477, 3159, 5473, 'Бикин'),
(5478, 3159, 5473, 'Бира'),
(5479, 3159, 5473, 'Биракан'),
(5480, 3159, 5473, 'Богородское'),
(5481, 3159, 5473, 'Болонь'),
(5482, 3159, 5473, 'Ванино'),
(5483, 3159, 5473, 'Волочаевка Вторая'),
(5484, 3159, 5473, 'Высокогорный'),
(5485, 3159, 5473, 'Вяземский'),
(5486, 3159, 5473, 'Горный'),
(5487, 3159, 5473, 'Гурское'),
(5488, 3159, 5473, 'Дормидонтовка'),
(5489, 3159, 5473, 'Заветы Ильича'),
(5490, 3159, 5473, 'Известковый'),
(5491, 3159, 5473, 'Иннокентьевка'),
(5492, 3159, 5473, 'Комсомольск-на-Амуре'),
(5493, 3159, 5473, 'Ленинское'),
(5494, 3159, 5473, 'Нелькан'),
(5495, 3159, 5473, 'Николаевск-на-Амуре'),
(5496, 3159, 5473, 'Облучье'),
(5497, 3159, 5473, 'Охотск'),
(5498, 3159, 5473, 'Переяславка'),
(5499, 3159, 5473, 'Смидович'),
(5500, 3159, 5473, 'Советская Гавань'),
(5501, 3159, 5473, 'Софийск'),
(5502, 3159, 5473, 'Троицкое'),
(5503, 3159, 5473, 'Тугур'),
(5504, 3159, 5473, 'Хабаровск'),
(5505, 3159, 5473, 'Чегдомын'),
(5506, 3159, 5473, 'Чумикан'),
(5508, 3159, 5507, 'Агаповка'),
(5509, 3159, 5507, 'Аргаяш'),
(5510, 3159, 5507, 'Аша'),
(5511, 3159, 5507, 'Бакал'),
(5512, 3159, 5507, 'Бреды'),
(5513, 3159, 5507, 'Варна'),
(5514, 3159, 5507, 'Верхнеуральск'),
(5515, 3159, 5507, 'Верхний Уфалей'),
(5516, 3159, 5507, 'Еманжелинск'),
(5517, 3159, 5507, 'Златоуст'),
(5518, 3159, 5507, 'Карабаш'),
(5519, 3159, 5507, 'Карталы'),
(5520, 3159, 5507, 'Касли'),
(5521, 3159, 5507, 'Катав-Ивановск'),
(5522, 3159, 5507, 'Копейск'),
(5523, 3159, 5507, 'Коркино'),
(5524, 3159, 5507, 'Кунашак'),
(5525, 3159, 5507, 'Куса'),
(5526, 3159, 5507, 'Кыштым'),
(5527, 3159, 5507, 'Магнитогорск'),
(5528, 3159, 5507, 'Миасс'),
(5529, 3159, 5507, 'Октябрьское'),
(5530, 3159, 5507, 'Пласт'),
(5531, 3159, 5507, 'Сатка'),
(5532, 3159, 5507, 'Сим'),
(5533, 3159, 5507, 'Троицк'),
(5534, 3159, 5507, 'Увельский'),
(5535, 3159, 5507, 'Уйское'),
(5536, 3159, 5507, 'Усть-Катав'),
(5537, 3159, 5507, 'Фершампенуаз'),
(5538, 3159, 5507, 'Чебаркуль'),
(5539, 3159, 5507, 'Челябинск'),
(5540, 3159, 5507, 'Чесма'),
(5541, 3159, 5507, 'Южно-Уральск'),
(5542, 3159, 5507, 'Юрюзань'),
(5544, 3159, 5543, 'Аргун'),
(5545, 3159, 5543, 'Грозный'),
(5546, 3159, 5543, 'Гудермез'),
(5547, 3159, 5543, 'Малгобек'),
(5548, 3159, 5543, 'Назрань'),
(5549, 3159, 5543, 'Наурская'),
(5550, 3159, 5543, 'Ножай-Юрт'),
(5551, 3159, 5543, 'Орджоникидзевская'),
(5552, 3159, 5543, 'Советское'),
(5553, 3159, 5543, 'Урус-Мартан'),
(5554, 3159, 5543, 'Шали'),
(5556, 3159, 5555, 'Агинское'),
(5557, 3159, 5555, 'Аксеново-Зиловское'),
(5558, 3159, 5555, 'Акша'),
(5559, 3159, 5555, 'Александровский Завод'),
(5560, 3159, 5555, 'Амазар'),
(5561, 3159, 5555, 'Арбагар'),
(5562, 3159, 5555, 'Атамановка'),
(5563, 3159, 5555, 'Балей'),
(5564, 3159, 5555, 'Борзя'),
(5565, 3159, 5555, 'Букачача'),
(5566, 3159, 5555, 'Газимурский Завод'),
(5567, 3159, 5555, 'Давенда'),
(5568, 3159, 5555, 'Дарасун'),
(5569, 3159, 5555, 'Дровяная'),
(5570, 3159, 5555, 'Дульдурга'),
(5571, 3159, 5555, 'Жиндо'),
(5572, 3159, 5555, 'Забайкальск'),
(5573, 3159, 5555, 'Итака'),
(5574, 3159, 5555, 'Калга'),
(5575, 3159, 5555, 'Карымское'),
(5576, 3159, 5555, 'Кличка'),
(5577, 3159, 5555, 'Ключевский'),
(5578, 3159, 5555, 'Кокуй'),
(5579, 3159, 5555, 'Краснокаменск'),
(5580, 3159, 5555, 'Красный Чикой'),
(5581, 3159, 5555, 'Кыра'),
(5582, 3159, 5555, 'Моготуй'),
(5583, 3159, 5555, 'Могоча'),
(5584, 3159, 5555, 'Нерчинск'),
(5585, 3159, 5555, 'Нерчинский Завод'),
(5586, 3159, 5555, 'Нижний Часучей'),
(5587, 3159, 5555, 'Оловянная'),
(5588, 3159, 5555, 'Первомайский'),
(5589, 3159, 5555, 'Петровск-Забайкальский'),
(5590, 3159, 5555, 'Приаргунск'),
(5591, 3159, 5555, 'Сретенск'),
(5592, 3159, 5555, 'Тупик'),
(5593, 3159, 5555, 'Улеты'),
(5594, 3159, 5555, 'Хилок'),
(5595, 3159, 5555, 'Чара'),
(5596, 3159, 5555, 'Чернышевск'),
(5597, 3159, 5555, 'Чита'),
(5598, 3159, 5555, 'Шелопугино'),
(5599, 3159, 5555, 'Шилка'),
(5601, 3159, 5600, 'Алатырь'),
(5602, 3159, 5600, 'Аликово'),
(5603, 3159, 5600, 'Батырева'),
(5604, 3159, 5600, 'Буинск'),
(5605, 3159, 5600, 'Вурнары'),
(5606, 3159, 5600, 'Ибреси'),
(5607, 3159, 5600, 'Канаш'),
(5608, 3159, 5600, 'Киря'),
(5609, 3159, 5600, 'Комсомольское'),
(5610, 3159, 5600, 'Красноармейское'),
(5611, 3159, 5600, 'Красные Четаи'),
(5612, 3159, 5600, 'Кугеси'),
(5613, 3159, 5600, 'Мариинский Посад'),
(5614, 3159, 5600, 'Моргауши'),
(5615, 3159, 5600, 'Новочебоксарск'),
(5616, 3159, 5600, 'Порецкое'),
(5617, 3159, 5600, 'Урмары'),
(5618, 3159, 5600, 'Цивильск'),
(5619, 3159, 5600, 'Чебоксары'),
(5620, 3159, 5600, 'Шемурша'),
(5621, 3159, 5600, 'Шумерля'),
(5622, 3159, 5600, 'Ядрин'),
(5623, 3159, 5600, 'Яльчики'),
(5624, 3159, 5600, 'Янтиково'),
(5626, 3159, 5625, 'Андропов'),
(5627, 3159, 5625, 'Берендеево'),
(5628, 3159, 5625, 'Большое Село'),
(5629, 3159, 5625, 'Борисоглебский'),
(5630, 3159, 5625, 'Брейтово'),
(5631, 3159, 5625, 'Бурмакино'),
(5632, 3159, 5625, 'Варегово'),
(5633, 3159, 5625, 'Волга'),
(5634, 3159, 5625, 'Гаврилов Ям'),
(5635, 3159, 5625, 'Данилов'),
(5636, 3159, 5625, 'Любим'),
(5637, 3159, 5625, 'Мышкино'),
(5638, 3159, 5625, 'Некрасовское'),
(5639, 3159, 5625, 'Новый Некоуз'),
(5640, 3159, 5625, 'Переславль-Залесский'),
(5641, 3159, 5625, 'Пошехонье-Володарск'),
(5642, 3159, 5625, 'Ростов'),
(5643, 3159, 5625, 'Рыбинск'),
(5644, 3159, 5625, 'Тутаев'),
(5645, 3159, 5625, 'Углич'),
(5646, 3159, 5625, 'Ярославль'),
(5647, 3159, 3563, 'пос. Ждановский'),
(5648, 3159, 3563, 'Саров'),
(5649, 3159, 4503, 'Великий Новгород'),
(5650, 3159, 3563, 'пос. Луч');

-- --------------------------------------------------------

--
-- Структура таблицы `contractor`
--

DROP TABLE IF EXISTS `contractor`;
CREATE TABLE IF NOT EXISTS `contractor` (
  `id_contractor` int(11) NOT NULL,
  `country_id` int(6) NOT NULL,
  `region_id` int(6) NOT NULL,
  `city_id` int(6) NOT NULL,
  `org_name` varchar(80) NOT NULL,
  `status` tinyint(1) NOT NULL,
  `dogovor` varchar(60) NOT NULL,
  `method_payment` int(1) NOT NULL,
  `card_number` varchar(18) NOT NULL,
  `anketa` varchar(5) NOT NULL,
  `ownership` varchar(6) NOT NULL,
  `system_no` varchar(7) NOT NULL,
  `contact_name` varchar(250) NOT NULL,
  `passport` text NOT NULL,
  `mobile` varchar(200) NOT NULL,
  `phone` varchar(200) NOT NULL,
  `email` varchar(100) NOT NULL,
  `web` varchar(100) NOT NULL,
  `comment` text NOT NULL
) ENGINE=InnoDB AUTO_INCREMENT=94 DEFAULT CHARSET=utf8;

--
-- Дамп данных таблицы `contractor`
--

INSERT INTO `contractor` (`id_contractor`, `country_id`, `region_id`, `city_id`, `org_name`, `status`, `dogovor`, `method_payment`, `card_number`, `anketa`, `ownership`, `system_no`, `contact_name`, `passport`, `mobile`, `phone`, `email`, `web`, `comment`) VALUES
(5, 3159, 3761, 3770, 'ИТ-КОНСАЛТ', 1, '0070 от 28.04.2018', 2, '', 'Нет', 'ООО', 'Без НДС', 'Шевцов Руслан; Швед Павел; Юрьев Антон', '', '8-905-244-92-04; 8-906-237-52-25; 8-911-071-81-00, 8-962-251-52-50', '(4012) 98-41-24', 'zakaz90@inbox.ru; pavelvsh@mail.ru', 'http://itconsult.today/', 'делали СКС в Меге, работают по М.Видео'),
(6, 3159, 3994, 4019, 'IT-Проф КОМИ', 1, '0050', 2, '', 'Нет', 'ООО', 'Без НДС', 'Калиновский Константин Алексеевич', '', '+7-909-128-9999', '8-800-234-911-4( доб.301)', 'support@it-profkomi.ru', '', 'Бывшие ИТИКС, работают по Теле2'),
(7, 3159, 5507, 5527, 'Андрей Зайцев', 1, '', 1, '', 'Нет', 'ГПХ', 'ГПХ', 'Зайцев Андрей Александрович', '', '8-951-794-10-74', '', 'mgnandrei@rambler.ru', '', 'Нашли на Авито, работал раньше по аутсорсу. &#13;&#10;при отправке заявок- дублировать звонком'),
(8, 3159, 3563, 3612, 'RSS-Волга', 1, '', 2, '', 'Нет', 'ООО', 'Без НДС', 'многоканальный', '', '8(831)467-80-85', '', 'service@nnov.rss.ru', 'http://www.rss.ru', ''),
(9, 3159, 4026, 4036, 'Интеллект', 1, '', 1, '', 'Нет', 'ООО', 'Без НДС', 'Авраменко Роман', '', '8-903-898-28-06', '', 'ravramenko@i-cs.ru', 'http://i-cs.ru/contacts', ''),
(10, 3159, 4052, 4079, 'АйТи Лаб', 1, '0022', 2, '', 'Нет', 'ООО', 'Без НДС', 'Литвиненко Алексей', '', '8-905-438-85-80', '(861) 215-46-17', 'alexi@del-tech.ru', '', ''),
(11, 3159, 5507, 5539, 'Алиас', 1, '0020', 2, '', 'Нет', 'ООО', 'C НДС', 'Кузнецова Елена (менеджер)', '', '8 (351) 734-94-54', '', 'lenak@alias.ru', 'www.alias.ru', ''),
(12, 3159, 5080, 5106, 'Николай Модонов', 1, '', 1, '', 'Нет', 'ГПХ', 'ГПХ', 'Николай Модонов', '', '8-912-233-03-21', '', 'nmodonov@gmail.com', '', 'нашли на авито, работал по АСГ'),
(13, 3159, 5011, 5051, 'Жирков В.А.', 1, '0090', 2, '', 'Нет', 'ИП', 'Без НДС', 'Жирков Виктор Алексеевич (Гл.инж; Горбунов Артём Олегович (инж)', '', '8-924-664-92-15;8-914-300-03-59', '', 'noveks97@gmail.com; Alcohol_120@mail.ru', '', 'г. Якутск ул. Октябрьская, д. 1/1, оф. 201'),
(14, 3159, 4925, 4962, 'Усков Павел Александрович', 1, '', 1, '4817760130373735', 'Есть', 'ГПХ', 'ГПХ', 'Усков Павел Александрович', '', '8-981-147-13-66;8-911-819-62-88', '', 'uskov.pavel84@gmail.com', '', 'Анкета есть, готов сотрудничать'),
(15, 3159, 5432, 5456, 'Платонов Андрей Анатольевич', 1, '', 1, '', 'Нет', 'ГПХ', 'ГПХ', 'Платонов Андрей Анатольевич', '', '8-917-603-00-03', '', 'opel44@yandex.ru', '', 'Работает с Кондитерской фабрикой. Бывший админ. Посоветовал Куликов Игорь'),
(16, 3159, 4528, 4549, 'Апгрейд Сервис', 1, '0026', 2, '', 'Нет', 'ООО', 'Без НДС', 'Торопов Илья Александрович', '', '8-960-796-94-70', '', 'i.a.toropov@gmail.com', '', ''),
(17, 3159, 3563, 5648, 'Арсений Андреев', 1, '', 1, '4276420034579259', 'Нет', 'ГПХ', 'ГПХ', 'Арсений Андреев', '', '8-953-566-65-58', '', 'hellishololo@gmail.com', '', ''),
(18, 3159, 3841, 3854, 'Павел Хромых', 1, '', 1, '4276220013342681', 'Нет', 'ГПХ', 'ГПХ', 'Хромых Павел;Николай Корчагин', '', '8-919-037-81-61;8-909-251-17-37', '', 'pavelkhrom@mail.ru;avtoregress@gmail.com', '', 'Хороший, ходит в Теле2 по заявкам'),
(19, 3159, 5625, 5646, 'Кечемайкин Д.Н.', 1, '0086', 2, '', 'Нет', 'ИП', 'Без НДС', 'Кечемайкин Дмитрий Николаевич', '', '+7 (4852) 33-13-55', '', '', '', ''),
(20, 3159, 3563, 3565, 'Большаков Александр', 1, '', 2, '', 'Нет', 'ГПХ', 'ГПХ', 'Большаков Александр', '', '8-922-272-20-80', '8-922-587-15-78', 'n722080@gmail.com', '', 'Авито, ПНР &#34;Пятерочка&#34;(+выезды до 200 км), есть сотрудники.'),
(21, 3159, 4227, 4238, 'Тюленев Максим Сергеевич', 1, '0058', 1, '', 'Нет', 'ГПХ', 'ГПХ', 'Тюленев Максим Сергеевич', '', '8-904-293-37-17', '8-905-178-91-88', 'mstul777@mail.ru', '', 'Подключал ФР в М.Видео и СПП в Асконе'),
(22, 3159, 4734, 4741, 'Токфорт', 1, '0003', 2, '', 'Есть', 'ООО', 'Без НДС', 'Тягин Дмитрий Александрович (дир-р);Павел Дац;Дмитрий Заварзин', '', '8-904-629-73-82;(423) 299-73-82;8-902-555-15-70;8-904-628-17-70', '(423) 200-17-70', 'dir@tokfort.ru; pavel@tokfort.ru;shiroe@tokfort.ru;sale@tokfort.ru', 'http://tokfort.ru', ''),
(23, 3159, 3529, 3538, 'ТН', 1, '0007', 2, '', 'Нет', 'ООО', 'Без НДС', 'Кузнецов Александр Александрович', '', '7 920 468-52-25', '(473) 239-03-04', 'tega@tega.ru', '', 'Работают только 1200 руб/час или 1800 за выезд'),
(24, 3159, 3371, 3376, 'Бурда Роман', 0, '', 1, '', 'Нет', 'ГПХ', 'ГПХ', 'Бурда Роман', '', '8-910-298-02-55', '', 'burik13@rambler.ru', '', ''),
(25, 3159, 4052, 4079, 'Ткачев Владимир Александрович', 1, '', 1, '', 'Есть', 'ГПХ', 'ГПХ', 'Ткачев Владимир Александрович', '', '8-928-222-02-57', '', 'vladimir_tkachev@list.ru', '', ''),
(26, 3159, 3563, 3612, 'Вереск', 1, '0055 от 01.12.2017', 2, '', 'Нет', 'ООО', 'C НДС', 'ООО Вереск', '', '8 903 602 86 18; 414-86-18', '', 'ooo.veresk@mail.ru', '', 'Заправщики картриджей'),
(27, 3159, 3841, 3854, 'Страхолис Дмитрий', 1, '', 1, '', 'Нет', 'ГПХ', 'ГПХ', 'Страхолис Дмитрий', '', '8-920-092-97-18', '', 'das-484@ya.ru', '', 'Друг Саши Скирко, есть основная работа, редко может по заявкам'),
(28, 3159, 4312, 4400, 'ВТТ', 1, '', 2, '', 'Нет', 'ООО', 'C НДС', 'ВТТ', '', '8903 056-71-11', '8(831) 216-29-44', 'evolkova@volga.vtt.ru', '', ''),
(29, 3159, 3703, 3731, 'СТ', 1, '0078 от 01.08.2018', 2, '', 'Есть', 'ООО', 'Без НДС', 'Свириденко Иван', '', '8-908-641-91-11', '8-395-272-75-50 доб. 1', '283050@mail.ru;tn-irk@yandex.ru', '', ''),
(30, 3159, 4561, 4580, 'Партнер Сервис', 1, '', 1, '4274320021020430', 'Нет', 'ГПХ', 'ГПХ', 'Вяткин Вадим', '', '8-913-971-16-77', 'Tel.: +7 3812 20-45-54; fax: +7 3812 25-23-52', 'm.service55@mail.ru', '', 'ходят по заявкам в Цюрих'),
(31, 3159, 5356, 5395, 'Гавриловский Андрей', 1, '', 1, '', 'Нет', 'ГПХ', 'ГПХ', 'Гавриловский Андрей', '', '8-919-946-42-82;&#13;&#10;8-932-329-03-30', '', 'andry-777@mail.ru', '', 'Ходил в ППФ и в Росреестр, глупый'),
(32, 3159, 5356, 5395, 'Маматуллин А.А.', 1, '0087 от 01.11.2018', 1, '', 'Нет', 'ИП', 'Без НДС', 'Маматуллин Антон Альбрусович', '', '8-3452-60-84-36;8-3452-39-02-79', '', 'maa@i-t-5.ru', '', 'подрядчики CTI, работал по Дельта Кредит'),
(33, 3159, 5246, 5269, 'Матвеев Олег Николаевич', 1, '', 1, '', 'Нет', 'ГПХ', 'ГПХ', 'Матвеев Олег Николаевич', '', '8-927-249-92-94', '', 'olegm100@mail.ru', '', ''),
(34, 3159, 5507, 5527, 'Магсис', 1, '0019 от 01.03.2017', 2, '', 'Нет', 'ООО', 'Без НДС', 'Макеев Дмитрий', '', '8-902-606-66-12;8-908 068-45-00', '', 'info@magsis.ru;d.makeev@magsis.ru', '', ''),
(35, 3159, 4925, 4962, 'Лобачев Василий Алексеевич', 1, '', 1, '', 'Нет', 'ГПХ', 'ГПХ', 'Лобачев Василий Алексеевич', '', '8-911-255-66-92', '', 'lv-power@yandex.ru', '', ''),
(36, 3159, 4800, 4802, 'Чибисов Виктор Игоревич', 0, '', 1, '', 'Нет', 'ГПХ', 'ГПХ', 'Чибисов Виктор Игоревич', '', '8-928-624-87-62; 8-961-300-70-07', '+7(863)-234-27-93', 'rat-jocker@mail.ru; chibisov84@gmail.com', '', ''),
(37, 3159, 5246, 5269, 'Линт', 1, '0037 от 01.07.2017', 2, '', 'Нет', 'ООО', 'Без НДС', 'Галузо Андрей', '', '8-987-29-040-56', '8 (843) 5-183-183', 'galuzo@lint.ru; titova@lint.ru; Ic2005@yandex.ru', '', 'Раньше обслуживал ТЕЛЕ2 в Казани.В субботу и воскресенье заявки дублировать на Ic2005@yandex.ru'),
(38, 3159, 5600, 5601, 'Кудяков Владимир Юрьевич', 0, '', 1, '', 'Нет', 'ГПХ', 'ГПХ', 'Кудяков Владимир Юрьевич', '', '8-917-651-58-54', '(8352)-511-723', '', '', 'По рекомендации Алексея Зыкова. Только обслуживание, но в нескольких регионах (за уралом)'),
(39, 3159, 4861, 4879, 'Крючков Евгений Викторович', 1, '', 1, '', 'Нет', 'ГПХ', 'ГПХ', 'Крючков Евгений Викторович', '', '8-920-951-19-87', '', 'ithelp-62@yandex.ru', '', 'Работает на Максима Редькина (всё только через него)'),
(40, 3159, 5625, 5646, 'Генералов Денис', 1, '', 2, '', 'Нет', 'ГПХ', 'ГПХ', 'Генералов Денис', '', '8-999-799-64-72', '', 'kaktusservice76@gmail.com', '', 'Теперь вместо Бесшапошникова по Ярославлю, работает по АСГ, по задачам от Вентры'),
(41, 3159, 3437, 3438, 'Смарт', 0, '', 2, '', 'Есть', 'ООО', 'Без НДС', 'Корнев Владимир', '', '8-919-011-99-10', '8-910-170-44-40', 'smart-it@rambler.ru', 'http://smart-it.ucoz.ru/', 'Франшиза 1С. Работают на местном уровне. Отличный партнер'),
(42, 3159, 4925, 4946, 'Григорий', 1, '', 1, '', 'Нет', 'ООО', 'ГПХ', 'Григорий', '', '8-911-740-50-60', '', '', '', 'Нашли на Авито, работал в ДиректКредит Кириши'),
(43, 3159, 4052, 4055, 'Слава', 0, '', 1, '', 'Нет', 'ГПХ', 'ГПХ', 'Слава', '', '8-918-673-03-57', '', 'axe0072010@yandex.ru', '', '28.08 - только как подработка, есть основная работа'),
(44, 3159, 4052, 4055, 'Денис', 0, '', 1, '', 'Нет', 'ГПХ', 'ГПХ', 'Денис', '', '8-918-058-11-89', '', 'brother@rambler.ru', '', '28.08 - только как подработка, есть основная работа'),
(45, 3159, 3563, 5648, 'Корбут Сергей', 1, '', 1, '', 'Нет', 'ГПХ', 'ГПХ', 'Корбут Сергей', '', '8-952-448-24-91', '', 's_korbut@mail.ru', '', ''),
(46, 3159, 5080, 5106, 'Копи-ЛК', 1, '0086 от 01.11.2018', 2, '', 'Есть', 'ООО', 'C НДС', 'Николай Першин', '', '8-912-285-07-07', '(343) 216-24-64', 'pnn@rdm-ural.ru', 'http://www.rdm-ural.ru', 'Скорее всего, не хотят с нами работать.'),
(47, 3159, 4052, 4055, 'Сергей', 0, '', 1, '', 'Нет', 'ГПХ', 'ГПХ', 'Сергей', '', '8-952-869-74-70', '', 'lu231@list.ru', '', '28.08 - готов сотрудничать'),
(48, 3159, 4052, 4055, 'Сергей', 0, '', 1, '', 'Нет', 'ГПХ', 'ГПХ', 'Сергей', '', '8-918-498-12-31', '', 'gray@mail.ru', '', '03.09 - работает в ит-аутсорсе, готов сотрудничать'),
(49, 3159, 3563, 3565, 'Фомин Александр Михайлович', 0, '', 1, '', 'Есть', 'ГПХ', 'ГПХ', 'Фомин Александр Михайлович', '', '8-952-779-96-64', '', 'fmaf@rambler.ru', '', 'Из Авито. Готов на подработку'),
(50, 3159, 3563, 3565, 'Бобков Алексей Александрович', 0, '', 1, '', 'Есть', 'ГПХ', 'ГПХ', 'Бобков Алексей Александрович', '', '8-910-130-87-87', '', 'bobkov87@ya.ru', '', 'Работает по М.Видео'),
(51, 3159, 3563, 3565, 'Дмитрий', 0, '', 1, '', 'Нет', 'ГПХ', 'ГПХ', 'Дмитрий', '', '8-904-040-3180', '', 'zo0m1k@mail.ru', '', ''),
(52, 3159, 3563, 3565, 'Дьяченко С.С.', 1, '', 2, '', 'Нет', 'ИП', 'Без НДС', 'Сергей Дьяченко', '', '8-915-958-55-58; 8(831-47) 7-65-43-контора; 8-909-299-93-09 - Инженер Илья', '', 'ite@arzamas.net - заявки; ite@arzamas.net - Анна Вяльдина; sd@arzamas.net', '', ''),
(53, 3159, 4734, 4736, 'Степанов Пётр Владимирович', 0, '', 1, '', 'Нет', 'ГПХ', 'ГПХ', 'Степанов Пётр Владимирович', '', '8-914-716-30-70', '', '', '', ''),
(54, 3159, 3251, 3253, 'Кокорин М. Ю.', 0, '', 2, '', 'Есть', 'ИП', 'Без НДС', 'Михаил Кокорин', '', '8-8182-43-05-95', '', 'itspec29@gmail.com', '', ''),
(55, 3159, 3251, 3253, 'Компьютерный мастер', 0, '', 2, '', 'Нет', 'ООО', 'Без НДС', 'Компьютерный мастер', '', '8-8182-47-04-48', '', '', 'http://rempc29.wix.com/470448', ''),
(56, 3159, 3282, 3283, 'Компания IT-30', 0, '', 2, '', 'Нет', 'ООО', 'Без НДС', 'Хачатурян Андрей (руководитель); Степан (менеджер)', '', '+7 (8512) 666-777; 8-967-821-73-33', '', 'AKhachaturyan@it-30.ru; akazikenov@it-30.ru; info@it-30.ru', 'www.IT-30.ru', ''),
(57, 3159, 5625, 5646, 'Никита Ковальский', 1, '', 1, '', 'Нет', 'ГПХ', 'ГПХ', 'Никита Ковальский;Генералов Денис', '', '8-999-799-64-65;8-999-799-64-72', '', 'kovalskynikita@gmail.com; kaktusservice76@gmail.com', '', 'Теперь вместо Бесшапошникова по Ярославлю, работают по АСГ, по задачам от Вентры.'),
(58, 3159, 3282, 3283, 'ИТ-Хелп 30', 0, '', 2, '', 'Есть', 'ООО', 'Без НДС', 'Широков Геннадий Алексеевич - директор; Екатерина - бухгалтер', '', '8-908‒610‒57‒03; 8-917-083-65-74 - личный; 8-908-610-57-03 - бухгалтер', '8-8512-705-703; 8-800-7000-795', 'info@ithelp30.ru', 'http://ithelp30.ru/ ; http://ithelp30.ru/Zakaz_mastera.php', ''),
(59, 3159, 3282, 3283, 'АйТи Пак', 0, '', 2, '', 'Нет', 'ООО', 'Без НДС', 'Олег - менеджер', '', '8-8512-711-911', '', '502@itpack.pro', 'http://www.itpack.ru/', ''),
(60, 3159, 3282, 3283, 'Q-Сервис', 0, '', 2, '', 'Нет', 'ООО', 'Без НДС', 'Q-Сервис', '', '8-917-091-16-42', '8-8512-299-110; 8-8512-62-76-45', '', '', 'заправка картриджа А280 - 250 р.&#13;&#10;Адрес: г. Астрахань, ул. Савушкина, 6 и 10'),
(61, 3159, 3282, 3283, 'Компьютер Сервис', 0, '', 2, '', 'Нет', 'ООО', 'Без НДС', 'Компьютер Сервис', '', '8-8512-75-95-22', '8-8512-62-41-88', 'Ladomir@gmail.com', '', 'Адрес: г. Астрахань, ул. Бабушкина, д. 44&#13;&#10;'),
(62, 3159, 3282, 3283, 'Коновской', 0, '', 2, '', 'Нет', 'ИП', 'Без НДС', 'Коновской Максим Александрович', '', '8-927-664-2424', '8-851-2998840', 'maxim.konovsky@gmail.com', '', ''),
(63, 3159, 3994, 4019, 'Дитис', 1, '', 2, '', 'Нет', 'ООО', 'Без НДС', 'Патраков Александр; Анатолий', '', '8-904-270-55-75', '8 (8212) 400 922', 'apatrakov@1ditis.ru ; v.ivanchenko@1ditis.ru ; avorokhobin@1ditis.ru ; help@1ditis.ru', '1ditis.ru', 'Посоветовал его Большаков Александр из Сыктывкара'),
(64, 3159, 4561, 4580, 'Дроздов Анатолий Владимирович', 0, '', 1, '', 'Нет', 'ГПХ', 'ГПХ', 'Дроздов Анатолий Владимирович', '', '8(962)032-82-00', ' р.т. (3812) 40-83-41 (д 131)', 'tobisir@mail.ru', '', 'уехал из Омска, телефон не доступен'),
(65, 3159, 3563, 3565, 'Жирунов Дмитрий Евгеньевич', 0, '', 1, '', 'Есть', 'ГПХ', 'ГПХ', 'Жирунов Дмитрий Евгеньевич', '', '8-951-901-26-95', '', 'dimazhirunov@mail.ru', '', 'Обслуживает &#34;Пятерочку&#34; от ООО Ока Волга'),
(66, 3159, 4689, 4720, 'Евгений', 1, '', 1, '', 'Нет', 'ГПХ', 'ГПХ', 'Замахаев Евгений Александрович', '', '8-922-366-60-55', '', 'zam_ea@mail.ru', '', 'из авито'),
(67, 3159, 3841, 3854, 'Владислав', 1, '', 1, '', 'Нет', 'ГПХ', 'ГПХ', 'Владислав Зимасков', '', '8-906-640-90-46', '', 'zimave@mail.ru', '', 'работал с нами по Теле2 и ДиректКредит&#13;&#10;'),
(68, 3159, 3437, 3457, 'Зимин Андрей Павлович', 1, '', 1, '', 'Нет', 'ГПХ', 'ГПХ', 'Зимин Андрей Павлович', '', '8-904-599-55-88', '', 'kiberhelpkovrov@yandex.ru', '', ''),
(69, 3159, 5600, 5619, 'Иванов Николай Валерьевич', 1, '', 1, '', 'Нет', 'ГПХ', 'ГПХ', 'Иванов Николай Валерьевич', '', '8-960-307-20-78', '', 'kolian_re@list.ru', '', ''),
(70, 3159, 3921, 3933, 'Элефант (Инфотех)', 1, '', 2, '', 'Нет', 'ООО', 'Без НДС', 'Сергей Гатилов; Юсупов Руслан; Мельничихин Артур', '', '7-923-600-50-31; +7-923-600-50-32; +7(3842) 450505; +79039468086', '(3842) 336-553; (3842) 588-243; 8-923-500-50-34', 'it@ins42.ru; mak@ins42.ru', '', ''),
(71, 3159, 3437, 3461, 'Киров Владимир', 1, '', 1, '4817760079712612', 'Нет', 'ГПХ', 'ГПХ', 'Киров Владимир', '', '8-920-906-22-94', '8-900-590-66-61', 'himikcl@mail.ru', '', ''),
(72, 3159, 5291, 5310, 'Инфотех', 1, '', 2, '', 'Есть', 'ООО', 'Без НДС', 'Ружицкий Михаил; Гордеев Виктор', '', '8-952-154-27-43; 8-952-164-71-64', '(3822) 93-36-38', 'infotech.tomsk@mail.ru', '', 'Работает с нами по Теле 2 и другим проектам'),
(73, 3159, 5161, 5184, 'Каритин Константин Сергеевич', 1, '', 1, '', 'Нет', 'ГПХ', 'ГПХ', 'Каритин Константин Сергеевич', '', '920-665-4558', '481-266-2429', 'covertdark@mail.ru', '', ''),
(74, 3159, 4105, 4149, 'Александров Е.В.', 1, '', 2, '', 'Нет', 'ИП', 'Без НДС', 'Александров Евгений', '', '8-913-532-21-17', '', 'leka_2@mail.ru', '', ''),
(75, 3159, 4287, 4306, 'Аржадеев С.В.', 1, '', 2, '', 'Есть', 'ИП', 'Без НДС', 'Аржадеев Сергей Васильевич', '', '8-937-517-00-77', '', 'device113@yandex.ru', 'http://device13.ru/', 'Авито, ПНР &#34;Пятёрочка&#34;,Очень заинтересован в работе,сотрудники есть,на выезды готов. Сам заправляет картриджи для Пятерочек'),
(76, 3159, 3296, 3345, 'Черный П.И.', 1, '0064 от 16.02.2018', 2, '', 'Нет', 'ИП', 'Без НДС', 'Черный Павел Иванович', '', '7-927-231-70-11', '', 'pavel@proprintservice.ru; pcherniy@gmail.com; pavelcherniy@yandex.ru', '', 'Хочет сотрудничать'),
(77, 3159, 3841, 3854, 'Асмолов (Апгрейд Сервис)', 1, '', 2, '', 'Нет', 'ИП', 'Без НДС', 'Богомолов Андрей Викторович - директор по развитию', '', '8 965 708 11 69', '8-4842-758-759 доб. 1105', '&#34;a.bogomolov@upgradecenter.ru ; it@upgradecenter.ru&#34;', '', 'Нашли нас на Авито. Тупые'),
(78, 3159, 4891, 4917, 'Васильев А.В.', 1, '', 2, '', 'Нет', 'ИП', 'Без НДС', 'Андрей', '', '7 (964) 982-51-88', '(846) 273-49-00', 'vidsmr@mail.ru', 'http://самтехсервис.рф', 'Ремонтировали МФУ в Дельта-Кредит банк. Хорошие. г. Самара, Советской Армии ул., д.180, стр.1 (офис 809а). Менеджер Ольга'),
(79, 3159, 3437, 3446, 'Ветров В.С.', 1, '', 2, '', 'Нет', 'ИП', 'Без НДС', 'Ветров Валерий Сергеевич', '', '8-920-916-20-30', '', 'detach@mail.ru', '', ''),
(80, 3159, 4891, 4917, 'Головачев А.Б.', 1, '', 2, '', 'Нет', 'ИП', 'Без НДС', 'Андрей', '', '8-937-182-81-90;8-917-942-02-28', '', 'abg8@yandex.ru', 'http://www.recdata.ru/contact.html', ''),
(81, 3159, 4800, 4848, 'Зуб Е.П.', 1, '', 2, '', 'Нет', 'ИП', 'Без НДС', 'Зуб Евгений Петрович', '', '8-918-554-33-67', '', 'zub@neosvc.ru', '', 'Подрядчики СиТиАй'),
(82, 3159, 5473, 5504, 'Исаев А.А.', 1, '', 2, '', 'Нет', 'ИП', 'Без НДС', 'Вычужанин Вячеслав; Александр', '', '8-962-586-33-12; 8(4212)22-22-12', '', 'mefedrin@yandex.ru ; printax@bk.ru ; support@printax27.ru', 'http://itispro.ru/index.php', ''),
(83, 3159, 4689, 4720, 'Исаков (Бумбокс)', 1, '', 2, '', 'Нет', 'ИП', 'Без НДС', 'Исаков Алексей Борисович', '', '8-906-876-49-90', '8 (342) 2-700-901; 8 (342) 2-700-121', 'it@itboombox.ru', '', ''),
(84, 3159, 3784, 3823, 'Квас Р.П.', 1, '', 2, '', 'Нет', 'ИП', 'Без НДС', 'Квас Руслан', '', '7 (920) 153-00-45', '', 'mail@ipkvas.ru', '', ''),
(85, 3159, 5246, 5269, 'Кормишин Д.Е.', 1, '', 2, '', 'Нет', 'ИП', 'Без НДС', 'Дмитрий Кормишин', '', '8-919-636-72-36; 8-927-453-95-75', 'Екатерина (менеджер) - 8-912-870-41-41; Миронов Роман 8-927-425-44-34', 'kde@uplink-pro.com ; sod@uplink-pro.com ; shea@uplink-pro.com', '', ''),
(86, 3159, 4800, 4848, 'Ляхов О.Ю.', 1, '', 2, '', 'Нет', 'ИП', 'Без НДС', 'Ляхов Олег Юрьевич', '', '8-918-897-59-90', '', 'oleg121@list.ru', '', ''),
(88, 3159, 5191, 5219, 'Меновщиков К.', 1, '', 2, '', 'Нет', 'ИП', 'Без НДС', 'Меновщиков Константин', '', '8(928) 315-29-21', '(8652) 62-63-49', 'free-wap@mail.ru ; mail@it-srvc.ru', 'http://it-srvc.ru', 'Посоветовал Владимир Чукаев (Си-Ти-Ай)'),
(89, 3159, 3952, 3963, 'Новоселов К.А.', 1, '', 2, '', 'Нет', 'ИП', 'Без НДС', 'Дарья Калюжная; Новоселов Константин Александрович', '', '8 922 911 90 05; 8-919-502-56-77; 8-922-668-78-94; 7 (8332) 78-78-94', '(8332) 65 42 88 вн.1; (8332) 65-42-88; Надежда 8-922-912-9080; Андрей (ресепшн) 8-922-907-70-07&#13;&#10;', 'Managerservice2@techprom.ru ; mail2dima@mail.ru ; service@techprom.ru ; kva2402@mail.ru', '', 'его рекомендовал Петялин для работ по Пятерочкам'),
(90, 3159, 4969, 5005, 'Татаев А.А.', 1, '', 2, '', 'Нет', 'ИП', 'Без НДС', 'Александр', '', '8-906-307-82-69', '(8452) 248-269; (8452) 280-697&#13;&#10;', 'itsaratov@mail.ru ; itsaratov.manager@mail.ru', '', ''),
(91, 3159, 4227, 4238, 'Филипчук Д.Н.', 1, '', 2, '', 'Нет', 'ИП', 'Без НДС', 'Филипчук Дмитрий Николаевич', '', '8-904-288-45-46; +7 (915) 551-86-67', '(4742) 71-45-46', 'help@ksigma.ru ; dn@filipchuk.ru ; dn@ksigma.ru', '', 'Ранее работал с Системой&#13;&#10;'),
(92, 3159, 3784, 3823, 'Интегральные системы', 1, '', 2, '', 'Нет', 'ООО', 'Без НДС', 'Константин Данель', '', '8-965-724-20-61', '', 'danelkv@gmail.com', '', 'выполнял монтаж по метлайф'),
(93, 3159, 3563, 3612, 'Скирко В.Н.', 1, '', 2, '', 'Нет', 'ИП', 'Без НДС', 'Скирко Владимир Николаевич', '', '8-920-070-09-70', '', '', '', '');

-- --------------------------------------------------------

--
-- Структура таблицы `country`
--

DROP TABLE IF EXISTS `country`;
CREATE TABLE IF NOT EXISTS `country` (
  `country_id` int(11) unsigned NOT NULL,
  `city_id` int(11) NOT NULL DEFAULT '0',
  `name` varchar(128) NOT NULL DEFAULT ''
) ENGINE=InnoDB AUTO_INCREMENT=7716094 DEFAULT CHARSET=utf8;

--
-- Дамп данных таблицы `country`
--

INSERT INTO `country` (`country_id`, `city_id`, `name`) VALUES
(4, 0, 'Австралия'),
(63, 0, 'Австрия'),
(81, 0, 'Азербайджан'),
(173, 0, 'Ангуилья'),
(177, 0, 'Аргентина'),
(245, 0, 'Армения'),
(248, 0, 'Беларусь'),
(401, 0, 'Белиз'),
(404, 0, 'Бельгия'),
(425, 0, 'Бермуды'),
(428, 0, 'Болгария'),
(467, 0, 'Бразилия'),
(616, 0, 'Великобритания'),
(924, 0, 'Венгрия'),
(971, 0, 'Вьетнам'),
(994, 0, 'Гаити'),
(1007, 0, 'Гваделупа'),
(1012, 0, 'Германия'),
(1206, 0, 'Голландия'),
(1258, 0, 'Греция'),
(1280, 0, 'Грузия'),
(1366, 0, 'Дания'),
(1380, 0, 'Египет'),
(1393, 0, 'Израиль'),
(1451, 0, 'Индия'),
(1663, 0, 'Иран'),
(1696, 0, 'Ирландия'),
(1707, 0, 'Испания'),
(1786, 0, 'Италия'),
(1894, 0, 'Казахстан'),
(2163, 0, 'Камерун'),
(2172, 0, 'Канада'),
(2297, 0, 'Кипр'),
(2303, 0, 'Киргызстан'),
(2374, 0, 'Китай'),
(2430, 0, 'Коста-Рика'),
(2443, 0, 'Кувейт'),
(2448, 0, 'Латвия'),
(2509, 0, 'Ливия'),
(2514, 0, 'Литва'),
(2614, 0, 'Люксембург'),
(2617, 0, 'Мексика'),
(2788, 0, 'Молдова'),
(2833, 0, 'Монако'),
(2837, 0, 'Новая Зеландия'),
(2880, 0, 'Норвегия'),
(2897, 0, 'Польша'),
(3141, 0, 'Португалия'),
(3156, 0, 'Реюньон'),
(3159, 0, 'Россия'),
(5647, 0, 'Сальвадор'),
(5666, 0, 'Словакия'),
(5673, 0, 'Словения'),
(5678, 0, 'Суринам'),
(5681, 0, 'США'),
(9575, 0, 'Таджикистан'),
(9638, 0, 'Туркменистан'),
(9701, 0, 'Туркс и Кейкос'),
(9705, 0, 'Турция'),
(9782, 0, 'Уганда'),
(9787, 0, 'Узбекистан'),
(9908, 0, 'Украина'),
(10648, 0, 'Финляндия'),
(10668, 0, 'Франция'),
(10874, 0, 'Чехия'),
(10904, 0, 'Швейцария'),
(10933, 0, 'Швеция'),
(10968, 0, 'Эстония'),
(11002, 0, 'Югославия'),
(11014, 0, 'Южная Корея'),
(11060, 0, 'Япония'),
(277551, 0, 'Нидерланды'),
(277553, 0, 'Хорватия'),
(277555, 0, 'Румыния'),
(277557, 0, 'Гонконг'),
(277559, 0, 'Индонезия'),
(277561, 0, 'Иордания'),
(277563, 0, 'Малайзия'),
(277565, 0, 'Сингапур'),
(277567, 0, 'Тайвань'),
(277569, 0, 'Туркмения'),
(582029, 0, 'Карибы'),
(582031, 0, 'Чили'),
(582040, 0, 'Корея'),
(582041, 0, 'Македония'),
(582043, 0, 'Мальта'),
(582044, 0, 'Пакистан'),
(582046, 0, 'Перу'),
(582050, 0, 'Тайланд'),
(582051, 0, 'О.А.Э.'),
(582060, 0, 'Ливан'),
(582064, 0, 'Эквадор'),
(582065, 0, 'Морокко'),
(582067, 0, 'Сирия'),
(582077, 0, 'Куба'),
(582082, 0, 'Мозамбик'),
(582090, 0, 'Тунис'),
(582105, 0, 'Остров Мэн'),
(582106, 0, 'Ямайка'),
(2505884, 0, 'Ливан'),
(2567393, 0, 'Гондурас'),
(2577958, 0, 'Доминиканская республика'),
(2687701, 0, 'Монголия'),
(3410238, 0, 'Ирак'),
(3661568, 0, 'ЮАР'),
(7716093, 0, 'Арулько');

-- --------------------------------------------------------

--
-- Структура таблицы `customer`
--

DROP TABLE IF EXISTS `customer`;
CREATE TABLE IF NOT EXISTS `customer` (
  `id_customer` int(11) NOT NULL,
  `customer_name` varchar(100) NOT NULL,
  `jur_address` text NOT NULL,
  `post_address` text NOT NULL,
  `ogrn` varchar(15) NOT NULL,
  `inn` varchar(12) NOT NULL,
  `kpp` varchar(9) NOT NULL,
  `dogovor_number` varchar(50) NOT NULL,
  `status` tinyint(1) NOT NULL,
  `bank_name` varchar(200) NOT NULL,
  `bank_bik` varchar(9) NOT NULL,
  `korr_schet` varchar(20) NOT NULL,
  `rasch_schet` varchar(20) NOT NULL,
  `recipient` varchar(150) NOT NULL,
  `phone` varchar(100) NOT NULL,
  `email` varchar(100) NOT NULL,
  `contact_name` varchar(200) NOT NULL,
  `comment` text
) ENGINE=InnoDB AUTO_INCREMENT=7 DEFAULT CHARSET=utf8;

--
-- Дамп данных таблицы `customer`
--

INSERT INTO `customer` (`id_customer`, `customer_name`, `jur_address`, `post_address`, `ogrn`, `inn`, `kpp`, `dogovor_number`, `status`, `bank_name`, `bank_bik`, `korr_schet`, `rasch_schet`, `recipient`, `phone`, `email`, `contact_name`, `comment`) VALUES
(1, 'ООО &#34;Си Ти Ай&#34;', '117218, г.Москва, ул.Кржижановского, д.29, корп.1, этаж 5, пом.1, комн.23-28', '117218, г.Москва, ул.Кржижановского, д.29, корп.1, этаж 5, пом.1, комн.23-28', '1027736001281', '7736224098', '772701001', 'АСП-СиТиАй-096-2016 от 09.11.2016', 1, 'ОАО &#34;Сбербанк России&#34;', '044525225', '30101810400000000225', '40702810038000001117', 'ООО &#34;Си Ти Ай&#34;', '8-985-256-52-69', 'v.chukaev@cti.ru', 'Чукаев Владимир', ''),
(2, 'ООО «Сервионика»', '119119, г. Москва, Ленинский проспект, д.42, корп. 1-2-3, пом. II, комн. 22', '117292, Москва, ул. Кедрова, дом 15', '1127747102988', '7727790940', '773601001', 'SSP190215FE1', 1, 'ПАО «РОСБАНК»', '044525256', '30101810000000000256', '40702810000000062683', 'ООО «Сервионика»', '+7 (910) 810-56-71', 'e.frank@servionica.ru', 'Франк Екатерина', ''),
(3, 'ООО «ДжиДиСи Сервисез»', '420029, г. Казань, Сибирской тракт,34', '420029, г. Казань, Сибирской тракт,34', '1101690062638', '1660146230', '166001001', '436-18', 1, 'Отделение №8610 ПАО «Сбербанк»', '049205603', '30101810600000000603', '40702810962190003641', 'ООО «ДжиДиСи Сервисез»', '8 919 697 97 42', 'Liana.Altapova@icl-services.com', 'Альтапова Лиана', ''),
(4, 'ООО «Вентра»', '107023, г. Москва, ул. Малая Семеновская, д. 9, стр. 9', '107023, г. Москва, ул. Малая Семеновская, д. 9, стр. 9', '1027700109414', '400402427241', '771801001', '0046', 1, 'ПАО «Сбербанк России» (филиал – Московский Банк ПАО Сбербанка)', '044525225', '30101810400000000225', '40702810138260020993', 'ООО «Вентра»', '8 963 962 28 02', 'o.ionkina@ventra.ru', 'Оксана Ионкина', ''),
(5, 'ХимПромПроект', '606025, Нижегородская область, г. Дзержинск,   ул. Грибоедова, 36 Б', '606025, Нижегородская область, г. Дзержинск,   ул. Грибоедова, 36 Б', '1105249000625', '5249106251', '524901001', 'б/н', 1, 'В филиале № 6318 ВТБ 24 (ПАО)  г. Самара', '043602955', '30101810700000000955', '40702810413500006633', 'ООО ИПЦ «ХимПромПроект»', '8-831-325-42-97', 'himprom2005@mail.ru', 'Шилова Ирина Лазаревна', ''),
(6, 'ООО &#34;Агроторг&#34;', '191025, г. Санкт-Петербург, Невский пр., д. 90/92', '603002, г. Н. Новгород, ул. Литвинова, д.74, корп.30', '1027809237796', '7825706086', '784101001', '0069 от 19 апреля 2018', 1, 'АО &#34;АЛЬФА-БАНК&#34;', '044525593', '30101810200000000593', '40702810202200001152', 'ООО &#34;Агроторг&#34;', '7 920 019-2907', 'Ivan.Grigoriev@x5.ru', 'Григорьев Иван', '');

-- --------------------------------------------------------

--
-- Структура таблицы `object`
--

DROP TABLE IF EXISTS `object`;
CREATE TABLE IF NOT EXISTS `object` (
  `id_object` int(11) NOT NULL,
  `id_project` int(11) NOT NULL,
  `id_customer` int(11) NOT NULL,
  `country_id` int(11) NOT NULL,
  `region_id` int(11) NOT NULL,
  `city_id` int(11) NOT NULL,
  `shop_number` varchar(20) DEFAULT NULL,
  `address` varchar(200) NOT NULL,
  `status` tinyint(1) NOT NULL,
  `abon_plata` double DEFAULT NULL,
  `city_name` varchar(30) NOT NULL,
  `id_contractor` int(11) unsigned NOT NULL,
  `abon_plata_contr` double unsigned NOT NULL
) ENGINE=InnoDB AUTO_INCREMENT=133 DEFAULT CHARSET=utf8;

--
-- Дамп данных таблицы `object`
--

INSERT INTO `object` (`id_object`, `id_project`, `id_customer`, `country_id`, `region_id`, `city_id`, `shop_number`, `address`, `status`, `abon_plata`, `city_name`, `id_contractor`, `abon_plata_contr`) VALUES
(1, 1, 1, 3159, 3563, 3612, '146', 'Кстовский р-н, д. Федяково, ТЦ Мега', 1, 6000, 'Нижний Новгород', 0, 0),
(2, 1, 1, 3159, 3563, 3612, '157', 'ул. Веденяпина д.2Б ТЦ &#39;Парк Авеню&#39;', 1, 6000, 'Нижний Новгород', 0, 0),
(3, 1, 1, 3159, 3563, 3612, '494', 'ул. Бетанкура, д.1, ТРЦ Седьмое небо', 1, 6000, 'Нижний Новгород', 0, 0),
(4, 1, 1, 3159, 3563, 3612, '545', 'ул. Комсомольская площадь, д. 2, ТЦ Карусель', 1, 6000, 'Нижний Новгород', 0, 0),
(5, 1, 1, 3159, 3563, 3612, '560', 'просп. Ленина, 33,ТЦ Муравей', 1, 6000, 'Нижний Новгород', 0, 0),
(6, 1, 1, 3159, 3563, 3612, '552', 'ул. Коминтерна, 105, пом.п1 (ТЦ Золотая Миля)', 1, 6000, 'Нижний Новгород', 0, 0),
(7, 1, 1, 3159, 3563, 3612, 'С24', 'пос. Ждановский, логистический центр Алиди', 1, 3790, 'Нижний Новгород', 0, 0),
(8, 1, 1, 3159, 3563, 3565, '497', 'проспект Ленина, д. 129, корп. А. ТЦ Плаза', 1, 6000, 'Арзамас', 0, 0),
(9, 1, 1, 3159, 3563, 3574, '547', 'ул. Ленина, д.113Б', 1, 6000, 'Бор', 0, 0),
(10, 1, 1, 3159, 3563, 5648, '301', 'ул. Силкина, д.31, ТРК Атом', 1, 6000, 'Саров', 0, 0),
(11, 1, 1, 3159, 3563, 3598, '678', 'пр-кт Циолковского, 61, ТЦ Карусель', 1, 6000, 'Дзержинск', 0, 0),
(12, 1, 1, 3159, 5011, 5051, '251', 'ул. Дзержинского, д.74, ТЦ Столичный', 1, 12000, 'Якутск', 13, 7500),
(13, 1, 1, 3159, 5011, 5051, '485', 'ул. Орджоникидзе д. 38. ТРК Туймаада', 1, 12000, 'Якутск', 13, 7500),
(14, 1, 1, 3159, 5473, 5504, '388', 'ул. Льва Толстого, 19, ТЦ Центральный рынок', 1, 7000, 'Хабаровск', 0, 0),
(15, 1, 1, 3159, 5473, 5504, '693', 'ул. Павла Леонтьевича Морозова, д.84, ТЦ Аквариум', 1, 7000, 'Хабаровск', 0, 0),
(16, 1, 1, 3159, 4734, 4741, '632', 'ул. Полетаева д.6 Д', 1, 7000, 'Владивосток', 22, 5000),
(17, 1, 1, 3159, 4734, 4741, '652', 'ул. Светланская, д. 29, ТЦ Центральный', 1, 7000, 'Владивосток', 22, 5000),
(18, 2, 1, 3159, 3563, 3612, 'А911', 'Кстовский район, село Федяково, ТЦ МЕГА', 1, 4000, 'Нижний Новгород', 0, 0),
(19, 5, 1, 3159, 3563, 3612, 'ФЗО 4 компл.', 'ул.Совнаркомовская 13 офис 10', 1, 3200, 'Нижний Новгород', 0, 0),
(20, 2, 1, 3159, 3563, 3565, 'A699', 'пр-т  Ленина, д. 121а ТЦ Метро', 1, 4000, 'Арзамас', 0, 0),
(21, 5, 1, 3159, 4227, 4238, 'ФЗО 3 компл.', 'ул. Петра Смородина, д.3 офис 3', 1, 2400, 'Липецк', 0, 0),
(22, 2, 1, 3159, 3563, 3590, 'A690', 'ул. Ленина, д.17', 1, 4000, 'Выкса', 0, 0),
(23, 2, 1, 3159, 3563, 3598, 'A551', 'пр-т Ленина, д.66 ТЦ Дзержинец', 1, 4000, 'Дзержинск', 0, 0),
(24, 5, 1, 3159, 5246, 5269, 'ФЗО 1 компл.', '420034, ул. Горсоветская, д.17, офис 27, 28', 1, 800, 'Казань', 0, 0),
(25, 2, 1, 3159, 3563, 3598, 'A776', 'пр-т Чкалова, д. 23, ТЦ &#34;Юбилейный&#34;', 1, 4000, 'Дзержинск', 0, 0),
(26, 2, 1, 3159, 3563, 3607, 'A775', 'пл. Ленина, д.5, ТРЦ &#34;Атолл&#34;', 1, 4000, 'Кстово', 0, 0),
(27, 6, 1, 3159, 3563, 3612, 'ФЗО 6 компл.', 'ул.Совнаркомовская 13 офис 10', 1, 4800, 'Нижний Новгород', 0, 0),
(28, 2, 1, 3159, 3437, 3461, 'A446', 'ул. Ленина, д.70', 1, 4000, 'Муром', 0, 0),
(29, 6, 1, 3159, 5246, 5269, 'ФЗО 2 компл.', '420034, ул. Горсоветская, д.17, офис 27, 28', 1, 1600, 'Казань', 0, 0),
(30, 2, 1, 3159, 3563, 3612, 'A031', 'ул. Коминтерна, д. 117 ТЦ Сормовские зори', 1, 4000, 'Нижний Новгород', 0, 0),
(31, 2, 1, 3159, 3563, 3612, 'A032', 'пр-т Гагарина, д. 78', 1, 4000, 'Нижний Новгород', 0, 0),
(32, 6, 1, 3159, 4734, 4741, 'ФЗО 3 компл.', '690062, проспект 100-летия Владивостока, 18. Офис 304', 1, 2400, 'Владивосток', 0, 0),
(33, 2, 1, 3159, 3563, 3612, 'A329', 'ул. Дьяконова, д. 11А ТЦ Новый век', 1, 4000, 'Нижний Новгород', 0, 0),
(34, 7, 1, 3159, 3529, 3538, 'офис', 'ул.Дружинников, 10', 1, 2000, 'Воронеж', 0, 0),
(35, 7, 1, 3159, 4052, 4079, 'офис', 'ул.Уральская, 95', 1, 2000, 'Краснодар', 0, 0),
(36, 7, 1, 3159, 4528, 4549, 'офис', 'ул.Маркса, 30/1', 1, 2000, 'Новосибирск', 0, 0),
(37, 7, 1, 3159, 5080, 5106, 'офис', 'ул.Крестинского, 44', 1, 2000, 'Екатеринбург', 0, 0),
(38, 7, 1, 3159, 3563, 3612, 'офис', 'ул.Монастырка, 1В', 1, 2000, 'Нижний Новгород', 0, 0),
(39, 7, 1, 3159, 4925, 4962, 'офис', 'пр-кт Лиговский, 87', 1, 2000, 'Санкт-Петербург', 0, 0),
(40, 7, 1, 3159, 5625, 5646, 'офис', 'пр-кт Московский, 1а', 1, 1070, 'Ярославль', 0, 0),
(41, 7, 1, 3159, 4734, 4741, 'офис', 'пр-кт Острякова, 5', 1, 2000, 'Владивосток', 0, 0),
(42, 2, 1, 3159, 3563, 3612, 'A333', 'пр-т Молодежный, д. 33', 1, 4000, 'Нижний Новгород', 0, 0),
(43, 2, 1, 3159, 3563, 3612, 'A334', 'пр-т  Ленина, д. 33 ТЦ Муравей', 1, 4000, 'Нижний Новгород', 0, 0),
(44, 2, 1, 3159, 3563, 3612, 'A478', 'ул. Родионова, 187 В ТЦ Фантастика', 1, 4000, 'Нижний Новгород', 0, 0),
(45, 2, 1, 3159, 3563, 3612, 'A604', 'Московское ш., д. 12 ТЦ РИО', 1, 4000, 'Нижний Новгород', 0, 0),
(46, 2, 1, 3159, 3563, 3612, 'S022', 'пр.Гагарина д.37 кор.23', 1, 4000, 'Нижний Новгород', 0, 0),
(47, 2, 1, 3159, 4734, 4737, 'AX80', 'ул. Солнечная 46', 1, 4000, 'Артем', 22, 4000),
(48, 2, 1, 3159, 3921, 3933, 'A155', 'пр. Ленина, 131', 1, 4000, 'Кемерово', 0, 0),
(49, 2, 1, 3159, 3921, 3933, 'A266', 'пр-т Советский, 25а (пр-т Кузнецкий, 33).', 1, 4000, 'Кемерово', 0, 0),
(50, 2, 1, 3159, 5473, 5504, 'A427', 'ул. Морозова, 58ж', 1, 4000, 'Хабаровск', 0, 0),
(51, 2, 1, 3159, 5473, 5504, 'A536', 'ул. Волочаевская, 87', 1, 4000, 'Хабаровск', 0, 0),
(52, 2, 1, 3159, 5011, 5051, 'A795', 'ул. Ф. Попова, 17', 1, 6000, 'Якутск', 13, 4000),
(53, 2, 1, 3159, 4734, 4741, 'A392', 'ул. Фадеева, 30 Б', 1, 4000, 'Владивосток', 0, 0),
(54, 2, 1, 3159, 4734, 4741, 'A393', 'ул.Русская, 87а', 1, 4000, 'Владивосток', 22, 3000),
(55, 2, 1, 3159, 4734, 4741, 'A812', 'ул. Русская, д. 2а', 1, 4000, 'Владивосток', 22, 3000),
(56, 2, 1, 3159, 5291, 5310, 'A039', 'Иркутский тракт, д. 142/3', 1, 4000, 'Томск', 0, 0),
(57, 2, 1, 3159, 5291, 5310, 'A308', 'пр.Ленина, д. 129', 1, 4000, 'Томск', 0, 0),
(58, 2, 1, 3159, 5291, 5310, 'A544', 'ул. Котовского, д. 19/2', 1, 4000, 'Томск', 0, 0),
(59, 2, 1, 3159, 5291, 5310, 'A563', 'пр. Ленина, д. 217', 1, 4000, 'Томск', 0, 0),
(60, 11, 1, 3159, 3563, 3612, 'Офис', 'пер. Холодный д. 10 А', 1, 80000, 'Нижний Новгород', 0, 0),
(61, 11, 1, 3159, 5291, 5310, 'Офис', 'Иркутский тракт, 53б', 1, 13500, 'Томск', 0, 0),
(62, 11, 1, 3159, 4734, 4741, 'Офис', 'пр-т 100-летия Владивостоку, д.38А', 1, 24300, 'Владивосток', 22, 12000),
(63, 11, 1, 3159, 5246, 5269, 'Офис', 'ул. Ломжинская 20а', 1, 80000, 'Казань', 33, 20000),
(64, 11, 1, 3159, 5507, 5527, 'Офис', 'ул. Герцена, 6 офис 312 блок С', 1, 2700, 'Магнитогорск', 0, 0),
(65, 7, 1, 3159, 4891, 4917, 'офис', 'ул.Партизанская, 8 Б', 1, 2000, 'Самара', 0, 0),
(66, 11, 1, 3159, 3841, 3854, 'Офис', 'ул. Московская, дом 248', 1, 12900, 'Калуга', 0, 0),
(67, 7, 1, 3159, 4800, 4848, 'офис', 'пер. Доломановский, 116', 1, 2000, 'Ростов-на-Дону', 0, 0),
(68, 7, 1, 3159, 5473, 5504, 'офис', 'ул.Волочаевская, 8к', 1, 2000, 'Хабаровск', 0, 0),
(69, 8, 1, 3159, 3563, 3612, 'офис', 'ул.Совнаркомовская 13 офис 10', 1, 57500, 'Нижний Новгород', 0, 0),
(70, 11, 1, 3159, 3952, 3963, 'Офис', 'ул. Пролетарская 15', 1, 12600, 'Киров', 0, 0),
(71, 11, 1, 3159, 3563, 3612, 'Склад', 'Ул. Тургенева 13а', 1, 2100, 'Нижний Новгород', 0, 0),
(72, 11, 1, 3159, 3994, 4019, 'Офис', 'ул. Коммунистическая, 48/2', 1, 11100, 'Сыктывкар', 0, 0),
(73, 9, 1, 3159, 4891, 4917, 'офис', 'ул. Лесная, д. 23', 1, 3200, 'Самара', 0, 0),
(74, 11, 1, 3159, 3994, 4019, 'Офис', 'ул. Коммунистическая, 65', 1, 1200, 'Сыктывкар', 0, 0),
(75, 9, 1, 3159, 4528, 4549, 'офис', 'ул. Романова, д. 39', 1, 3200, 'Новосибирск', 0, 0),
(76, 9, 1, 3159, 5507, 5539, 'офис', 'ул. Воровского д. 61 &#34;Б&#34;', 1, 3200, 'Челябинск', 0, 0),
(77, 9, 1, 3159, 4689, 4720, 'офис', 'ул. 25 Октября, д. 101', 1, 3200, 'Пермь', 0, 0),
(78, 9, 1, 3159, 3296, 3345, 'офис', 'пр. Карла Маркса, 37', 1, 3200, 'Уфа', 0, 0),
(79, 11, 1, 3159, 3921, 3933, 'Офис', 'ул. Дзержинского, 6А', 1, 20100, 'Кемерово', 0, 0),
(80, 11, 1, 3159, 3921, 3933, 'Склад', 'Западный проезд, 5', 1, 300, 'Кемерово', 0, 0),
(81, 9, 1, 3159, 4105, 4149, 'офис', 'ул. Молокова 1, стр. 4', 1, 3200, 'Красноярск', 0, 0),
(82, 9, 1, 3159, 5356, 5395, 'офис', 'ул. Герцена, 55', 1, 3200, 'Тюмень', 0, 0),
(83, 9, 1, 3159, 4052, 4079, 'офис', 'ул. Карасунская, 60', 1, 3200, 'Краснодар', 0, 0),
(84, 9, 1, 3159, 5291, 5310, 'офис', 'ул. Гагарина, 7', 1, 3200, 'Томск', 0, 0),
(85, 9, 1, 3159, 5473, 5504, 'офис', 'ул. Ким Ю Чена, 26', 1, 3200, 'Хабаровск', 0, 0),
(86, 9, 1, 3159, 3563, 3612, 'офис', 'ул. Советская, д. 18Б', 1, 3200, 'Нижний Новгород', 0, 0),
(87, 12, 1, 3159, 5246, 5269, 'офис', 'ул. Ершова, д.29 Б', 1, 3100, 'Казань', 0, 0),
(88, 12, 1, 3159, 3563, 3612, 'офис', 'ул. Минина, д.16А', 1, 3100, 'Нижний Новгород', 0, 0),
(89, 12, 1, 3159, 4734, 4741, 'офис', 'ул. Енисейская, д. 23б', 1, 3100, 'Владивосток', 0, 0),
(90, 12, 1, 3159, 5473, 5504, 'офис', 'ул. Алеутская, д. 40, ООО «Светлана – К»', 1, 6000, 'Хабаровск', 0, 0),
(91, 11, 1, 3159, 4503, 5649, 'Офис', 'ул. Славная, д. 48', 1, 12900, 'Великий Новгород', 0, 0),
(92, 32, 4, 3159, 5625, 5646, 'РЦ Пятерочка', 'Костромское ш. зем. уч. №3, РЦ Ярославль', 1, 0, 'Ярославль', 0, 0),
(93, 11, 1, 3159, 3563, 3612, 'Склад', 'Нартова 6А', 1, 0, 'Нижний Новгород', 0, 0),
(95, 33, 5, 3159, 3563, 3598, 'АПС', 'ул. Грибоедова, 36 Б', 1, 0, 'Дзержинск', 0, 0),
(96, 32, 4, 3159, 3563, 3612, 'РЦ Пятерочка', 'рррррр рррррррррррррррр ррррррр рррррррррррррр', 1, 0, 'Нижний Новгород', 0, 0),
(97, 32, 4, 3159, 3563, 3575, 'РЦ Пятерочка', 'аукпкевреонгплпгшлдгшпрдшгплверекывпрвекрвекрвек', 1, 0, 'Бутурлино', 0, 0),
(98, 32, 4, 3159, 3563, 3612, 'РЦ Пятерочка', 'аукпкевреонгплпгшлдгшпрдшгплверекывпрвекрвекрвек', 1, 0, 'Нижний Новгород', 0, 0),
(99, 6, 1, 3159, 5246, 5269, '649', 'ул. Рихарда Зорге, дом 11б', 1, 0, 'Казань', 0, 0),
(100, 11, 1, 3159, 5473, 5504, 'офис', 'ул. Алеутская, д. 40', 1, 0, 'Хабаровск', 82, 0),
(101, 2, 1, 3159, 3563, 3612, 'AX36', 'ул. Базовый проезд 1а', 1, 4000, 'Нижний Новгород', 0, 0),
(102, 2, 1, 3159, 5246, 5269, 'A137', 'Ямашева, 97', 1, 4000, 'Казань', 0, 0),
(103, 2, 1, 3159, 5246, 5269, 'A197', 'Парина, 3', 1, 4000, 'Казань', 0, 0),
(104, 2, 1, 3159, 5246, 5269, 'AX33', 'Лаишевский р-н, с. Столбище, ул. Советская, стр.271', 1, 4000, 'Казань', 0, 0),
(105, 2, 1, 3159, 3952, 3963, 'A766', 'ул.Воровского, 77, ТЦ ЦУМ', 1, 4000, 'Киров', 0, 0),
(106, 2, 1, 3159, 4227, 4238, 'A331', 'ул. Космонавтов, д. 98', 1, 4000, 'Липецк', 0, 0),
(107, 2, 1, 3159, 4227, 4238, 'A431', 'ул. Генерала Меркулова, д. 2', 1, 4000, 'Липецк', 0, 0),
(108, 34, 6, 3159, 3563, 3613, '17377', 'ул. 1-я Строителя, д. 38 б', 1, 0, 'Павлово', 0, 0),
(109, 8, 1, 3159, 4528, 4549, 'офис', 'Новосибирск, Зыряновская 119', 1, 0, 'Новосибирск', 16, 0),
(110, 34, 6, 3159, 3563, 5650, '15103', 'п. Луч, д. 77', 1, 0, 'пос. Луч', 0, 0),
(111, 9, 1, 3159, 3563, 3612, 'офис', 'Нижний Новгород, ул. Володарского 40, офис 4а', 1, 0, 'Нижний Новгород', 93, 0),
(112, 7, 1, 3159, 4052, 4079, 'офис', 'Северная 443, офис 77', 1, 0, 'Краснодар', 25, 0),
(113, 7, 1, 3159, 4925, 4962, 'офис', 'проспект Обуховской Обороны, 271, офис 224', 1, 0, 'Санкт-Петербург', 0, 0),
(114, 8, 1, 3159, 4227, 4238, 'офис', 'Скороходова ул., д. 11', 1, 0, 'Липецк', 91, 0),
(115, 6, 1, 3159, 4227, 4238, '233', 'ул. Катукова д.11', 1, 0, 'Липецк', 0, 0),
(116, 2, 1, 3159, 4734, 4741, 'S032', 'ул. Калинина, д. 84', 1, 0, 'Владивосток', 0, 0),
(117, 34, 6, 3159, 3563, 3598, '17087', 'пр. Ленинского Комсомола, д. 37/23', 1, 0, 'Дзержинск', 0, 0),
(119, 6, 1, 3159, 5473, 5504, 'А536', 'ул. Волочаевская, 87', 1, 0, 'Хабаровск', 0, 0),
(120, 6, 1, 3159, 5011, 5051, '485', 'г. Якутск, ул. Орджоникидзе, д.38, ТРК Туймаада', 1, 0, 'Якутск', 0, 0),
(121, 6, 1, 3159, 3563, 3612, '494', 'ул. Бетанкура, д.1, ТРЦ Седьмое небо', 1, 0, 'Нижний Новгород', 0, 0),
(122, 2, 1, 3159, 3563, 3612, 'А911', 'А911, Кстовский р-н, с. Федяково, ул. Любимая, стр. 1', 1, 0, 'Нижний Новгород', 0, 0),
(123, 6, 1, 3159, 4734, 4741, 'A812', 'ул. Русская, д. 2а', 1, 0, 'Владивосток', 0, 0),
(124, 6, 1, 3159, 5246, 5269, '795', 'Оренбурский тракт, 158, ТЦ Порт', 1, 0, 'Казань', 0, 0),
(125, 6, 1, 3159, 5011, 5051, 'А795', 'ул. Ф.Попова, д.17', 1, 0, 'Якутск', 0, 0),
(126, 6, 1, 3159, 3563, 3598, '678', 'Дзержинск,пр. Циолковского, д.61 ТЦ Карусель', 1, 0, 'Дзержинск', 0, 0),
(127, 15, 1, 3159, 4925, 4962, 'Магазин', 'ТЦ Лето, Пулковское шоссе, д.25, корп.1, лит.А', 1, 0, 'Санкт-Петербург', 0, 0),
(128, 1, 1, 3159, 3761, 3770, '252', 'ул. Профессора Баранова д. 40 ТРЦ Европа', 1, 6000, 'Калининград', 5, 4500),
(130, 6, 1, 3159, 3563, 3565, '497', 'пр-т Ленина, д.129А, ТЦ «Плаза»', 1, 0, 'Арзамас', 0, 0),
(131, 6, 1, 3159, 4734, 4741, 'Магазин', 'А393. Владивосток, ул. Русская, д. 87 А', 1, 0, 'Владивосток', 0, 0),
(132, 2, 1, 3159, 4925, 4932, '--', '187406, г. Волхов, ул. Ломоносова, 28-67', 1, 0, 'Волхов', 0, 0);

-- --------------------------------------------------------

--
-- Структура таблицы `projects`
--

DROP TABLE IF EXISTS `projects`;
CREATE TABLE IF NOT EXISTS `projects` (
  `id_project` int(11) NOT NULL,
  `id_customer` int(11) unsigned NOT NULL,
  `projectname` varchar(50) NOT NULL,
  `status` tinyint(1) NOT NULL,
  `cost_hour` double unsigned NOT NULL,
  `cost_incident_critical` double unsigned NOT NULL,
  `cost_incident_high` double unsigned NOT NULL,
  `cost_incident_medium` double unsigned NOT NULL,
  `cost_incident_low` double unsigned NOT NULL
) ENGINE=InnoDB AUTO_INCREMENT=35 DEFAULT CHARSET=utf8;

--
-- Дамп данных таблицы `projects`
--

INSERT INTO `projects` (`id_project`, `id_customer`, `projectname`, `status`, `cost_hour`, `cost_incident_critical`, `cost_incident_high`, `cost_incident_medium`, `cost_incident_low`) VALUES
(1, 1, 'М.Видео', 1, 550, 0, 0, 0, 0),
(2, 1, 'Эльдорадо', 1, 500, 0, 0, 0, 0),
(3, 1, 'ФФ Стайл (Finn Flare)', 1, 600, 400, 400, 400, 400),
(4, 1, 'Медиа Сети', 1, 400, 1100, 1100, 1100, 1100),
(5, 1, 'Скрин Медиа', 1, 0, 1480, 1480, 1480, 1480),
(6, 1, 'Директ Кредит', 1, 500, 2000, 1400, 1400, 1400),
(7, 1, 'АСГ', 1, 500, 0, 0, 0, 0),
(8, 1, 'Цюрих/Зетта', 1, 500, 0, 0, 0, 0),
(9, 1, 'Дельта Кредит', 1, 500, 0, 0, 0, 0),
(10, 1, 'Аскона', 1, 500, 0, 0, 0, 0),
(11, 1, 'Теле2', 1, 500, 1200, 1200, 1200, 1200),
(12, 1, 'Avon', 1, 600, 0, 0, 0, 0),
(13, 1, 'Конфаэль', 1, 500, 0, 0, 0, 0),
(14, 1, 'Линии Любви', 1, 500, 0, 0, 0, 0),
(15, 1, 'INCANTO', 1, 5250, 0, 0, 0, 0),
(16, 1, 'Defacto', 1, 500, 0, 0, 0, 0),
(17, 1, 'Hoff', 1, 500, 0, 0, 0, 0),
(18, 1, 'Детский мир', 1, 500, 0, 0, 0, 0),
(19, 1, 'CHESTER', 1, 500, 0, 0, 0, 0),
(20, 1, 'TJ Collection', 1, 500, 0, 0, 0, 0),
(21, 1, 'BENAFFETTO', 1, 500, 0, 0, 0, 0),
(22, 1, 'TESCOMA', 1, 500, 0, 0, 0, 0),
(23, 1, 'Lacoste', 1, 500, 1800, 0, 1400, 0),
(24, 1, 'Marko', 1, 500, 0, 0, 0, 0),
(25, 1, 'Буду мамой', 1, 500, 0, 0, 0, 0),
(26, 1, 'Профкосмо', 1, 500, 0, 0, 0, 0),
(27, 1, 'DIM', 1, 500, 0, 0, 0, 0),
(28, 1, 'Уфатек', 1, 500, 0, 0, 0, 0),
(29, 1, 'Мир Обуви', 1, 500, 0, 0, 0, 0),
(30, 1, 'Колеса даром', 1, 500, 0, 0, 0, 0),
(31, 2, 'Почта РФ', 1, 0, 0, 0, 0, 0),
(32, 4, 'Пятерочка', 1, 0, 0, 0, 0, 0),
(33, 5, 'Проектирование', 1, 0, 0, 0, 0, 0),
(34, 6, 'Пятерочка', 1, 0, 0, 0, 0, 0);

-- --------------------------------------------------------

--
-- Структура таблицы `region`
--

DROP TABLE IF EXISTS `region`;
CREATE TABLE IF NOT EXISTS `region` (
  `region_id` int(10) unsigned NOT NULL,
  `country_id` int(10) unsigned NOT NULL DEFAULT '0',
  `city_id` int(10) unsigned NOT NULL DEFAULT '0',
  `name` varchar(64) NOT NULL DEFAULT ''
) ENGINE=InnoDB AUTO_INCREMENT=5626 DEFAULT CHARSET=utf8;

--
-- Дамп данных таблицы `region`
--

INSERT INTO `region` (`region_id`, `country_id`, `city_id`, `name`) VALUES
(3160, 3159, 0, 'Алтайский край'),
(3223, 3159, 0, 'Амурская обл.'),
(3251, 3159, 0, 'Архангельская обл.'),
(3282, 3159, 0, 'Астраханская обл.'),
(3296, 3159, 0, 'Башкортостан(Башкирия)'),
(3352, 3159, 0, 'Белгородская обл.'),
(3371, 3159, 0, 'Брянская обл.'),
(3407, 3159, 0, 'Бурятия'),
(3437, 3159, 0, 'Владимирская обл.'),
(3468, 3159, 0, 'Волгоградская обл.'),
(3503, 3159, 0, 'Вологодская обл.'),
(3529, 3159, 0, 'Воронежская обл.'),
(3563, 3159, 0, 'Нижегородская (Горьковская)'),
(3630, 3159, 0, 'Дагестан'),
(3673, 3159, 0, 'Еврейская обл.'),
(3675, 3159, 0, 'Ивановская обл.'),
(3703, 3159, 0, 'Иркутская обл.'),
(3751, 3159, 0, 'Кабардино-Балкария'),
(3761, 3159, 0, 'Калининградская обл.'),
(3784, 3159, 0, 'Тверская обл.'),
(3827, 3159, 0, 'Калмыкия'),
(3841, 3159, 0, 'Калужская обл.'),
(3872, 3159, 0, 'Камчатская обл.'),
(3892, 3159, 0, 'Карелия'),
(3921, 3159, 0, 'Кемеровская обл.'),
(3952, 3159, 0, 'Кировская обл.'),
(3994, 3159, 0, 'Коми'),
(4026, 3159, 0, 'Костромская обл.'),
(4052, 3159, 0, 'Краснодарский край'),
(4105, 3159, 0, 'Красноярский край'),
(4176, 3159, 0, 'Курганская обл.'),
(4198, 3159, 0, 'Курская обл.'),
(4227, 3159, 0, 'Липецкая обл.'),
(4243, 3159, 0, 'Магаданская обл.'),
(4270, 3159, 0, 'Марий Эл'),
(4287, 3159, 0, 'Мордовия'),
(4312, 3159, 0, 'Москва и Московская обл.'),
(4481, 3159, 0, 'Мурманская обл.'),
(4503, 3159, 0, 'Новгородская обл.'),
(4528, 3159, 0, 'Новосибирская обл.'),
(4561, 3159, 0, 'Омская обл.'),
(4593, 3159, 0, 'Оренбургская обл.'),
(4633, 3159, 0, 'Орловская обл.'),
(4657, 3159, 0, 'Пензенская обл.'),
(4689, 3159, 0, 'Пермская обл.'),
(4734, 3159, 0, 'Приморский край'),
(4773, 3159, 0, 'Псковская обл.'),
(4800, 3159, 0, 'Ростовская обл.'),
(4861, 3159, 0, 'Рязанская обл.'),
(4891, 3159, 0, 'Самарская обл.'),
(4925, 3159, 0, 'Санкт-Петербург и область'),
(4969, 3159, 0, 'Саратовская обл.'),
(5011, 3159, 0, 'Саха (Якутия)'),
(5052, 3159, 0, 'Сахалин'),
(5080, 3159, 0, 'Свердловская обл.'),
(5151, 3159, 0, 'Северная Осетия'),
(5161, 3159, 0, 'Смоленская обл.'),
(5191, 3159, 0, 'Ставропольский край'),
(5225, 3159, 0, 'Тамбовская обл.'),
(5246, 3159, 0, 'Татарстан'),
(5291, 3159, 0, 'Томская обл.'),
(5312, 3159, 0, 'Тува (Тувинская Респ.)'),
(5326, 3159, 0, 'Тульская обл.'),
(5356, 3159, 0, 'Тюменская обл.'),
(5404, 3159, 0, 'Удмуртия'),
(5432, 3159, 0, 'Ульяновская обл.'),
(5458, 3159, 0, 'Уральская обл.'),
(5473, 3159, 0, 'Хабаровский край'),
(5507, 3159, 0, 'Челябинская обл.'),
(5543, 3159, 0, 'Чечено-Ингушетия'),
(5555, 3159, 0, 'Читинская обл.'),
(5600, 3159, 0, 'Чувашия'),
(5625, 3159, 0, 'Ярославская обл.');

-- --------------------------------------------------------

--
-- Структура таблицы `tickets`
--

DROP TABLE IF EXISTS `tickets`;
CREATE TABLE IF NOT EXISTS `tickets` (
  `id_ticket` int(11) NOT NULL,
  `ticket_number` varchar(20) NOT NULL,
  `year` int(4) unsigned NOT NULL,
  `month` int(2) unsigned NOT NULL,
  `id_object` int(11) unsigned NOT NULL,
  `ticket_date` datetime NOT NULL,
  `ticket_task` varchar(150) NOT NULL,
  `ticket_solution` varchar(150) NOT NULL,
  `ticket_material` varchar(200) NOT NULL,
  `ticket_status` int(1) unsigned NOT NULL,
  `ticket_sla` int(1) unsigned NOT NULL,
  `work_type` int(1) unsigned NOT NULL,
  `hours` int(2) unsigned NOT NULL,
  `cost_smeta` double unsigned NOT NULL,
  `cost_material` double unsigned NOT NULL,
  `cost_transport` double unsigned NOT NULL,
  `comment` varchar(100) NOT NULL,
  `last_edit_datetime` datetime NOT NULL,
  `last_edit_user_id` int(11) unsigned NOT NULL,
  `implementer` int(1) unsigned NOT NULL,
  `id_engineers` varchar(100) NOT NULL,
  `id_contractor` int(11) unsigned NOT NULL,
  `contr_cost_work` double unsigned NOT NULL,
  `contr_cost_smeta` double unsigned NOT NULL,
  `contr_cost_transport` double unsigned NOT NULL,
  `contr_material` varchar(200) NOT NULL,
  `contr_cost_material` double unsigned NOT NULL,
  `contr_account_number` varchar(30) NOT NULL,
  `contr_date_payment` date NOT NULL,
  `contr_payment_status` int(1) unsigned NOT NULL,
  `contr_comment` varchar(200) NOT NULL,
  `supplier` varchar(60) NOT NULL,
  `supplier_cost_work` double unsigned NOT NULL,
  `supplier_contr_material` varchar(200) NOT NULL,
  `supplier_cost_material` double unsigned NOT NULL,
  `supplier_account_number` varchar(30) NOT NULL,
  `supplier_date_payment` date NOT NULL,
  `supplier_payment_status` int(1) unsigned NOT NULL,
  `supplier_comment` varchar(100) NOT NULL
) ENGINE=InnoDB AUTO_INCREMENT=132 DEFAULT CHARSET=utf8;

--
-- Дамп данных таблицы `tickets`
--

INSERT INTO `tickets` (`id_ticket`, `ticket_number`, `year`, `month`, `id_object`, `ticket_date`, `ticket_task`, `ticket_solution`, `ticket_material`, `ticket_status`, `ticket_sla`, `work_type`, `hours`, `cost_smeta`, `cost_material`, `cost_transport`, `comment`, `last_edit_datetime`, `last_edit_user_id`, `implementer`, `id_engineers`, `id_contractor`, `contr_cost_work`, `contr_cost_smeta`, `contr_cost_transport`, `contr_material`, `contr_cost_material`, `contr_account_number`, `contr_date_payment`, `contr_payment_status`, `contr_comment`, `supplier`, `supplier_cost_work`, `supplier_contr_material`, `supplier_cost_material`, `supplier_account_number`, `supplier_date_payment`, `supplier_payment_status`, `supplier_comment`) VALUES
(2, '51591', 2019, 4, 92, '2019-03-29 16:25:22', 'Ремонт принтера', 'ЗИП заказан, срок поставки 2-3 мес., ремонт за счет подрядчиков', '', 2, 2, 3, 0, 11300, 0, 0, '', '2019-04-03 22:27:36', 2, 0, '', 57, 0, 0, 0, '', 0, '', '0000-00-00', 0, '', 'ООО КПД Москва', 0, 'Сенсорная панель', 4800, '00000017', '2019-02-07', 1, ''),
(3, 'SR01815763', 2019, 4, 62, '2019-03-29 16:28:28', 'увеличить объем оперативной памяти', 'диагностика отправлена. на согласовании. ждем поставку зип', '', 2, 2, 2, 1, 0, 0, 0, '', '2019-04-03 12:13:29', 4, 0, '', 22, 0, 0, 0, '', 0, '', '0000-00-00', 0, '', '', 0, '', 0, '', '0000-00-00', 0, ''),
(4, 'б/н', 2019, 4, 95, '2019-03-29 16:44:27', 'Проектирование АПС Синтез-Полимер', 'Ожидаем архитектурные планы от строителей', '', 2, 2, 3, 0, 0, 0, 0, '', '2019-03-31 20:52:10', 2, 1, 'a:1:{i:0;s:1:"3";}', 0, 0, 0, 0, '', 0, '', '0000-00-00', 0, '', '', 0, '', 0, '', '0000-00-00', 0, ''),
(5, '332891', 2019, 4, 86, '2019-03-29 16:49:29', 'нужен ОРИГИНАЛЬНЫЙ картридж', 'Закупка и предоставление оригинального картриджа', 'Картридж 19500р., доставка 600р.', 1, 2, 3, 0, 0, 19500, 600, '', '2019-04-02 13:00:10', 6, 1, 'a:1:{i:0;s:1:"7";}', 0, 0, 0, 0, '', 0, '', '0000-00-00', 0, '', 'ООО КПД Москва', 0, 'Картридж', 14245, 'КПДС-00002339', '2019-03-26', 1, ''),
(9, 'SR01679488', 2019, 4, 63, '2019-03-31 20:07:58', 'заменить ПК', 'Инф. Отправлена заказчику, ответа еще нет.', '', 2, 2, 0, 0, 0, 0, 0, '', '2019-04-03 11:12:38', 4, 0, '', 33, 0, 0, 0, '', 0, '', '0000-00-00', 0, '', '', 0, '', 0, '', '0000-00-00', 0, ''),
(10, 'SR01679490', 2019, 4, 63, '2019-03-31 20:10:28', 'заменить ПК', 'Инф. Отправлена заказчику, ответа еще нет. Мониторы не поступили', '', 2, 2, 0, 0, 0, 0, 0, '', '2019-04-04 10:42:59', 6, 0, '', 33, 0, 0, 0, '', 0, '', '0000-00-00', 0, '', '', 0, '', 0, '', '0000-00-00', 0, ''),
(11, 'SR01679543', 2019, 4, 63, '2019-03-31 20:11:58', 'заменить ПК', 'Инф. Отправлена заказчику, ответа еще нет. Мониторы не поступили', '', 2, 2, 0, 0, 0, 0, 0, '', '2019-04-04 10:42:48', 6, 0, '', 33, 0, 0, 0, '', 0, '', '0000-00-00', 0, '', '', 0, '', 0, '', '0000-00-00', 0, ''),
(12, 'SR01679540', 2019, 4, 63, '2019-03-31 20:13:28', 'заменить ПК', 'Инф. Отправлена заказчику, ответа еще нет. Мониторы не поступили', '', 2, 2, 0, 0, 0, 0, 0, '', '2019-04-04 10:42:37', 6, 0, '', 33, 0, 0, 0, '', 0, '', '0000-00-00', 0, '', '', 0, '', 0, '', '0000-00-00', 0, ''),
(13, 'SR01679547', 2019, 4, 63, '2019-03-31 20:14:46', 'заменить ПК', 'Инф. Отправлена заказчику, ответа еще нет. Мониторы не поступили', '', 2, 2, 0, 0, 0, 0, 0, '', '2019-04-04 10:42:28', 6, 0, '', 33, 0, 0, 0, '', 0, '', '0000-00-00', 0, '', '', 0, '', 0, '', '0000-00-00', 0, ''),
(14, '312049', 2019, 4, 99, '2019-03-31 20:27:14', 'Не работает 2 из 4 USB на моноблоке', 'моноблок предоставлен подменный из ФЗО, матплата к заказу недоступна, отправлен акт ОТС, информация еще не поступала.', '', 2, 0, 1, 0, 0, 0, 0, '', '2019-04-03 11:24:43', 6, 0, '', 37, 700, 0, 0, '', 0, '', '0000-00-00', 0, '', '', 0, '', 0, '', '0000-00-00', 0, ''),
(15, 'SR01782160', 2019, 4, 60, '2019-03-31 20:41:02', 'Аккумулятор ноутбука не держит заряд', 'Диагностика (1ч), ориг. АКБ на согласовании. изменений нет.', 'АКБ', 2, 2, 3, 0, 500, 6800, 500, '', '2019-04-03 11:21:33', 4, 1, 'a:1:{i:0;s:1:"9";}', 0, 0, 0, 0, '', 0, '', '0000-00-00', 0, '', 'RSS-НН', 3200, 'оригинальный АКБ', 0, '22/212180-1', '0000-00-00', 0, ''),
(16, '335182', 2019, 4, 1, '2019-04-01 09:33:37', 'Вышла из строя клавиатура, требуется замена', 'запросили у CTI выслать подменную клавиатуру. Еще не поступила.', 'кассовая клавиатура', 0, 2, 0, 0, 0, 0, 0, '', '2019-04-04 10:36:51', 6, 1, 'a:1:{i:0;s:1:"7";}', 0, 0, 0, 0, '', 0, '', '0000-00-00', 0, '', '', 0, '', 0, '', '0000-00-00', 0, ''),
(17, 'SR01937634', 2019, 4, 61, '2019-04-01 09:36:10', 'устранить неисправность принтера/ сканера', 'Заявка переназначена на IT Support', '', 1, 2, 0, 0, 0, 0, 0, '', '2019-04-01 09:51:32', 5, 1, '', 0, 0, 0, 0, '', 0, '', '0000-00-00', 0, '', '', 0, '', 0, '', '0000-00-00', 0, ''),
(18, 'SR01946531', 2019, 4, 62, '2019-04-01 09:38:22', 'неисправна система охлаждения, заменить вентилятор', 'ожидаем стоимость кулера на согласование от подрядчика. для уточнения подход.Зип надо забрать ноутбук в СЦ. польз.в отпуске до 14.одобрения от СБ нет.', '', 2, 2, 3, 0, 0, 0, 0, '', '2019-04-03 12:13:22', 4, 0, '', 22, 0, 0, 0, '', 0, '', '0000-00-00', 0, '', '', 0, '', 0, '', '0000-00-00', 0, ''),
(19, '335305', 2019, 4, 81, '2019-04-01 09:40:01', 'Сломался принтер.распечатывает и копирует только одну половину документа&#13;&#10;', 'диагностика. демонтаж/монтаж узла закрепления изо', '', 1, 2, 0, 0, 0, 0, 0, '', '2019-04-02 11:32:36', 4, 0, '', 74, 700, 0, 0, '', 0, '', '0000-00-00', 0, '', '', 0, '', 0, '', '0000-00-00', 0, ''),
(20, 'SR01946787', 2019, 4, 70, '2019-04-01 09:43:12', 'Не включается системный блок', 'диагностика. демонтаж старого пк, монтаж нового. установка ОС. копирование файлов.', '', 1, 0, 2, 4, 0, 0, 0, '', '2019-04-01 14:11:24', 4, 0, '', 89, 700, 0, 0, '', 0, '', '0000-00-00', 0, '', '', 0, '', 0, '', '0000-00-00', 0, ''),
(21, '335299', 2019, 4, 36, '2019-04-01 09:48:35', 'Скинуть пароль на ноутбуке', 'удаление пароль с учетной записи', '', 1, 2, 0, 0, 0, 0, 0, '', '2019-04-03 13:05:19', 4, 0, '', 16, 850, 0, 0, '', 0, '', '0000-00-00', 0, '', '', 0, '', 0, '', '0000-00-00', 0, ''),
(22, 'SR01947076', 2019, 4, 66, '2019-04-01 10:45:51', 'Отваливается доступ в Internet', 'пользователь в отпуске. проведение работ согласовано на 09.04 (по возвращ.польз-я)', '', 0, 2, 0, 0, 0, 0, 0, '', '2019-04-03 10:36:55', 4, 0, '', 18, 700, 0, 0, '', 0, '', '0000-00-00', 0, '', '', 0, '', 0, '', '0000-00-00', 0, ''),
(23, 'SR01946896', 2019, 4, 62, '2019-04-01 10:49:40', 'Активация MS office', 'выполнена активация MS office', '', 1, 2, 0, 0, 0, 0, 0, '', '2019-04-04 10:10:23', 4, 0, '', 22, 0, 0, 0, '', 0, '', '0000-00-00', 0, '', '', 0, '', 0, '', '0000-00-00', 0, ''),
(25, '335337', 2019, 4, 90, '2019-04-01 11:47:20', 'провести профилактические работы', 'Проведены профилактические работы', '', 1, 2, 0, 0, 0, 0, 0, '', '2019-04-03 10:06:41', 6, 0, '', 82, 2500, 0, 0, '', 0, '', '0000-00-00', 0, '', '', 0, '', 0, '', '0000-00-00', 0, ''),
(26, 'SR01947315', 2019, 4, 61, '2019-04-01 12:21:31', 'Настроить принтер HP LJ 3035mfp', 'отключение кабеля интернета от розетки', '', 1, 2, 0, 0, 0, 0, 0, '', '2019-04-02 11:54:54', 4, 0, '', 72, 700, 0, 0, '', 0, '', '0000-00-00', 0, '', '', 0, '', 0, '', '0000-00-00', 0, ''),
(27, '330553', 2019, 4, 54, '2019-04-01 14:26:48', 'оценка стоимости работ - перенос 3х терминалов и 3х ТД', 'скорректированная смета от подрядчиков прислана, согласована. (на 75816р)', 'выезд (3ч)', 1, 2, 2, 3, 0, 0, 0, '', '2019-04-02 10:58:46', 4, 0, '', 22, 0, 0, 0, '', 0, '', '0000-00-00', 0, '', '', 0, '', 0, '', '0000-00-00', 0, ''),
(28, 'SR01856942', 2019, 4, 79, '2019-04-01 14:31:08', 'Заменить АКБ в Ноутбуке', 'АКБ для ноутбука на согласовании (доставка из Москвы (НН)) Еще не согласовали', '', 2, 2, 3, 0, 0, 7100, 800, '', '2019-04-03 11:21:27', 6, 0, '', 70, 0, 0, 0, '', 0, '', '0000-00-00', 0, '', '', 0, '', 0, '', '0000-00-00', 0, ''),
(29, 'б/н1', 2019, 4, 95, '2019-04-01 14:34:57', 'Проектирование АПС. Проект выполняет Скирко А.В.', 'Задача на контроле у Скирко Александра', '', 2, 3, 0, 0, 0, 0, 0, '', '2019-04-03 14:18:20', 2, 1, 'a:1:{i:0;s:1:"3";}', 0, 0, 0, 0, '', 0, '', '0000-00-00', 0, '', '', 0, '', 0, '', '0000-00-00', 0, ''),
(30, 'SR01877085', 2019, 4, 61, '2019-04-01 14:36:40', 'Перегрузка оперативной памяти ПК', 'диагностика. Отправлены вар. ОЗУ на 4 и 8 ГБ на согласование. Согласования нет.', '', 2, 2, 0, 0, 0, 0, 0, '', '2019-04-03 11:22:37', 4, 0, '', 72, 700, 0, 0, '', 0, '', '0000-00-00', 0, '', '', 0, '', 0, '', '0000-00-00', 0, ''),
(31, '331663', 2019, 4, 35, '2019-04-01 14:40:08', 'провести диагностику ноутбука. (зависает)', 'Выполнена, ждем СЛ', '', 0, 2, 3, 0, 0, 800, 500, '', '2019-04-04 12:05:31', 6, 0, '', 25, 1500, 0, 0, '', 600, '', '0000-00-00', 0, '', '', 0, '', 0, '', '0000-00-00', 0, ''),
(32, 'SR01882224', 2019, 4, 79, '2019-04-01 14:41:55', 'Заменить АКБ в ноутбуке', 'оригинальная АКБ для ноутбука на согласовании, согласования еще нет', '', 2, 2, 3, 0, 0, 7200, 800, '', '2019-04-03 11:24:00', 6, 0, '', 70, 0, 0, 0, '', 0, '', '0000-00-00', 0, '', '', 0, '', 0, '', '0000-00-00', 0, ''),
(33, '332178', 2019, 4, 109, '2019-04-01 14:49:12', 'Не работает UPS', 'оборудование  в АСЦ (ибп). Составлен акт на ремонт сил.платы. Стоимость + доставка согласованы. отремонтировано. сегодня отправим доверенность', 'ремонт силовой платы', 0, 2, 3, 0, 0, 9945, 800, '', '2019-04-03 10:30:01', 4, 0, '', 16, 850, 0, 0, '', 0, '', '0000-00-00', 0, '', 'ИП Ордин Д.А.', 6800, '', 0, '25/272291', '0000-00-00', 1, ''),
(34, '17377', 2019, 4, 108, '2019-04-01 14:50:06', 'ПНР в магазине 20.04.', '', '', 2, 2, 3, 0, 60610.21, 0, 0, 'ПНР 20.04; ВПК 22.04; Открытие 30.04', '2019-04-04 09:59:42', 6, 0, '', 93, 60610.21, 0, 0, '', 0, '', '0000-00-00', 0, '', '', 0, '', 0, '', '0000-00-00', 0, ''),
(35, '15103', 2019, 4, 110, '2019-04-01 14:51:23', 'ПНР в магазине 20.04.', '', '', 2, 2, 3, 0, 56949.19, 0, 0, 'ПНР 20.04; ВПК 22.04; Открытие 30.04', '2019-04-04 10:00:16', 6, 0, '', 93, 0, 56949.19, 0, '', 0, '', '0000-00-00', 0, '', '', 0, '', 0, '', '0000-00-00', 0, ''),
(36, '332588', 2019, 4, 12, '2019-04-01 14:53:37', 'Вздулись корпуса на 5-ти планшетах', '2 планшета по гарантии в АСЦ, запчасти еще не поступили.', '', 0, 2, 0, 0, 0, 0, 0, '3 планшета не на гарантии, 2 на гарантии', '2019-04-04 10:37:45', 6, 0, '', 13, 0, 0, 0, '', 0, '', '0000-00-00', 0, '', '', 0, '', 0, '', '0000-00-00', 0, ''),
(37, 'SR01901338', 2019, 4, 79, '2019-04-01 14:56:16', 'Замена АКБ в ноутбуке', 'акб на согласовании, согласования еще нет', '', 2, 2, 3, 0, 8000, 0, 0, '', '2019-04-03 11:33:25', 6, 0, '', 70, 0, 0, 0, '', 0, '', '0000-00-00', 0, '', '', 0, '', 0, '', '0000-00-00', 0, ''),
(38, '332588 /1', 2019, 4, 12, '2019-04-01 15:17:19', 'доставка планшетов в СЦ', 'Планшеты доставлены в сц по гарантии. запчасти заказаны. Еще не поступили.', '', 0, 2, 0, 0, 0, 0, 0, '', '2019-04-04 10:37:41', 6, 0, '', 82, 600, 0, 0, '', 0, '', '0000-00-00', 0, '', '', 0, '', 0, '', '0000-00-00', 0, ''),
(39, '332907', 2019, 4, 13, '2019-04-01 15:19:44', 'Вздулись акб на 11 планшетах', '5 планшетов отправлены в Москву (оказались гарантийные. отправили ответ в CTI), 6 в АСЦ в Хабаровск. Запчасти не поступили.', '', 0, 2, 3, 0, 0, 0, 0, '6 планшетов на гарантии.&#13;&#10;5 планшетов не на гарантии', '2019-04-04 10:37:37', 6, 0, '', 13, 0, 0, 0, '', 0, '', '0000-00-00', 0, '', '', 0, '', 0, '', '0000-00-00', 0, ''),
(40, '333389', 2019, 4, 112, '2019-04-01 15:25:04', 'Не включается камера при работе в скайп для бизнеса', 'Закупка; подключение; настройка веб-камеры', 'Веб-камера-1650; доставка-500р', 1, 2, 3, 0, 0, 1650, 500, '', '2019-04-04 17:50:25', 6, 0, '', 25, 700, 0, 0, 'веб камера-1140', 1140, '', '0000-00-00', 0, 'веб камера', '', 0, '', 0, '', '0000-00-00', 0, ''),
(41, '333535', 2019, 4, 49, '2019-04-01 15:28:05', 'Перенос АРМ и линии СКС', '1 выезд - уборка розеток и линий СКС, 2 выезд - укладка линий СКС на лотки', '', 1, 2, 2, 4, 0, 0, 0, '', '2019-04-01 15:28:05', 4, 0, '', 70, 1400, 0, 0, '', 0, '', '0000-00-00', 0, '', '', 0, '', 0, '', '0000-00-00', 0, ''),
(42, '333710', 2019, 4, 53, '2019-04-01 15:30:37', 'необходимо поставить и подключить денежный ящик', 'ждем денежный ящик от CTI в г.Владивосток. не поступил', '', 2, 2, 0, 0, 0, 0, 0, '', '2019-04-03 12:13:11', 4, 0, '', 22, 0, 0, 0, '', 0, '', '0000-00-00', 0, '', '', 0, '', 0, '', '0000-00-00', 0, ''),
(43, 'SR01918938', 2019, 4, 79, '2019-04-01 15:32:22', 'Ошибка при сканировании в папку', 'Был совершен выезд для сброса МФУ до заводских настроек, инф. Отправлена в CTI, ответа еще не постпило', '', 2, 2, 0, 0, 0, 0, 0, '', '2019-04-03 12:13:31', 6, 0, '', 70, 0, 0, 0, '', 0, '', '0000-00-00', 0, '', '', 0, '', 0, '', '0000-00-00', 0, ''),
(44, 'SR01920554', 2019, 4, 61, '2019-04-01 15:35:45', 'Не работает второй монитор', 'переходник согласован, поступил брак. Новый через 2-3 дня поступит (04-05.04)', 'переходник VGA - DPORT 1235р. Доставка 500р.', 0, 2, 3, 0, 0, 1235, 500, '', '2019-04-03 11:09:27', 6, 0, '', 72, 700, 0, 0, '', 950, '', '0000-00-00', 0, '', '', 0, '', 0, '', '0000-00-00', 0, ''),
(45, '335430', 2019, 4, 113, '2019-04-01 15:47:59', 'Медленная работа ноутбука, необходимо поменять HDD на SSD и установить windows', 'SSD согласован', 'SSD 4150р. Доставка 500р.', 0, 2, 3, 0, 0, 4150, 500, '', '2019-04-04 12:17:14', 6, 0, '', 14, 700, 0, 0, 'SSD 3150р.', 3150, '', '0000-00-00', 0, 'Оплачен SSD 3150р (04.04.2019)', '', 0, '', 0, '', '0000-00-00', 0, ''),
(46, '333750', 2019, 4, 114, '2019-04-01 15:48:40', 'Вышел из строя UPS', 'Закупка и замена АКБ в ИБП (6шт.)', 'АКБ (1970*6=11820) доставка 500р.', 1, 2, 3, 0, 0, 11820, 500, '', '2019-04-02 09:32:58', 6, 0, '', 91, 700, 0, 0, '', 9702, '', '0000-00-00', 0, 'Закупили 6шт. АКБ', '', 0, '', 0, '', '0000-00-00', 0, ''),
(47, 'SR01921341', 2019, 4, 62, '2019-04-01 15:51:48', 'не работает веб-камера', 'не работает встроенная камера. Ждем одобрения от сб на забор ноута в СЦ. польз. ждет поставку зип, до этого не готов отдавать в ремонт ноутбук', '', 2, 2, 0, 0, 0, 0, 0, '', '2019-04-04 09:55:34', 4, 0, '', 22, 0, 0, 0, '', 0, '', '0000-00-00', 0, '', '', 0, '', 0, '', '0000-00-00', 0, ''),
(48, 'SR01922548', 2019, 4, 79, '2019-04-01 15:55:23', 'заменить гарнитуру', 'Закупка и предоставление гарнитуры', 'Гарнитура-1900;доставка-500', 1, 2, 3, 0, 0, 1900, 500, '', '2019-04-04 15:05:16', 6, 0, '', 70, 0, 0, 0, 'Гарнитура-1080', 1080, '', '0000-00-00', 0, '', '', 0, '', 0, '', '0000-00-00', 0, ''),
(49, 'SR01922553', 2019, 4, 79, '2019-04-01 15:58:02', 'заменить гарнитуру', 'Закупка и предоставление гарнитуры', 'Гарнитура-1900; доставка-500', 1, 2, 3, 0, 0, 1900, 500, 'гарнитура', '2019-04-04 15:01:14', 6, 0, '', 70, 0, 0, 0, 'Гарнитура-1080', 1080, '', '0000-00-00', 0, '', '', 0, '', 0, '', '0000-00-00', 0, ''),
(50, 'SR01922528', 2019, 4, 79, '2019-04-01 15:59:51', 'заменить гарнитуру', 'Закупка и предоставление гарнитуры', 'Гарнитура-1900; доставка-500', 1, 2, 3, 0, 0, 1900, 500, '', '2019-04-04 15:02:53', 6, 0, '', 70, 0, 0, 0, 'Гарнитура-1080', 1080, '', '0000-00-00', 0, '', '', 0, '', 0, '', '0000-00-00', 0, ''),
(51, '333913', 2019, 4, 76, '2019-04-01 16:02:31', 'МФУ 5335-2, жует бумагу. Скрип при захвате бумаги', 'диагностика. замена роликов.', 'Комплект роликов захвата/подачи/отделения для МФУ Xerox WC5335', 1, 2, 3, 0, 4800, 0, 500, '', '2019-04-02 16:37:51', 4, 0, '', 11, 900, 0, 0, '', 2790, '', '0000-00-00', 0, '', '', 0, '', 0, '', '0000-00-00', 0, ''),
(52, '335442', 2019, 4, 115, '2019-04-01 16:16:38', 'Настройка основного провайдера', 'Настройка принтера;перезаливка микротика', '', 1, 0, 3, 0, 2000, 0, 0, '', '2019-04-02 09:26:54', 6, 0, '', 91, 700, 0, 0, '', 0, '', '0000-00-00', 0, '', '', 0, '', 0, '', '0000-00-00', 0, ''),
(53, '335424', 2019, 4, 14, '2019-04-01 16:22:05', 'Постоянно вылетает BSOD при работе', 'польз-ль сообщил, что проблема решена без нашего участия. позвонил в тп для отмены заявки.', '', 1, 2, 0, 0, 0, 0, 0, '', '2019-04-02 09:27:57', 4, 0, '', 82, 0, 0, 0, '', 0, '', '0000-00-00', 0, '', '', 0, '', 0, '', '0000-00-00', 0, ''),
(54, 'SR01926267', 2019, 4, 60, '2019-04-01 16:22:47', 'Заменить наушники', 'Закупка и замена гарнитуры', 'гарнитура', 1, 2, 3, 0, 0, 700, 500, '', '2019-04-01 16:50:04', 6, 1, 'a:1:{i:0;s:1:"9";}', 0, 0, 0, 0, '', 0, '', '0000-00-00', 0, '', 'Ситилинк', 0, 'гарнитура', 270, 'Y3347585', '0000-00-00', 1, ''),
(55, '334141', 2019, 4, 116, '2019-04-01 16:24:18', 'Демонтаж сервера', 'демонтаж сервера(объект не на абонентке)', '', 1, 2, 2, 1, 0, 0, 0, '', '2019-04-03 10:44:42', 4, 0, '', 22, 700, 0, 0, '', 0, '', '0000-00-00', 0, '', '', 0, '', 0, '', '0000-00-00', 0, ''),
(56, 'SR01668844', 2019, 4, 60, '2019-04-01 16:26:19', 'подключить факс', 'будет составляться смета.', '', 0, 2, 0, 0, 0, 0, 0, '', '2019-04-03 10:49:35', 4, 1, 'a:1:{i:0;s:1:"9";}', 0, 0, 0, 0, '', 0, '', '0000-00-00', 0, '', '', 0, '', 0, '', '0000-00-00', 0, ''),
(57, '335425', 2019, 4, 48, '2019-04-01 16:27:40', 'Оценка стоимости работ', 'Выезд был. Ожидаем СЛ. Смету пришлют 05.04', '', 0, 2, 3, 0, 0, 0, 0, '', '2019-04-03 09:59:58', 6, 0, '', 70, 0, 0, 0, '', 0, '', '0000-00-00', 0, '', '', 0, '', 0, '', '0000-00-00', 0, ''),
(58, '334204', 2019, 4, 48, '2019-04-01 16:27:51', 'не работает считыватель карт на Клавиатуре', 'Выезд для замены был 02.04. переходник с USB-PS/2 согласован', 'Переходник-450р; доставка-500р.', 0, 2, 3, 0, 0, 450, 500, '', '2019-04-04 14:59:34', 6, 0, '', 70, 0, 0, 0, 'Хаб BURO BU-HUB4 - 315р', 315, '', '0000-00-00', 0, '', '', 0, '', 0, '', '0000-00-00', 0, ''),
(59, '334208', 2019, 4, 8, '2019-04-01 16:31:41', 'ИБП вышел из строя', 'Диагностика, закупка и замена АКБ в ИБП (4шт.)', 'АКБ (1160*4=4640), доставка 500р.', 1, 2, 3, 0, 0, 4640, 500, '', '2019-04-02 09:48:38', 6, 0, '', 52, 700, 0, 0, 'АКБ (850*4=3400), ремонт 200р.', 3600, '', '0000-00-00', 0, '', '', 0, '', 0, '', '0000-00-00', 0, ''),
(60, 'SR01929316', 2019, 4, 79, '2019-04-01 16:33:15', 'Медленно работает ПК. Прошу добавить ОЗУ', 'диагностика. Озу на складе нет. Ждем  стоимость от подрядчиков. Ищут ЗИП', '', 0, 2, 3, 0, 0, 0, 0, '', '2019-04-03 12:10:56', 6, 0, '', 70, 0, 0, 0, '', 0, '', '0000-00-00', 0, '', '', 0, '', 0, '', '0000-00-00', 0, ''),
(61, '334297', 2019, 4, 7, '2019-04-01 16:37:31', 'протестировать ЖД,переустановить ОС, заменить Жд', 'тестирование HDD. закупка и замена HDD. установка ОС, ПО, драйверов.(8ч, /1ч - 550р)', 'HDD', 1, 2, 3, 0, 4400, 4130, 0, '', '2019-04-02 09:40:11', 4, 1, 'a:1:{i:0;s:1:"8";}', 0, 0, 0, 0, '', 0, '', '0000-00-00', 0, '', 'Ситилинк', 0, 'HDD', 2570, 'Y3347585', '0000-00-00', 1, ''),
(62, '334333', 2019, 4, 48, '2019-04-01 16:39:48', 'Не работает печать на термопринтере', 'диагностика термопринтера/ 03.04 отвезли в сц. ждем талон и диагностику', '', 0, 2, 0, 0, 0, 0, 0, '', '2019-04-03 14:13:27', 4, 0, '', 70, 0, 0, 0, '', 0, '', '0000-00-00', 0, '', '', 0, '', 0, '', '0000-00-00', 0, ''),
(63, '334372', 2019, 4, 12, '2019-04-01 16:42:13', 'Не корректная работа сканера ШК, пищит при сканировании', 'Диагностика, замена сканера ШК из ФЗО', '', 1, 2, 0, 0, 0, 0, 0, '', '2019-04-04 14:50:28', 6, 0, '', 13, 0, 0, 0, '', 0, '', '0000-00-00', 0, '', '', 0, '', 0, '', '0000-00-00', 0, ''),
(64, 'SR01932570', 2019, 4, 62, '2019-04-01 16:44:19', 'некорректная работа excel', 'дубль SR01815763', '', 1, 2, 0, 0, 0, 0, 0, '', '2019-04-03 11:20:19', 4, 0, '', 22, 0, 0, 0, '', 0, '', '0000-00-00', 0, '', '', 0, '', 0, '', '0000-00-00', 0, ''),
(65, 'SR01932587', 2019, 4, 62, '2019-04-01 16:45:56', 'заменить батарею ноутбука', 'ждем (фото батареи есть) и стоим кулера. для проверки подх.Зип необходимо забрать ноут в СЦ.польз-ль в отпуске, одобрения от сб нет.', '', 2, 2, 3, 0, 0, 0, 0, '', '2019-04-03 12:12:48', 4, 0, '', 22, 0, 0, 0, '', 0, '', '0000-00-00', 0, '', '', 0, '', 0, '', '0000-00-00', 0, ''),
(66, 'SR01934207', 2019, 4, 72, '2019-04-01 16:47:17', 'предоставить доступ к отправке сканированных документов на электронную почту', 'заявка направлена на уточнению пользователю. Ответа еще не поступило', '', 2, 2, 0, 0, 0, 0, 0, '', '2019-04-04 09:40:09', 6, 0, '', 6, 700, 0, 0, '', 0, '', '0000-00-00', 0, '', '', 0, '', 0, '', '0000-00-00', 0, ''),
(67, 'SR01934158', 2019, 4, 60, '2019-04-01 16:48:34', 'заменить неисправный HDD на SSD', 'отправлена диагностика. Ждем согласования добавления SSD диска. запросили инф. у CTI, ответ еще не поступил', '', 2, 2, 3, 0, 0, 0, 0, '', '2019-04-04 17:55:34', 6, 1, 'a:1:{i:0;s:1:"9";}', 0, 0, 0, 0, '', 0, '', '0000-00-00', 0, '', '', 0, '', 0, '', '0000-00-00', 0, ''),
(68, 'SR01926823', 2019, 4, 66, '2019-04-01 16:51:20', 'установка арм (Стандартный ПК+монитор+гарнитура)', 'Настройка АРМ(2 ч). Гарнитура поступила, выезд 02.04', 'установка арм (2ч), гарнитура 700, доставка 500', 1, 2, 3, 0, 1000, 700, 500, '', '2019-04-03 10:36:06', 4, 0, '', 18, 700, 0, 0, 'гарнитура', 350, '', '0000-00-00', 0, '', '', 0, '', 0, '', '0000-00-00', 0, ''),
(69, 'SR01934702', 2019, 4, 60, '2019-04-01 16:57:42', 'проверить работу гарнитуры. Нет звука', 'закупка и замена гарнитуры', 'гарнитура', 1, 2, 3, 0, 0, 700, 500, '', '2019-04-01 17:40:02', 4, 1, 'a:1:{i:0;s:1:"9";}', 0, 0, 0, 0, '', 0, '', '0000-00-00', 0, '', 'Ситилинк', 0, 'гарнитура', 270, 'Y3378571', '0000-00-00', 1, ''),
(70, '17087', 2019, 4, 117, '2019-04-01 17:00:04', 'ПНР в магазине. Открытие 05.04.', '', '', 0, 2, 3, 0, 49627.15, 0, 0, '', '2019-04-04 09:57:38', 6, 0, '', 93, 0, 49627.15, 0, '', 0, '', '0000-00-00', 0, '', '', 0, '', 0, '', '0000-00-00', 0, ''),
(71, 'SR01914633', 2019, 4, 60, '2019-04-01 17:07:11', 'установка арм ( ноутбук + монитор  + гарнитура + мышь+avaya )', 'Установка АРМ (3ч), закупка и предоставление гарнитуры', 'гарнитура 1900р., доставка 500р', 1, 2, 3, 0, 1500, 1900, 500, '', '2019-04-02 14:42:20', 6, 1, 'a:1:{i:0;s:1:"9";}', 0, 0, 0, 0, '', 0, '', '0000-00-00', 0, '', 'Ситилинк, ДНС Ритейл', 0, 'переходник для гарнитуры(170)за наличные, гарнитура в ситилинке(270)', 440, 'Y3347585', '0000-00-00', 1, ''),
(72, '334535', 2019, 4, 119, '2019-04-01 17:13:02', 'ПК переодически выключается, зависает, меделенно работает', 'Диагностика, ПК к замене, отправлен Акт в CTI', '', 2, 2, 3, 0, 1400, 0, 0, '', '2019-04-03 09:16:28', 6, 0, '', 82, 0, 0, 0, '', 0, '', '0000-00-00', 0, '', '', 0, '', 0, '', '0000-00-00', 0, ''),
(73, '335058', 2019, 4, 120, '2019-04-01 17:13:03', 'Установка ОС Linux на всех ПК (с 01.04-05.04)', 'Выезд согласован на пятницу 05.04.', '', 0, 2, 1, 0, 0, 0, 0, '', '2019-04-04 09:11:11', 6, 0, '', 13, 0, 0, 0, '', 0, '', '0000-00-00', 0, '', '', 0, '', 0, '', '0000-00-00', 0, ''),
(74, 'SR01936638', 2019, 4, 79, '2019-04-01 17:15:45', 'увеличить ОЗУ на ПК в связи с низкой производительностью', 'диагностика(1ч), ожидаем массовую поставку ЗИП', '', 1, 2, 3, 0, 500, 0, 0, '', '2019-04-02 13:09:32', 6, 0, '', 70, 0, 0, 0, '', 0, '', '0000-00-00', 0, '', '', 0, '', 0, '', '0000-00-00', 0, ''),
(75, 'SR01936720', 2019, 4, 79, '2019-04-01 17:17:19', 'Медленно работает ПК, прошу расширить ОЗУ', 'диагностика. Ждем номер логиста от CTI. От подр. Ждем Зип на согласование. Ищут Зип', '', 0, 2, 3, 0, 0, 0, 0, '', '2019-04-03 12:14:04', 6, 0, '', 70, 0, 0, 0, '', 0, '', '0000-00-00', 0, '', '', 0, '', 0, '', '0000-00-00', 0, ''),
(76, 'SR01936748', 2019, 4, 79, '2019-04-01 17:19:00', 'медленная работа ПК, прошу расширить ОЗУ', 'диагностика. Ждем номер логиста от CTI. От подр. Ждем Зип на согласование. Ищут Зип', '', 0, 2, 3, 0, 0, 0, 0, '', '2019-04-03 12:13:48', 6, 0, '', 70, 0, 0, 0, '', 0, '', '0000-00-00', 0, '', '', 0, '', 0, '', '0000-00-00', 0, ''),
(77, '335061', 2019, 4, 121, '2019-04-01 17:19:36', 'Установка ОС Linux на всех ПК (с 01.04-05.04)', 'установка Linux - 4 РМ. настройка печати и сканирования.', '', 1, 2, 3, 0, 1400, 0, 0, '', '2019-04-03 15:42:26', 4, 1, 'a:1:{i:0;s:1:"7";}', 0, 0, 0, 0, '', 0, '', '0000-00-00', 0, '', '', 0, '', 0, '', '0000-00-00', 0, ''),
(78, 'SR01936876', 2019, 4, 79, '2019-04-01 17:20:01', 'медленная работа ПК, прошу расширить ОЗУ', 'диагностика. Заявка передена на группу Заказчика до поступления зип', '', 1, 2, 3, 0, 0, 0, 0, '', '2019-04-03 10:51:41', 4, 0, '', 70, 0, 0, 0, '', 0, '', '0000-00-00', 0, '', '', 0, '', 0, '', '0000-00-00', 0, ''),
(79, 'SR01936895', 2019, 4, 79, '2019-04-01 17:22:11', 'замечена медленная работа ПК, прошу расширить ОЗУ', 'диагностика. заявка переведена на группу заказчика до поступления зип', '', 1, 2, 3, 0, 0, 0, 0, '', '2019-04-03 10:52:13', 4, 0, '', 70, 0, 0, 0, '', 0, '', '0000-00-00', 0, '', '', 0, '', 0, '', '0000-00-00', 0, ''),
(80, '334580', 2019, 4, 12, '2019-04-01 17:24:38', 'перестают реагировать на подключения все USB порты. не работают любые подключённые устройства к ПК', 'диагностика. СБ исправен. Неисправен ИБП, ждем ИБП из Москвы. Еще не поступил.', '', 0, 2, 0, 0, 0, 0, 0, '', '2019-04-04 13:03:24', 6, 0, '', 13, 0, 0, 0, '', 0, '', '0000-00-00', 0, '', '', 0, '', 0, '', '0000-00-00', 0, ''),
(81, 'SR01937707', 2019, 4, 64, '2019-04-01 17:25:45', 'Настроить принтер на всех ПК', 'Выезд 04.04', '', 0, 2, 0, 0, 0, 0, 0, '', '2019-04-04 09:10:20', 5, 0, '', 7, 700, 0, 0, '', 0, '', '0000-00-00', 0, '', '', 0, '', 0, '', '0000-00-00', 0, ''),
(82, '335116', 2019, 4, 122, '2019-04-01 17:25:58', 'Проведение инвентаризации', 'Отправлена Заказчику на проверку, необходимо сделать фото серверной', '', 2, 2, 0, 0, 0, 0, 0, '', '2019-04-02 12:37:26', 6, 1, 'a:1:{i:0;s:1:"7";}', 0, 0, 0, 0, '', 0, '', '0000-00-00', 0, '', '', 0, '', 0, '', '0000-00-00', 0, ''),
(83, '334638', 2019, 4, 76, '2019-04-01 17:27:00', 'постоянно замятие в лотке. Смазанная печать', '02.04 - диагностика, ЗИП на согласовании', 'Термопленка - 1 400 р.&#13;&#10;Узел захвата - 3 900 р.', 2, 3, 3, 0, 5300, 0, 0, '', '2019-04-04 12:50:32', 5, 0, '', 11, 1200, 2000, 0, 'Термопленка - 1050&#13;&#10;Вал захвата - 950', 0, '', '0000-00-00', 0, '', '', 0, '', 0, '', '0000-00-00', 0, ''),
(84, 'SR01939102', 2019, 4, 79, '2019-04-01 17:28:13', 'Заменить гарнитуру&#13;&#10;', 'Закупка и предоставление гарнитуры', 'гарнитура 1900р. Доставка 500р.', 1, 2, 3, 0, 0, 1900, 500, '', '2019-04-04 15:03:28', 6, 0, '', 70, 0, 0, 0, 'гарнитура-1080', 1080, '', '0000-00-00', 0, '', '', 0, '', 0, '', '0000-00-00', 0, ''),
(85, 'SR01937113', 2019, 4, 79, '2019-04-01 17:28:57', 'Увеличение ОЗУ до объема 8 ГБ (суммарно)', 'Диагностика (1ч), ждем массовую поставку ЗиП', 'Диагностика 500р.', 1, 2, 3, 0, 500, 0, 0, '', '2019-04-04 11:08:22', 6, 0, '', 70, 0, 0, 0, '', 0, '', '0000-00-00', 0, '', '', 0, '', 0, '', '0000-00-00', 0, ''),
(86, 'SR01939115', 2019, 4, 79, '2019-04-01 17:29:34', 'Заменить гарнитуру&#13;&#10;', 'Закупка и предоставление гарнитуры', 'гарнитура 1900р. Доставка 500р.', 1, 2, 3, 0, 0, 1900, 500, '', '2019-04-04 14:55:09', 6, 0, '', 70, 0, 0, 0, 'гарнитура-1080р.', 1080, '', '0000-00-00', 0, '', '', 0, '', 0, '', '0000-00-00', 0, ''),
(87, 'SR01939106', 2019, 4, 79, '2019-04-01 17:31:05', 'Заменить гарнитуру', 'Закупка и предоставление гарнитуры', 'Гарнитура 1900р. Доставка 500р.', 1, 2, 3, 0, 0, 1900, 500, '', '2019-04-04 14:55:57', 6, 0, '', 70, 0, 0, 0, 'Гарнитура-1080р.', 1080, '', '0000-00-00', 0, '', '', 0, '', 0, '', '0000-00-00', 0, ''),
(88, 'SR01939090', 2019, 4, 79, '2019-04-01 17:33:00', 'Заменить гарнитуру', 'Закупка и предоставление гарнитуры', 'Гарнитура 1900р. Доставка 500р.', 1, 2, 3, 0, 0, 1900, 500, '', '2019-04-04 14:52:36', 6, 0, '', 70, 0, 0, 0, 'Гарнитура-1080р.', 1080, '', '0000-00-00', 0, '', '', 0, '', 0, '', '0000-00-00', 0, ''),
(89, '334988', 2019, 4, 8, '2019-04-01 17:34:22', 'нет питания на дисплее покупателя', 'Диагностика, закупка и замена блока питания', 'Блок питания 800р, доставка 500р.', 1, 2, 3, 0, 0, 800, 500, '', '2019-04-02 12:43:27', 6, 0, '', 52, 700, 0, 0, 'Блок питания, замена разъема (360+200)', 560, '', '0000-00-00', 0, '', '', 0, '', 0, '', '0000-00-00', 0, ''),
(90, 'SR01939122', 2019, 4, 79, '2019-04-01 17:36:41', 'Заменить гарнитуру', 'Закупка и предоставление гарнитуры', 'Гарнитура 1900р. Доставка 500р.', 1, 2, 3, 0, 0, 1900, 500, '', '2019-04-04 14:54:29', 6, 0, '', 70, 0, 0, 0, 'Гарнитура(1080)', 1080, '', '0000-00-00', 0, '', '', 0, '', 0, '', '0000-00-00', 0, ''),
(91, '335466', 2019, 4, 17, '2019-04-02 08:35:40', 'Пк infostand вылетел из домена, требуется перезавести', 'выезд запланирован на 05.04', '', 0, 2, 0, 0, 0, 0, 0, '', '2019-04-04 09:18:44', 4, 0, '', 22, 0, 0, 0, '', 0, '', '0000-00-00', 0, '', '', 0, '', 0, '', '0000-00-00', 0, ''),
(92, '335504', 2019, 4, 123, '2019-04-02 08:40:33', 'настройка интернет-каналов', 'выезд запланирован на 05.04', '', 0, 2, 1, 0, 0, 0, 0, '', '2019-04-04 09:18:58', 4, 0, '', 22, 0, 0, 0, '', 0, '', '0000-00-00', 0, '', '', 0, '', 0, '', '0000-00-00', 0, ''),
(93, '335510', 2019, 4, 124, '2019-04-02 08:44:40', 'Настройка интернет-каналов', 'на точке отсутствует кабель от провайдера, ТП вкурсе', '', 1, 2, 1, 0, 0, 0, 0, '', '2019-04-03 09:29:59', 6, 0, '', 37, 700, 0, 0, '', 0, '', '0000-00-00', 0, '', '', 0, '', 0, '', '0000-00-00', 0, ''),
(94, 'SR01950498', 2019, 4, 63, '2019-04-02 11:09:17', 'Outlook просит удалить файл OST на удаленном рабочем столе VDI', 'Выезд согласован на 05.04.', '', 0, 2, 0, 0, 0, 0, 0, '', '2019-04-04 10:44:19', 6, 0, '', 33, 700, 0, 0, '', 0, '', '0000-00-00', 0, '', '', 0, '', 0, '', '0000-00-00', 0, ''),
(95, 'SR01946808', 2019, 4, 70, '2019-04-02 11:34:47', 'требуется повторно завести ноутбук в домен', 'Диагностика, переустановка ОС', '', 1, 2, 2, 2, 0, 0, 0, '', '2019-04-04 11:55:18', 6, 0, '', 89, 700, 0, 0, '', 0, '', '0000-00-00', 0, '', '', 0, '', 0, '', '0000-00-00', 0, ''),
(96, '334370', 2019, 4, 12, '2019-04-02 11:59:03', 'переместить: Касса мобайл', 'перенос линий, монтаж розеток, подключение оборудования', '', 1, 2, 3, 0, 11543.56, 0, 0, '', '2019-04-02 11:59:03', 4, 0, '', 13, 3000, 0, 0, '', 0, '', '0000-00-00', 0, '', '', 0, '', 0, '', '0000-00-00', 0, ''),
(97, '334885', 2019, 4, 85, '2019-04-02 12:01:10', 'МФУ зажевало бумагу, нет возможности извлечь', 'устранение затора бумаги', '', 1, 2, 0, 0, 0, 0, 0, '', '2019-04-02 12:01:10', 4, 0, '', 82, 600, 0, 0, '', 0, '', '0000-00-00', 0, '', '', 0, '', 0, '', '0000-00-00', 0, ''),
(98, '335085', 2019, 4, 125, '2019-04-02 12:04:41', 'проверить коммутацию сети и настроики роутера', 'переобжим кабеля, проверка настроек и коммутации сети', '', 1, 0, 3, 0, 2000, 0, 0, '', '2019-04-02 12:04:41', 4, 0, '', 13, 0, 0, 0, '', 0, '', '0000-00-00', 0, '', '', 0, '', 0, '', '0000-00-00', 0, ''),
(99, 'SR01915310', 2019, 4, 62, '2019-04-02 13:16:07', 'Заменить клавиатуру', 'до логиста не дозвонился/не нашел. 05.04 выезд, уточнит на складе наличие клавиатуры', '', 0, 2, 3, 0, 0, 0, 0, '', '2019-04-04 09:21:41', 4, 0, '', 22, 0, 0, 0, '', 0, '', '0000-00-00', 0, '', '', 0, '', 0, '', '0000-00-00', 0, ''),
(100, '335634', 2019, 4, 126, '2019-04-02 14:46:41', 'На всех ПК заменить Windows на Linux', 'установка OC Linux на 3 РМ. установка ПО.', '', 1, 0, 3, 0, 2000, 0, 0, '', '2019-04-03 10:37:42', 4, 1, 'a:1:{i:0;s:1:"8";}', 0, 0, 0, 0, '', 0, '', '0000-00-00', 0, '', '', 0, '', 0, '', '0000-00-00', 0, ''),
(101, 'SR01951849', 2019, 4, 60, '2019-04-02 15:02:27', 'Не работает телефон', 'диагностика. замена.', '', 1, 2, 0, 0, 0, 0, 0, '', '2019-04-02 15:41:26', 4, 1, 'a:1:{i:0;s:1:"9";}', 0, 0, 0, 0, '', 0, '', '0000-00-00', 0, '', '', 0, '', 0, '', '0000-00-00', 0, ''),
(102, '335620', 2019, 4, 127, '2019-04-02 16:05:10', 'Установка 3D счетчика с учетом протяжки UTP-линии', 'Счетчик поступил, выезд для осмотра был. Ведутся отделочные работы.Оценить стоимость работ пока нет возможности из-за отсутствия потолка раб.мин.2дня)', '', 0, 2, 3, 0, 5250, 0, 0, 'Установка необходима до 07.04.2019', '2019-04-03 14:20:38', 6, 0, '', 14, 0, 0, 0, '', 0, '', '0000-00-00', 0, '', '', 0, '', 0, '', '0000-00-00', 0, ''),
(103, 'SR01943359', 2019, 4, 60, '2019-04-02 17:06:34', 'подготовить рабочее место для нового сотрудника', 'Установка и настройка АРМ', '', 1, 2, 0, 0, 0, 0, 0, '', '2019-04-04 15:16:09', 6, 1, 'a:1:{i:0;s:1:"9";}', 0, 0, 0, 0, '', 0, '', '0000-00-00', 0, '', '', 0, '', 0, '', '0000-00-00', 0, ''),
(104, '335217', 2019, 4, 121, '2019-04-03 09:10:10', 'залить Linux вместо Windows', 'дубль 335061', '', 1, 2, 0, 0, 0, 0, 0, '', '2019-04-03 15:43:06', 4, 1, 'a:1:{i:0;s:1:"7";}', 0, 0, 0, 0, '', 0, '', '0000-00-00', 0, '', '', 0, '', 0, '', '0000-00-00', 0, ''),
(105, 'SR01953341', 2019, 4, 62, '2019-04-03 09:35:57', 'Каждые 5-7 минут отключается интернет, не работает avaya', 'восстановление работы методом сброса.', '', 1, 1, 0, 0, 0, 0, 0, '', '2019-04-04 10:11:50', 4, 0, '', 22, 0, 0, 0, '', 0, '', '0000-00-00', 0, '', '', 0, '', 0, '', '0000-00-00', 0, ''),
(106, 'SR01953434', 2019, 4, 62, '2019-04-03 09:39:56', 'Очистка жесткого диска', 'выезд 04.04. пользователь сильно занят, отложил до завтра.', '', 0, 2, 0, 0, 0, 0, 0, '', '2019-04-04 09:23:08', 4, 0, '', 22, 0, 0, 0, '', 0, '', '0000-00-00', 0, '', '', 0, '', 0, '', '0000-00-00', 0, ''),
(107, 'SR01953192', 2019, 4, 63, '2019-04-03 10:08:25', 'Проблема с внешним жестким диском', 'сбой в работе raid массива на одном из серверов.', '', 1, 0, 0, 0, 0, 0, 0, '', '2019-04-03 15:18:38', 4, 0, '', 33, 700, 0, 0, '', 0, '', '0000-00-00', 0, '', '', 0, '', 0, '', '0000-00-00', 0, ''),
(108, 'SR01953721', 2019, 4, 72, '2019-04-03 10:41:16', 'подключить принтер(кабинет отдела безопасности)', 'заявка неактуальна. выполнение работ не требуется. принтер подключен был ранее.', '', 1, 2, 0, 0, 0, 0, 0, '', '2019-04-03 16:41:47', 4, 0, '', 6, 0, 0, 0, '', 0, '', '0000-00-00', 0, '', '', 0, '', 0, '', '0000-00-00', 0, ''),
(109, 'SR01945713', 2019, 4, 62, '2019-04-03 11:08:05', 'появляется ошибка &#34;Срок действия учетной записи пользователя истек&#34;', 'заявка переведена на IT Support', '', 1, 1, 0, 0, 0, 0, 0, '', '2019-04-04 10:13:10', 4, 0, '', 22, 0, 0, 0, '', 0, '', '0000-00-00', 0, '', '', 0, '', 0, '', '0000-00-00', 0, ''),
(110, 'SR01939285', 2019, 4, 79, '2019-04-03 12:22:55', 'Установить SSD большей емкости', 'Диагностика(1ч). Ждем массовую поставку Зип', '', 1, 2, 2, 1, 0, 0, 0, '', '2019-04-04 13:01:35', 6, 0, '', 70, 0, 0, 0, '', 0, '', '0000-00-00', 0, '', '', 0, '', 0, '', '0000-00-00', 0, ''),
(111, 'SR01939271', 2019, 4, 79, '2019-04-03 12:28:50', 'установить SSD большей емкости', 'Диагностика (1ч). Ждем массовую поставку Зип', '', 1, 2, 2, 1, 0, 0, 0, '', '2019-04-04 13:00:52', 6, 0, '', 70, 0, 0, 0, '', 0, '', '0000-00-00', 0, '', '', 0, '', 0, '', '0000-00-00', 0, ''),
(112, 'SR01939134', 2019, 4, 79, '2019-04-03 12:34:18', 'Рассмотреть замену ноутбука на новый(медленно работает; расшатаны USB порты)', '', '', 0, 2, 3, 0, 0, 0, 0, '', '2019-04-03 12:34:18', 6, 0, '', 70, 0, 0, 0, '', 0, '', '0000-00-00', 0, '', '', 0, '', 0, '', '0000-00-00', 0, ''),
(113, '335710', 2019, 4, 81, '2019-04-03 13:09:23', 'Поломка: распечатывает и копирует только одну половину документа, постоянно «зажевывает» бумагу.', 'выезд 05.04.', '', 0, 3, 0, 0, 0, 0, 0, '', '2019-04-04 13:34:47', 6, 0, '', 74, 500, 0, 0, '', 0, '', '0000-00-00', 0, '', '', 0, '', 0, '', '0000-00-00', 0, ''),
(114, 'SR01939124', 2019, 4, 79, '2019-04-03 13:18:07', 'Увеличить ОЗУ', 'На объекте', '', 0, 2, 3, 0, 0, 0, 0, '', '2019-04-04 11:10:20', 6, 0, '', 70, 0, 0, 0, '', 0, '', '0000-00-00', 0, '', '', 0, '', 0, '', '0000-00-00', 0, ''),
(115, 'SR01955102', 2019, 4, 79, '2019-04-03 14:38:20', 'Выдать гарнитуру', '', '', 0, 2, 3, 0, 0, 0, 0, '', '2019-04-03 14:38:20', 6, 0, '', 70, 0, 0, 0, '', 0, '', '0000-00-00', 0, '', '', 0, '', 0, '', '0000-00-00', 0, ''),
(116, 'SR01955210', 2019, 4, 60, '2019-04-03 14:50:46', 'произвести замену гарнитуры', 'Гарнитура согласована. Заказана и оплачена 04.04', 'Гарнитура 700р. Доставка 500р.', 0, 2, 3, 0, 0, 700, 500, '', '2019-04-04 13:30:45', 6, 1, 'a:1:{i:0;s:1:"9";}', 0, 0, 0, 0, '', 0, '', '0000-00-00', 0, '', 'Ситилинк', 0, 'Гарнитура 270р.', 270, 'Y3527010', '2019-04-04', 1, ''),
(117, 'SR01712209', 2019, 4, 60, '2019-04-03 15:31:34', 'Замена ноутбука', 'Работы пока проводить не требуется. Ждем информацию от Заказчика', '', 2, 2, 0, 0, 0, 0, 0, '', '2019-04-03 15:31:34', 6, 1, 'a:1:{i:0;s:1:"9";}', 0, 0, 0, 0, '', 0, '', '0000-00-00', 0, '', '', 0, '', 0, '', '0000-00-00', 0, ''),
(118, 'SR01813955', 2019, 4, 60, '2019-04-03 15:33:36', 'Выдать ноутбук', 'Работы пока проводить не требуется. Ждем информацию от Заказчика', '', 2, 2, 0, 0, 0, 0, 0, '', '2019-04-03 15:33:36', 6, 1, 'a:1:{i:0;s:1:"9";}', 0, 0, 0, 0, '', 0, '', '0000-00-00', 0, '', '', 0, '', 0, '', '0000-00-00', 0, ''),
(119, 'SR01955747', 2019, 4, 60, '2019-04-03 16:11:49', 'За день ноутбук два раза выключался сам, возникал синий экран с ошибками', 'Диагностика, переустановка ОС', '', 1, 1, 0, 0, 0, 0, 0, '', '2019-04-04 15:38:18', 6, 1, 'a:1:{i:0;s:1:"9";}', 0, 0, 0, 0, '', 0, '', '0000-00-00', 0, '', '', 0, '', 0, '', '0000-00-00', 0, ''),
(120, 'SR01956099', 2019, 4, 63, '2019-04-03 17:10:40', 'Предоставить наушники', 'Выполнена, ждем СЛ вечером', 'Гарнитура', 0, 2, 3, 0, 0, 0, 0, '', '2019-04-04 10:45:18', 6, 0, '', 33, 700, 0, 0, '', 0, '', '0000-00-00', 0, '', '', 0, '', 0, '', '0000-00-00', 0, ''),
(121, 'SR01956128', 2019, 4, 63, '2019-04-03 17:24:36', 'Выдать гарнитуру', 'Выполнена, ждем СЛ вечером', '', 0, 2, 3, 0, 0, 0, 0, '', '2019-04-04 10:45:29', 6, 0, '', 33, 700, 0, 0, '', 0, '', '0000-00-00', 0, '', '', 0, '', 0, '', '0000-00-00', 0, ''),
(122, 'SR01956160', 2019, 4, 60, '2019-04-03 17:26:17', 'Для настройки программы Teradata SQL Assistant  необходимы права администратора', 'Настройка ПО Teradata SQL Assistant', '', 1, 2, 0, 0, 0, 0, 0, '', '2019-04-04 15:19:30', 6, 1, 'a:1:{i:0;s:1:"9";}', 0, 0, 0, 0, '', 0, '', '0000-00-00', 0, '', '', 0, '', 0, '', '0000-00-00', 0, ''),
(123, '335766', 2019, 4, 130, '2019-04-03 21:36:48', 'перестановки 1 РМ с последующим подключением', 'Демонтаж оборудования', '', 1, 0, 1, 0, 0, 0, 0, '', '2019-04-04 12:19:20', 6, 0, '', 52, 700, 0, 0, '', 0, '', '0000-00-00', 0, '', '', 0, '', 0, '', '0000-00-00', 0, ''),
(124, '335791', 2019, 4, 131, '2019-04-04 10:27:44', 'Не работает интернет', 'Проверка коммутации и настроек, восстановление работоспособности', '', 1, 0, 1, 0, 0, 0, 0, '', '2019-04-04 15:47:46', 5, 0, '', 22, 0, 0, 0, '', 0, '', '0000-00-00', 0, '', '', 0, '', 0, '', '0000-00-00', 0, ''),
(125, 'SR01957350', 2019, 4, 60, '2019-04-04 10:32:36', 'подключение AVAYA', 'подключение AVAYA', '', 1, 2, 0, 0, 0, 0, 0, '', '2019-04-04 15:40:34', 6, 1, 'a:1:{i:0;s:1:"9";}', 0, 0, 0, 0, '', 0, '', '0000-00-00', 0, '', '', 0, '', 0, '', '0000-00-00', 0, ''),
(126, 'SR01957909', 2019, 4, 61, '2019-04-04 12:59:57', 'Не работает второй монитор', '', '', 0, 2, 0, 0, 0, 0, 0, '', '2019-04-04 12:59:57', 6, 0, '', 72, 700, 0, 0, '', 0, '', '0000-00-00', 0, '', '', 0, '', 0, '', '0000-00-00', 0, ''),
(127, 'SR01957954', 2019, 4, 79, '2019-04-04 13:32:03', 'заменить гарнитуру', '', '', 0, 2, 3, 0, 0, 0, 0, '', '2019-04-04 13:32:03', 6, 0, '', 70, 0, 0, 0, '', 0, '', '0000-00-00', 0, '', '', 0, '', 0, '', '0000-00-00', 0, ''),
(128, 'SR01958280', 2019, 4, 79, '2019-04-04 15:11:43', 'Не работает микрофон в наушниках', '', '', 0, 2, 0, 0, 0, 0, 0, '', '2019-04-04 15:11:43', 6, 0, '', 70, 0, 0, 0, '', 0, '', '0000-00-00', 0, '', '', 0, '', 0, '', '0000-00-00', 0, ''),
(129, '333262', 2019, 4, 132, '2019-04-04 15:57:03', 'закупка микрофонной консоли LPA-M1', 'микрофонная консоль закуплена и отправлена', 'Микрофонная консоль - 21 600&#13;&#10;Доставка - 1 800', 1, 2, 3, 0, 21600, 0, 1800, '', '2019-04-04 15:57:03', 5, 1, '', 0, 0, 0, 0, '', 0, '', '0000-00-00', 0, '', '', 0, '', 0, '', '0000-00-00', 0, ''),
(130, 'SR01958417', 2019, 4, 63, '2019-04-04 16:26:22', 'Настройка принтера', '', '', 0, 2, 0, 0, 0, 0, 0, '', '2019-04-04 16:26:22', 6, 0, '', 33, 700, 0, 0, '', 0, '', '0000-00-00', 0, '', '', 0, '', 0, '', '0000-00-00', 0, ''),
(131, '335849', 2019, 4, 30, '2019-04-04 16:33:46', 'Медленная работа ПК; частые зависания', 'Рома поедет 05.04.', '', 0, 2, 0, 0, 0, 0, 0, '', '2019-04-04 16:33:46', 6, 1, 'a:1:{i:0;s:1:"8";}', 0, 0, 0, 0, '', 0, '', '0000-00-00', 0, '', '', 0, '', 0, '', '0000-00-00', 0, '');

-- --------------------------------------------------------

--
-- Структура таблицы `users`
--

DROP TABLE IF EXISTS `users`;
CREATE TABLE IF NOT EXISTS `users` (
  `id_users` int(11) NOT NULL,
  `login` varchar(50) NOT NULL,
  `pass` varchar(50) NOT NULL,
  `surname` varchar(50) NOT NULL,
  `name` varchar(50) NOT NULL,
  `th_name` varchar(50) NOT NULL,
  `email` varchar(50) NOT NULL,
  `mobile` varchar(50) NOT NULL,
  `userlevel` int(1) unsigned NOT NULL
) ENGINE=InnoDB AUTO_INCREMENT=12 DEFAULT CHARSET=utf8;

--
-- Дамп данных таблицы `users`
--

INSERT INTO `users` (`id_users`, `login`, `pass`, `surname`, `name`, `th_name`, `email`, `mobile`, `userlevel`) VALUES
(1, 'wolfs2003', 'c1c6aa010d50d67b2d524072034b64bb', 'Скирко', 'Сергей', 'Николаевич', 'skirko_sn@mail.ru', '+7(930)701-41-37', 1),
(2, 'skirko-vn', 'dd0939fa03e855e67af53fdcdc32bb28', 'Скирко', 'Владимир', 'Николаевич', 'skirko-vn@mega-treid.com', '+7(920)070-09-70', 1),
(3, 'skirko-av', '2b93067e90cdd4b261179e0cfc28a6a7', 'Скирко', 'Александр', 'Владимирович', 'skirko_av@mail.ru', '+7(920)882-88-22', 4),
(4, 'lebedeva-tv', '2b93067e90cdd4b261179e0cfc28a6a7', 'Лебедева', 'Татьяна', 'Владимировна', 'sd@mega-treid.com', '+7(920)013-73-37', 1),
(5, 'rozevskaya-vv', '305f711df922b9aacbc02e6588503dc4', 'Розевская', 'Валерия', 'Вадимовна', 'rozevskaya-vv@mega-treid.com', '+7(920)012-73-37', 1),
(6, 'sizova-an', '2b93067e90cdd4b261179e0cfc28a6a7', 'Сизова', 'Анастасия', 'Николаевна', 'sd@mega-treid.com', '+7(952)782-41-25', 1),
(7, 'kozlov-ae', '2b93067e90cdd4b261179e0cfc28a6a7', 'Козлов', 'Алексей', 'Евгеньевич', 'kozlov-ae@mega-treid.com', '+7(952)459-16-80', 4),
(8, 'mamedov-rn', '2b93067e90cdd4b261179e0cfc28a6a7', 'Мамедов', 'Роман', 'Назирович', 'mamedov-rn@mega-treid.com', '+7(930)707-09-70', 4),
(9, 'agibalov-is', '2b93067e90cdd4b261179e0cfc28a6a7', 'Агибалов', 'Илья', 'Сергеевич', 'agibalov-is@mega-treid.com', '+7(999)136-69-39', 4),
(10, 'infostend', '2b93067e90cdd4b261179e0cfc28a6a7', 'Инфостенд', 'Мега', 'Трейд', 'skirko-vn@mega-treid.com', '+7(920)070-09-70', 1),
(11, 'user', '2b93067e90cdd4b261179e0cfc28a6a7', 'Мега', 'Трейд', 'временно', 'sd@mega-treid.com', '+7(920)070-09-70', 1);

--
-- Индексы сохранённых таблиц
--

--
-- Индексы таблицы `city`
--
ALTER TABLE `city`
  ADD PRIMARY KEY (`city_id`),
  ADD KEY `country_id` (`country_id`),
  ADD KEY `region_id` (`region_id`);

--
-- Индексы таблицы `contractor`
--
ALTER TABLE `contractor`
  ADD PRIMARY KEY (`id_contractor`);

--
-- Индексы таблицы `country`
--
ALTER TABLE `country`
  ADD PRIMARY KEY (`country_id`),
  ADD KEY `city_id` (`city_id`);

--
-- Индексы таблицы `customer`
--
ALTER TABLE `customer`
  ADD PRIMARY KEY (`id_customer`);

--
-- Индексы таблицы `object`
--
ALTER TABLE `object`
  ADD PRIMARY KEY (`id_object`);

--
-- Индексы таблицы `projects`
--
ALTER TABLE `projects`
  ADD PRIMARY KEY (`id_project`);

--
-- Индексы таблицы `region`
--
ALTER TABLE `region`
  ADD PRIMARY KEY (`region_id`),
  ADD KEY `country_id` (`country_id`),
  ADD KEY `city_id` (`city_id`);

--
-- Индексы таблицы `tickets`
--
ALTER TABLE `tickets`
  ADD PRIMARY KEY (`id_ticket`);

--
-- Индексы таблицы `users`
--
ALTER TABLE `users`
  ADD PRIMARY KEY (`id_users`);

--
-- AUTO_INCREMENT для сохранённых таблиц
--

--
-- AUTO_INCREMENT для таблицы `city`
--
ALTER TABLE `city`
  MODIFY `city_id` int(11) unsigned NOT NULL AUTO_INCREMENT,AUTO_INCREMENT=5651;
--
-- AUTO_INCREMENT для таблицы `contractor`
--
ALTER TABLE `contractor`
  MODIFY `id_contractor` int(11) NOT NULL AUTO_INCREMENT,AUTO_INCREMENT=94;
--
-- AUTO_INCREMENT для таблицы `country`
--
ALTER TABLE `country`
  MODIFY `country_id` int(11) unsigned NOT NULL AUTO_INCREMENT,AUTO_INCREMENT=7716094;
--
-- AUTO_INCREMENT для таблицы `customer`
--
ALTER TABLE `customer`
  MODIFY `id_customer` int(11) NOT NULL AUTO_INCREMENT,AUTO_INCREMENT=7;
--
-- AUTO_INCREMENT для таблицы `object`
--
ALTER TABLE `object`
  MODIFY `id_object` int(11) NOT NULL AUTO_INCREMENT,AUTO_INCREMENT=133;
--
-- AUTO_INCREMENT для таблицы `projects`
--
ALTER TABLE `projects`
  MODIFY `id_project` int(11) NOT NULL AUTO_INCREMENT,AUTO_INCREMENT=35;
--
-- AUTO_INCREMENT для таблицы `region`
--
ALTER TABLE `region`
  MODIFY `region_id` int(10) unsigned NOT NULL AUTO_INCREMENT,AUTO_INCREMENT=5626;
--
-- AUTO_INCREMENT для таблицы `tickets`
--
ALTER TABLE `tickets`
  MODIFY `id_ticket` int(11) NOT NULL AUTO_INCREMENT,AUTO_INCREMENT=132;
--
-- AUTO_INCREMENT для таблицы `users`
--
ALTER TABLE `users`
  MODIFY `id_users` int(11) NOT NULL AUTO_INCREMENT,AUTO_INCREMENT=12;
/*!40101 SET CHARACTER_SET_CLIENT=@OLD_CHARACTER_SET_CLIENT */;
/*!40101 SET CHARACTER_SET_RESULTS=@OLD_CHARACTER_SET_RESULTS */;
/*!40101 SET COLLATION_CONNECTION=@OLD_COLLATION_CONNECTION */;
