-- MySQL dump 10.13  Distrib 5.6.31, for Win64 (x86_64)
--
-- Host: localhost    Database: megatreid
-- ------------------------------------------------------
-- Server version	5.6.31

/*!40101 SET @OLD_CHARACTER_SET_CLIENT=@@CHARACTER_SET_CLIENT */;
/*!40101 SET @OLD_CHARACTER_SET_RESULTS=@@CHARACTER_SET_RESULTS */;
/*!40101 SET @OLD_COLLATION_CONNECTION=@@COLLATION_CONNECTION */;
/*!40101 SET NAMES utf8 */;
/*!40103 SET @OLD_TIME_ZONE=@@TIME_ZONE */;
/*!40103 SET TIME_ZONE='+00:00' */;
/*!40014 SET @OLD_UNIQUE_CHECKS=@@UNIQUE_CHECKS, UNIQUE_CHECKS=0 */;
/*!40014 SET @OLD_FOREIGN_KEY_CHECKS=@@FOREIGN_KEY_CHECKS, FOREIGN_KEY_CHECKS=0 */;
/*!40101 SET @OLD_SQL_MODE=@@SQL_MODE, SQL_MODE='NO_AUTO_VALUE_ON_ZERO' */;
/*!40111 SET @OLD_SQL_NOTES=@@SQL_NOTES, SQL_NOTES=0 */;

--
-- Table structure for table `city`
--

DROP TABLE IF EXISTS `city`;
/*!40101 SET @saved_cs_client     = @@character_set_client */;
/*!40101 SET character_set_client = utf8 */;
CREATE TABLE `city` (
  `city_id` int(11) unsigned NOT NULL AUTO_INCREMENT,
  `country_id` int(11) unsigned NOT NULL DEFAULT '0',
  `region_id` int(10) unsigned NOT NULL DEFAULT '0',
  `name` varchar(128) NOT NULL DEFAULT '',
  PRIMARY KEY (`city_id`),
  KEY `country_id` (`country_id`),
  KEY `region_id` (`region_id`)
) ENGINE=InnoDB AUTO_INCREMENT=5651 DEFAULT CHARSET=utf8;
/*!40101 SET character_set_client = @saved_cs_client */;

--
-- Dumping data for table `city`
--

LOCK TABLES `city` WRITE;
/*!40000 ALTER TABLE `city` DISABLE KEYS */;
INSERT INTO `city` VALUES (3161,3159,3160,'Акташ');
INSERT INTO `city` VALUES (3162,3159,3160,'Акутиха');
INSERT INTO `city` VALUES (3163,3159,3160,'Алейск');
INSERT INTO `city` VALUES (3164,3159,3160,'Алтайский');
INSERT INTO `city` VALUES (3165,3159,3160,'Баево');
INSERT INTO `city` VALUES (3166,3159,3160,'Барнаул');
INSERT INTO `city` VALUES (3167,3159,3160,'Белово');
INSERT INTO `city` VALUES (3168,3159,3160,'Белокуриха');
INSERT INTO `city` VALUES (3169,3159,3160,'Белоярск');
INSERT INTO `city` VALUES (3170,3159,3160,'Бийск');
INSERT INTO `city` VALUES (3171,3159,3160,'Благовещенск');
INSERT INTO `city` VALUES (3172,3159,3160,'Боровлянка');
INSERT INTO `city` VALUES (3173,3159,3160,'Бурла');
INSERT INTO `city` VALUES (3174,3159,3160,'Бурсоль');
INSERT INTO `city` VALUES (3175,3159,3160,'Волчиха');
INSERT INTO `city` VALUES (3176,3159,3160,'Горно-Алтайск');
INSERT INTO `city` VALUES (3177,3159,3160,'Горняк');
INSERT INTO `city` VALUES (3178,3159,3160,'Ельцовка');
INSERT INTO `city` VALUES (3179,3159,3160,'Залесово');
INSERT INTO `city` VALUES (3180,3159,3160,'Заринск');
INSERT INTO `city` VALUES (3181,3159,3160,'Заток');
INSERT INTO `city` VALUES (3182,3159,3160,'Змеиногорск');
INSERT INTO `city` VALUES (3183,3159,3160,'Камень-на-Оби');
INSERT INTO `city` VALUES (3184,3159,3160,'Ключи');
INSERT INTO `city` VALUES (3185,3159,3160,'Кош-Агач');
INSERT INTO `city` VALUES (3186,3159,3160,'Красногорское');
INSERT INTO `city` VALUES (3187,3159,3160,'Краснощеково');
INSERT INTO `city` VALUES (3188,3159,3160,'Кулунда');
INSERT INTO `city` VALUES (3189,3159,3160,'Кытманово');
INSERT INTO `city` VALUES (3190,3159,3160,'Мамонтово');
INSERT INTO `city` VALUES (3191,3159,3160,'Новичиха');
INSERT INTO `city` VALUES (3192,3159,3160,'Новоалтайск');
INSERT INTO `city` VALUES (3193,3159,3160,'Онгудай');
INSERT INTO `city` VALUES (3194,3159,3160,'Павловск');
INSERT INTO `city` VALUES (3195,3159,3160,'Петропавловское');
INSERT INTO `city` VALUES (3196,3159,3160,'Поспелиха');
INSERT INTO `city` VALUES (3197,3159,3160,'Ребриха');
INSERT INTO `city` VALUES (3198,3159,3160,'Родино');
INSERT INTO `city` VALUES (3199,3159,3160,'Рубцовск');
INSERT INTO `city` VALUES (3200,3159,3160,'Славгород');
INSERT INTO `city` VALUES (3201,3159,3160,'Смоленское');
INSERT INTO `city` VALUES (3202,3159,3160,'Солонешное');
INSERT INTO `city` VALUES (3203,3159,3160,'Солтон');
INSERT INTO `city` VALUES (3204,3159,3160,'Староаллейское');
INSERT INTO `city` VALUES (3205,3159,3160,'Табуны');
INSERT INTO `city` VALUES (3206,3159,3160,'Тальменка');
INSERT INTO `city` VALUES (3207,3159,3160,'Топчиха');
INSERT INTO `city` VALUES (3208,3159,3160,'Троицкое');
INSERT INTO `city` VALUES (3209,3159,3160,'Турочак');
INSERT INTO `city` VALUES (3210,3159,3160,'Тюменцево');
INSERT INTO `city` VALUES (3211,3159,3160,'Угловское');
INSERT INTO `city` VALUES (3212,3159,3160,'Усть-Калманка');
INSERT INTO `city` VALUES (3213,3159,3160,'Усть-Кан');
INSERT INTO `city` VALUES (3214,3159,3160,'Усть-Кокса');
INSERT INTO `city` VALUES (3215,3159,3160,'Усть-Улаган');
INSERT INTO `city` VALUES (3216,3159,3160,'Усть-Чарышская Пристань');
INSERT INTO `city` VALUES (3217,3159,3160,'Хабары');
INSERT INTO `city` VALUES (3218,3159,3160,'Целинное');
INSERT INTO `city` VALUES (3219,3159,3160,'Чарышское');
INSERT INTO `city` VALUES (3220,3159,3160,'Шебалино');
INSERT INTO `city` VALUES (3221,3159,3160,'Шелаболиха');
INSERT INTO `city` VALUES (3222,3159,3160,'Шипуново');
INSERT INTO `city` VALUES (3224,3159,3223,'Айгунь');
INSERT INTO `city` VALUES (3225,3159,3223,'Архара');
INSERT INTO `city` VALUES (3226,3159,3223,'Белогорск');
INSERT INTO `city` VALUES (3227,3159,3223,'Благовещенск (Амурская обл.)');
INSERT INTO `city` VALUES (3228,3159,3223,'Бурея');
INSERT INTO `city` VALUES (3229,3159,3223,'Возжаевка');
INSERT INTO `city` VALUES (3230,3159,3223,'Екатеринославка');
INSERT INTO `city` VALUES (3231,3159,3223,'Ерофей Павлович');
INSERT INTO `city` VALUES (3232,3159,3223,'Завитинск');
INSERT INTO `city` VALUES (3233,3159,3223,'Зея');
INSERT INTO `city` VALUES (3234,3159,3223,'Златоустовск');
INSERT INTO `city` VALUES (3235,3159,3223,'Ивановка');
INSERT INTO `city` VALUES (3236,3159,3223,'Коболдо');
INSERT INTO `city` VALUES (3237,3159,3223,'Магдагачи');
INSERT INTO `city` VALUES (3238,3159,3223,'Новобурейский');
INSERT INTO `city` VALUES (3239,3159,3223,'Поярково');
INSERT INTO `city` VALUES (3240,3159,3223,'Райчихинск');
INSERT INTO `city` VALUES (3241,3159,3223,'Ромны');
INSERT INTO `city` VALUES (3242,3159,3223,'Свободный');
INSERT INTO `city` VALUES (3243,3159,3223,'Серышево');
INSERT INTO `city` VALUES (3244,3159,3223,'Сковородино');
INSERT INTO `city` VALUES (3245,3159,3223,'Стойба');
INSERT INTO `city` VALUES (3246,3159,3223,'Тамбовка');
INSERT INTO `city` VALUES (3247,3159,3223,'Тында');
INSERT INTO `city` VALUES (3248,3159,3223,'Шимановск');
INSERT INTO `city` VALUES (3249,3159,3223,'Экимчан');
INSERT INTO `city` VALUES (3250,3159,3223,'Ядрино');
INSERT INTO `city` VALUES (3252,3159,3251,'Амдерма');
INSERT INTO `city` VALUES (3253,3159,3251,'Архангельск');
INSERT INTO `city` VALUES (3254,3159,3251,'Березник');
INSERT INTO `city` VALUES (3255,3159,3251,'Вельск');
INSERT INTO `city` VALUES (3256,3159,3251,'Верхняя Тойма');
INSERT INTO `city` VALUES (3257,3159,3251,'Волошка');
INSERT INTO `city` VALUES (3258,3159,3251,'Вычегодский');
INSERT INTO `city` VALUES (3259,3159,3251,'Емца');
INSERT INTO `city` VALUES (3260,3159,3251,'Илеза');
INSERT INTO `city` VALUES (3261,3159,3251,'Ильинско-Подомское');
INSERT INTO `city` VALUES (3262,3159,3251,'Каргополь');
INSERT INTO `city` VALUES (3263,3159,3251,'Карпогоры');
INSERT INTO `city` VALUES (3264,3159,3251,'Кодино');
INSERT INTO `city` VALUES (3265,3159,3251,'Коноша');
INSERT INTO `city` VALUES (3266,3159,3251,'Коряжма');
INSERT INTO `city` VALUES (3267,3159,3251,'Котлас');
INSERT INTO `city` VALUES (3268,3159,3251,'Красноборск');
INSERT INTO `city` VALUES (3269,3159,3251,'Лешуконское');
INSERT INTO `city` VALUES (3270,3159,3251,'Мезень');
INSERT INTO `city` VALUES (3271,3159,3251,'Нарьян-Мар');
INSERT INTO `city` VALUES (3272,3159,3251,'Новодвинск');
INSERT INTO `city` VALUES (3273,3159,3251,'Няндома');
INSERT INTO `city` VALUES (3274,3159,3251,'Онега');
INSERT INTO `city` VALUES (3275,3159,3251,'Пинега');
INSERT INTO `city` VALUES (3276,3159,3251,'Плесецк');
INSERT INTO `city` VALUES (3277,3159,3251,'Северодвинск');
INSERT INTO `city` VALUES (3278,3159,3251,'Сольвычегодск');
INSERT INTO `city` VALUES (3279,3159,3251,'Холмогоры');
INSERT INTO `city` VALUES (3280,3159,3251,'Шенкурск');
INSERT INTO `city` VALUES (3281,3159,3251,'Яренск');
INSERT INTO `city` VALUES (3283,3159,3282,'Астрахань');
INSERT INTO `city` VALUES (3284,3159,3282,'Ахтубинск');
INSERT INTO `city` VALUES (3285,3159,3282,'Верхний Баскунчак');
INSERT INTO `city` VALUES (3286,3159,3282,'Володарский');
INSERT INTO `city` VALUES (3287,3159,3282,'Енотаевка');
INSERT INTO `city` VALUES (3288,3159,3282,'Икряное');
INSERT INTO `city` VALUES (3289,3159,3282,'Камызяк');
INSERT INTO `city` VALUES (3290,3159,3282,'Капустин Яр');
INSERT INTO `city` VALUES (3291,3159,3282,'Красный Яр');
INSERT INTO `city` VALUES (3292,3159,3282,'Лиман');
INSERT INTO `city` VALUES (3293,3159,3282,'Началово');
INSERT INTO `city` VALUES (3294,3159,3282,'Харабали');
INSERT INTO `city` VALUES (3295,3159,3282,'Черный Яр');
INSERT INTO `city` VALUES (3297,3159,3296,'Аксаково');
INSERT INTO `city` VALUES (3298,3159,3296,'Амзя');
INSERT INTO `city` VALUES (3299,3159,3296,'Аскино');
INSERT INTO `city` VALUES (3300,3159,3296,'Баймак');
INSERT INTO `city` VALUES (3301,3159,3296,'Бакалы');
INSERT INTO `city` VALUES (3302,3159,3296,'Белебей');
INSERT INTO `city` VALUES (3303,3159,3296,'Белорецк');
INSERT INTO `city` VALUES (3304,3159,3296,'Бижбуляк');
INSERT INTO `city` VALUES (3305,3159,3296,'Бирск');
INSERT INTO `city` VALUES (3306,3159,3296,'Благовещенск');
INSERT INTO `city` VALUES (3307,3159,3296,'Большеустьикинское');
INSERT INTO `city` VALUES (3308,3159,3296,'Верхнеяркеево');
INSERT INTO `city` VALUES (3309,3159,3296,'Верхние Киги');
INSERT INTO `city` VALUES (3310,3159,3296,'Верхние Татышлы');
INSERT INTO `city` VALUES (3311,3159,3296,'Верхний Авзян');
INSERT INTO `city` VALUES (3312,3159,3296,'Давлеканово');
INSERT INTO `city` VALUES (3313,3159,3296,'Дуван');
INSERT INTO `city` VALUES (3314,3159,3296,'Дюртюли');
INSERT INTO `city` VALUES (3315,3159,3296,'Ермекеево');
INSERT INTO `city` VALUES (3316,3159,3296,'Ермолаево');
INSERT INTO `city` VALUES (3317,3159,3296,'Зилаир');
INSERT INTO `city` VALUES (3318,3159,3296,'Зирган');
INSERT INTO `city` VALUES (3319,3159,3296,'Иглино');
INSERT INTO `city` VALUES (3320,3159,3296,'Инзер');
INSERT INTO `city` VALUES (3321,3159,3296,'Исянгулово');
INSERT INTO `city` VALUES (3322,3159,3296,'Ишимбай');
INSERT INTO `city` VALUES (3323,3159,3296,'Кананикольское');
INSERT INTO `city` VALUES (3324,3159,3296,'Кандры');
INSERT INTO `city` VALUES (3325,3159,3296,'Караидель');
INSERT INTO `city` VALUES (3326,3159,3296,'Караидельский');
INSERT INTO `city` VALUES (3327,3159,3296,'Киргиз-Мияки');
INSERT INTO `city` VALUES (3328,3159,3296,'Красноусольский');
INSERT INTO `city` VALUES (3329,3159,3296,'Кумертау');
INSERT INTO `city` VALUES (3330,3159,3296,'Кушнаренково');
INSERT INTO `city` VALUES (3331,3159,3296,'Малояз');
INSERT INTO `city` VALUES (3332,3159,3296,'Мелеуз');
INSERT INTO `city` VALUES (3333,3159,3296,'Месягутово');
INSERT INTO `city` VALUES (3334,3159,3296,'Мраково');
INSERT INTO `city` VALUES (3335,3159,3296,'Нефтекамск');
INSERT INTO `city` VALUES (3336,3159,3296,'Октябрьский');
INSERT INTO `city` VALUES (3337,3159,3296,'Раевский');
INSERT INTO `city` VALUES (3338,3159,3296,'Салават');
INSERT INTO `city` VALUES (3339,3159,3296,'Сибай');
INSERT INTO `city` VALUES (3340,3159,3296,'Старобалтачево');
INSERT INTO `city` VALUES (3341,3159,3296,'Старосубхангулово');
INSERT INTO `city` VALUES (3342,3159,3296,'Стерлибашево');
INSERT INTO `city` VALUES (3343,3159,3296,'Стерлитамак');
INSERT INTO `city` VALUES (3344,3159,3296,'Туймазы');
INSERT INTO `city` VALUES (3345,3159,3296,'Уфа');
INSERT INTO `city` VALUES (3346,3159,3296,'Учалы');
INSERT INTO `city` VALUES (3347,3159,3296,'Федоровка');
INSERT INTO `city` VALUES (3348,3159,3296,'Чекмагуш');
INSERT INTO `city` VALUES (3349,3159,3296,'Чишмы');
INSERT INTO `city` VALUES (3350,3159,3296,'Шаран');
INSERT INTO `city` VALUES (3351,3159,3296,'Янаул');
INSERT INTO `city` VALUES (3353,3159,3352,'Алексеевка');
INSERT INTO `city` VALUES (3354,3159,3352,'Белгород');
INSERT INTO `city` VALUES (3355,3159,3352,'Борисовка');
INSERT INTO `city` VALUES (3356,3159,3352,'Валуйки');
INSERT INTO `city` VALUES (3357,3159,3352,'Вейделевка');
INSERT INTO `city` VALUES (3358,3159,3352,'Волоконовка');
INSERT INTO `city` VALUES (3359,3159,3352,'Грайворон');
INSERT INTO `city` VALUES (3360,3159,3352,'Губкин');
INSERT INTO `city` VALUES (3361,3159,3352,'Ивня');
INSERT INTO `city` VALUES (3362,3159,3352,'Короча');
INSERT INTO `city` VALUES (3363,3159,3352,'Красногвардейское');
INSERT INTO `city` VALUES (3364,3159,3352,'Новый Оскол');
INSERT INTO `city` VALUES (3365,3159,3352,'Ракитное');
INSERT INTO `city` VALUES (3366,3159,3352,'Ровеньки');
INSERT INTO `city` VALUES (3367,3159,3352,'Старый Оскол');
INSERT INTO `city` VALUES (3368,3159,3352,'Строитель');
INSERT INTO `city` VALUES (3369,3159,3352,'Чернянка');
INSERT INTO `city` VALUES (3370,3159,3352,'Шебекино');
INSERT INTO `city` VALUES (3372,3159,3371,'Алтухово');
INSERT INTO `city` VALUES (3373,3159,3371,'Белая Березка');
INSERT INTO `city` VALUES (3374,3159,3371,'Белые Берега');
INSERT INTO `city` VALUES (3375,3159,3371,'Большое Полпино');
INSERT INTO `city` VALUES (3376,3159,3371,'Брянск');
INSERT INTO `city` VALUES (3377,3159,3371,'Бытошь');
INSERT INTO `city` VALUES (3378,3159,3371,'Выгоничи');
INSERT INTO `city` VALUES (3379,3159,3371,'Вышков');
INSERT INTO `city` VALUES (3380,3159,3371,'Гордеевка');
INSERT INTO `city` VALUES (3381,3159,3371,'Дубровка');
INSERT INTO `city` VALUES (3382,3159,3371,'Жирятино');
INSERT INTO `city` VALUES (3383,3159,3371,'Жуковка');
INSERT INTO `city` VALUES (3384,3159,3371,'Злынка');
INSERT INTO `city` VALUES (3385,3159,3371,'Ивот');
INSERT INTO `city` VALUES (3386,3159,3371,'Карачев');
INSERT INTO `city` VALUES (3387,3159,3371,'Клетня');
INSERT INTO `city` VALUES (3388,3159,3371,'Климово');
INSERT INTO `city` VALUES (3389,3159,3371,'Клинцы');
INSERT INTO `city` VALUES (3390,3159,3371,'Кокаревка');
INSERT INTO `city` VALUES (3391,3159,3371,'Комаричи');
INSERT INTO `city` VALUES (3392,3159,3371,'Красная Гора');
INSERT INTO `city` VALUES (3393,3159,3371,'Локоть');
INSERT INTO `city` VALUES (3394,3159,3371,'Мглин');
INSERT INTO `city` VALUES (3395,3159,3371,'Навля');
INSERT INTO `city` VALUES (3396,3159,3371,'Новозыбков');
INSERT INTO `city` VALUES (3397,3159,3371,'Погар');
INSERT INTO `city` VALUES (3398,3159,3371,'Почеп');
INSERT INTO `city` VALUES (3399,3159,3371,'Ржаница');
INSERT INTO `city` VALUES (3400,3159,3371,'Рогнедино');
INSERT INTO `city` VALUES (3401,3159,3371,'Севск');
INSERT INTO `city` VALUES (3402,3159,3371,'Стародуб');
INSERT INTO `city` VALUES (3403,3159,3371,'Суземка');
INSERT INTO `city` VALUES (3404,3159,3371,'Сураж');
INSERT INTO `city` VALUES (3405,3159,3371,'Трубчевск');
INSERT INTO `city` VALUES (3406,3159,3371,'Унеча');
INSERT INTO `city` VALUES (3408,3159,3407,'Бабушкин');
INSERT INTO `city` VALUES (3409,3159,3407,'Багдарин');
INSERT INTO `city` VALUES (3410,3159,3407,'Баргузин');
INSERT INTO `city` VALUES (3411,3159,3407,'Баянгол');
INSERT INTO `city` VALUES (3412,3159,3407,'Бичура');
INSERT INTO `city` VALUES (3413,3159,3407,'Выдрино');
INSERT INTO `city` VALUES (3414,3159,3407,'Гусиное Озеро');
INSERT INTO `city` VALUES (3415,3159,3407,'Гусиноозерск');
INSERT INTO `city` VALUES (3416,3159,3407,'Заиграево');
INSERT INTO `city` VALUES (3417,3159,3407,'Закаменск');
INSERT INTO `city` VALUES (3418,3159,3407,'Иволгинск');
INSERT INTO `city` VALUES (3419,3159,3407,'Илька');
INSERT INTO `city` VALUES (3420,3159,3407,'Кабанск');
INSERT INTO `city` VALUES (3421,3159,3407,'Каменск');
INSERT INTO `city` VALUES (3422,3159,3407,'Кижинга');
INSERT INTO `city` VALUES (3423,3159,3407,'Курумкан');
INSERT INTO `city` VALUES (3424,3159,3407,'Кырен');
INSERT INTO `city` VALUES (3425,3159,3407,'Кяхта');
INSERT INTO `city` VALUES (3426,3159,3407,'Монды');
INSERT INTO `city` VALUES (3427,3159,3407,'Мухоршибирь');
INSERT INTO `city` VALUES (3428,3159,3407,'Нижнеангарск');
INSERT INTO `city` VALUES (3429,3159,3407,'Орлик');
INSERT INTO `city` VALUES (3430,3159,3407,'Петропавловка');
INSERT INTO `city` VALUES (3431,3159,3407,'Романовка');
INSERT INTO `city` VALUES (3432,3159,3407,'Селенгинск');
INSERT INTO `city` VALUES (3433,3159,3407,'Сосново-Озерское');
INSERT INTO `city` VALUES (3434,3159,3407,'Турунтаево');
INSERT INTO `city` VALUES (3435,3159,3407,'Улан-Удэ');
INSERT INTO `city` VALUES (3436,3159,3407,'Хоринск');
INSERT INTO `city` VALUES (3438,3159,3437,'Александров');
INSERT INTO `city` VALUES (3439,3159,3437,'Андреево');
INSERT INTO `city` VALUES (3440,3159,3437,'Анопино');
INSERT INTO `city` VALUES (3441,3159,3437,'Бавлены');
INSERT INTO `city` VALUES (3442,3159,3437,'Балакирево');
INSERT INTO `city` VALUES (3443,3159,3437,'Боголюбово');
INSERT INTO `city` VALUES (3444,3159,3437,'Великодворский');
INSERT INTO `city` VALUES (3445,3159,3437,'Вербовский');
INSERT INTO `city` VALUES (3446,3159,3437,'Владимир');
INSERT INTO `city` VALUES (3447,3159,3437,'Вязники');
INSERT INTO `city` VALUES (3448,3159,3437,'Городищи');
INSERT INTO `city` VALUES (3449,3159,3437,'Гороховец');
INSERT INTO `city` VALUES (3450,3159,3437,'Гусевский');
INSERT INTO `city` VALUES (3451,3159,3437,'Гусь Хрустальный');
INSERT INTO `city` VALUES (3452,3159,3437,'Золотково');
INSERT INTO `city` VALUES (3453,3159,3437,'Иванищи');
INSERT INTO `city` VALUES (3454,3159,3437,'Камешково');
INSERT INTO `city` VALUES (3455,3159,3437,'Карабаново');
INSERT INTO `city` VALUES (3456,3159,3437,'Киржач');
INSERT INTO `city` VALUES (3457,3159,3437,'Ковров');
INSERT INTO `city` VALUES (3458,3159,3437,'Кольчугино');
INSERT INTO `city` VALUES (3459,3159,3437,'Красная Горбатка');
INSERT INTO `city` VALUES (3460,3159,3437,'Меленки');
INSERT INTO `city` VALUES (3461,3159,3437,'Муром');
INSERT INTO `city` VALUES (3462,3159,3437,'Петушки');
INSERT INTO `city` VALUES (3463,3159,3437,'Покров');
INSERT INTO `city` VALUES (3464,3159,3437,'Собинка');
INSERT INTO `city` VALUES (3465,3159,3437,'Судогда');
INSERT INTO `city` VALUES (3466,3159,3437,'Суздаль');
INSERT INTO `city` VALUES (3467,3159,3437,'Юрьев-Польский');
INSERT INTO `city` VALUES (3469,3159,3468,'Алексеевская');
INSERT INTO `city` VALUES (3470,3159,3468,'Алущевск');
INSERT INTO `city` VALUES (3471,3159,3468,'Быково');
INSERT INTO `city` VALUES (3472,3159,3468,'Волгоград');
INSERT INTO `city` VALUES (3473,3159,3468,'Волжский');
INSERT INTO `city` VALUES (3474,3159,3468,'Городище');
INSERT INTO `city` VALUES (3475,3159,3468,'Дубовка');
INSERT INTO `city` VALUES (3476,3159,3468,'Елань');
INSERT INTO `city` VALUES (3477,3159,3468,'Жирновск');
INSERT INTO `city` VALUES (3478,3159,3468,'Иловля');
INSERT INTO `city` VALUES (3479,3159,3468,'Калач-на-Дону');
INSERT INTO `city` VALUES (3480,3159,3468,'Камышин');
INSERT INTO `city` VALUES (3481,3159,3468,'Клетский');
INSERT INTO `city` VALUES (3482,3159,3468,'Котельниково');
INSERT INTO `city` VALUES (3483,3159,3468,'Котово');
INSERT INTO `city` VALUES (3484,3159,3468,'Кумылженская');
INSERT INTO `city` VALUES (3485,3159,3468,'Ленинск');
INSERT INTO `city` VALUES (3486,3159,3468,'Михайловка');
INSERT INTO `city` VALUES (3487,3159,3468,'Нехаевский');
INSERT INTO `city` VALUES (3488,3159,3468,'Николаевск');
INSERT INTO `city` VALUES (3489,3159,3468,'Новоаннинский');
INSERT INTO `city` VALUES (3490,3159,3468,'Новониколаевский');
INSERT INTO `city` VALUES (3491,3159,3468,'Ольховка');
INSERT INTO `city` VALUES (3492,3159,3468,'Палласовка');
INSERT INTO `city` VALUES (3493,3159,3468,'Рудня');
INSERT INTO `city` VALUES (3494,3159,3468,'Светлый Яр');
INSERT INTO `city` VALUES (3495,3159,3468,'Серафимович');
INSERT INTO `city` VALUES (3496,3159,3468,'Средняя Ахтуба');
INSERT INTO `city` VALUES (3497,3159,3468,'Сталинград');
INSERT INTO `city` VALUES (3498,3159,3468,'Старая Полтавка');
INSERT INTO `city` VALUES (3499,3159,3468,'Суровикино');
INSERT INTO `city` VALUES (3500,3159,3468,'Урюпинск');
INSERT INTO `city` VALUES (3501,3159,3468,'Фролово');
INSERT INTO `city` VALUES (3502,3159,3468,'Чернышковский');
INSERT INTO `city` VALUES (3504,3159,3503,'Бабаево');
INSERT INTO `city` VALUES (3505,3159,3503,'Белозерск');
INSERT INTO `city` VALUES (3506,3159,3503,'Великий Устюг');
INSERT INTO `city` VALUES (3507,3159,3503,'Верховажье');
INSERT INTO `city` VALUES (3508,3159,3503,'Вожега');
INSERT INTO `city` VALUES (3509,3159,3503,'Вологда');
INSERT INTO `city` VALUES (3510,3159,3503,'Вохтога');
INSERT INTO `city` VALUES (3511,3159,3503,'Вытегра');
INSERT INTO `city` VALUES (3512,3159,3503,'Грязовец');
INSERT INTO `city` VALUES (3513,3159,3503,'Кадников');
INSERT INTO `city` VALUES (3514,3159,3503,'Кадуй');
INSERT INTO `city` VALUES (3515,3159,3503,'Кичменгский Городок');
INSERT INTO `city` VALUES (3516,3159,3503,'Липин Бор');
INSERT INTO `city` VALUES (3517,3159,3503,'Никольск');
INSERT INTO `city` VALUES (3518,3159,3503,'Нюксеница');
INSERT INTO `city` VALUES (3519,3159,3503,'Сокол');
INSERT INTO `city` VALUES (3520,3159,3503,'Сямжа');
INSERT INTO `city` VALUES (3521,3159,3503,'Тарногский Городок');
INSERT INTO `city` VALUES (3522,3159,3503,'Тотьма');
INSERT INTO `city` VALUES (3523,3159,3503,'Устюжна');
INSERT INTO `city` VALUES (3524,3159,3503,'Харовск');
INSERT INTO `city` VALUES (3525,3159,3503,'Чагода');
INSERT INTO `city` VALUES (3526,3159,3503,'Череповец');
INSERT INTO `city` VALUES (3527,3159,3503,'Шексна');
INSERT INTO `city` VALUES (3528,3159,3503,'Шуйское');
INSERT INTO `city` VALUES (3530,3159,3529,'Анна');
INSERT INTO `city` VALUES (3531,3159,3529,'Бобров');
INSERT INTO `city` VALUES (3532,3159,3529,'Богучар');
INSERT INTO `city` VALUES (3533,3159,3529,'Борисоглебск');
INSERT INTO `city` VALUES (3534,3159,3529,'Бутурлиновка');
INSERT INTO `city` VALUES (3535,3159,3529,'Верхний Мамон');
INSERT INTO `city` VALUES (3536,3159,3529,'Верхняя Хава');
INSERT INTO `city` VALUES (3537,3159,3529,'Воробьевка');
INSERT INTO `city` VALUES (3538,3159,3529,'Воронеж');
INSERT INTO `city` VALUES (3539,3159,3529,'Лиски');
INSERT INTO `city` VALUES (3540,3159,3529,'Грибановский');
INSERT INTO `city` VALUES (3541,3159,3529,'Давыдовка');
INSERT INTO `city` VALUES (3542,3159,3529,'Елань-Коленовский');
INSERT INTO `city` VALUES (3543,3159,3529,'Калач');
INSERT INTO `city` VALUES (3544,3159,3529,'Кантемировка');
INSERT INTO `city` VALUES (3545,3159,3529,'Нижнедевицк');
INSERT INTO `city` VALUES (3546,3159,3529,'Новая Усмань');
INSERT INTO `city` VALUES (3547,3159,3529,'Новохоперск');
INSERT INTO `city` VALUES (3548,3159,3529,'Ольховатка');
INSERT INTO `city` VALUES (3549,3159,3529,'Острогожск');
INSERT INTO `city` VALUES (3550,3159,3529,'Павловск');
INSERT INTO `city` VALUES (3551,3159,3529,'Панино');
INSERT INTO `city` VALUES (3552,3159,3529,'Петропавловка');
INSERT INTO `city` VALUES (3553,3159,3529,'Поворино');
INSERT INTO `city` VALUES (3554,3159,3529,'Подгоренский');
INSERT INTO `city` VALUES (3555,3159,3529,'Рамонь');
INSERT INTO `city` VALUES (3556,3159,3529,'Репьевка');
INSERT INTO `city` VALUES (3557,3159,3529,'Россошь');
INSERT INTO `city` VALUES (3558,3159,3529,'Семилуки');
INSERT INTO `city` VALUES (3559,3159,3529,'Таловая');
INSERT INTO `city` VALUES (3560,3159,3529,'Терновка');
INSERT INTO `city` VALUES (3561,3159,3529,'Хохольский');
INSERT INTO `city` VALUES (3562,3159,3529,'Эртиль');
INSERT INTO `city` VALUES (3564,3159,3563,'Ардатов');
INSERT INTO `city` VALUES (3565,3159,3563,'Арзамас');
INSERT INTO `city` VALUES (3566,3159,3563,'Арья');
INSERT INTO `city` VALUES (3567,3159,3563,'Балахна');
INSERT INTO `city` VALUES (3568,3159,3563,'Богородск');
INSERT INTO `city` VALUES (3569,3159,3563,'Большереченск');
INSERT INTO `city` VALUES (3570,3159,3563,'Большое Болдино');
INSERT INTO `city` VALUES (3571,3159,3563,'Большое Козино');
INSERT INTO `city` VALUES (3572,3159,3563,'Большое Мурашкино');
INSERT INTO `city` VALUES (3573,3159,3563,'Большое Пикино');
INSERT INTO `city` VALUES (3574,3159,3563,'Бор');
INSERT INTO `city` VALUES (3575,3159,3563,'Бутурлино');
INSERT INTO `city` VALUES (3576,3159,3563,'Вад');
INSERT INTO `city` VALUES (3577,3159,3563,'Варнавино');
INSERT INTO `city` VALUES (3578,3159,3563,'Васильсурск');
INSERT INTO `city` VALUES (3579,3159,3563,'Вахтан');
INSERT INTO `city` VALUES (3580,3159,3563,'Вача');
INSERT INTO `city` VALUES (3581,3159,3563,'Велетьма');
INSERT INTO `city` VALUES (3582,3159,3563,'Ветлуга');
INSERT INTO `city` VALUES (3583,3159,3563,'Виля');
INSERT INTO `city` VALUES (3584,3159,3563,'Вознесенское');
INSERT INTO `city` VALUES (3585,3159,3563,'Володарск');
INSERT INTO `city` VALUES (3586,3159,3563,'Воротынец');
INSERT INTO `city` VALUES (3587,3159,3563,'Ворсма');
INSERT INTO `city` VALUES (3588,3159,3563,'Воскресенское');
INSERT INTO `city` VALUES (3589,3159,3563,'Выездное');
INSERT INTO `city` VALUES (3590,3159,3563,'Выкса');
INSERT INTO `city` VALUES (3591,3159,3563,'Гагино');
INSERT INTO `city` VALUES (3592,3159,3563,'Гидроторф');
INSERT INTO `city` VALUES (3593,3159,3563,'Горбатов');
INSERT INTO `city` VALUES (3594,3159,3563,'Горбатовка');
INSERT INTO `city` VALUES (3595,3159,3563,'Городец');
INSERT INTO `city` VALUES (3596,3159,3563,'Горький');
INSERT INTO `city` VALUES (3597,3159,3563,'Дальнее Константиново');
INSERT INTO `city` VALUES (3598,3159,3563,'Дзержинск');
INSERT INTO `city` VALUES (3599,3159,3563,'Дивеево');
INSERT INTO `city` VALUES (3600,3159,3563,'Досчатое');
INSERT INTO `city` VALUES (3601,3159,3563,'Заволжье');
INSERT INTO `city` VALUES (3602,3159,3563,'Катунки');
INSERT INTO `city` VALUES (3603,3159,3563,'Керженец');
INSERT INTO `city` VALUES (3604,3159,3563,'Княгинино');
INSERT INTO `city` VALUES (3605,3159,3563,'Ковернино');
INSERT INTO `city` VALUES (3606,3159,3563,'Красные Баки');
INSERT INTO `city` VALUES (3607,3159,3563,'Кстово');
INSERT INTO `city` VALUES (3608,3159,3563,'Кулебаки');
INSERT INTO `city` VALUES (3609,3159,3563,'Лукоянов');
INSERT INTO `city` VALUES (3610,3159,3563,'Лысково');
INSERT INTO `city` VALUES (3611,3159,3563,'Навашино');
INSERT INTO `city` VALUES (3612,3159,3563,'Нижний Новгород');
INSERT INTO `city` VALUES (3613,3159,3563,'Павлово');
INSERT INTO `city` VALUES (3614,3159,3563,'Первомайск');
INSERT INTO `city` VALUES (3615,3159,3563,'Перевоз');
INSERT INTO `city` VALUES (3616,3159,3563,'Пильна');
INSERT INTO `city` VALUES (3617,3159,3563,'Починки');
INSERT INTO `city` VALUES (3618,3159,3563,'Сергач');
INSERT INTO `city` VALUES (3619,3159,3563,'Сеченово');
INSERT INTO `city` VALUES (3620,3159,3563,'Сосновское');
INSERT INTO `city` VALUES (3621,3159,3563,'Спасское');
INSERT INTO `city` VALUES (3622,3159,3563,'Тонкино');
INSERT INTO `city` VALUES (3623,3159,3563,'Тоншаево');
INSERT INTO `city` VALUES (3624,3159,3563,'Уразовка');
INSERT INTO `city` VALUES (3625,3159,3563,'Урень');
INSERT INTO `city` VALUES (3626,3159,3563,'Чкаловск');
INSERT INTO `city` VALUES (3627,3159,3563,'Шаранга');
INSERT INTO `city` VALUES (3628,3159,3563,'Шатки');
INSERT INTO `city` VALUES (3629,3159,3563,'Шахунья');
INSERT INTO `city` VALUES (3631,3159,3630,'Агвали');
INSERT INTO `city` VALUES (3632,3159,3630,'Акуша');
INSERT INTO `city` VALUES (3633,3159,3630,'Ахты');
INSERT INTO `city` VALUES (3634,3159,3630,'Ачису');
INSERT INTO `city` VALUES (3635,3159,3630,'Бабаюрт');
INSERT INTO `city` VALUES (3636,3159,3630,'Бежта');
INSERT INTO `city` VALUES (3637,3159,3630,'Ботлих');
INSERT INTO `city` VALUES (3638,3159,3630,'Буйнакск');
INSERT INTO `city` VALUES (3639,3159,3630,'Вачи');
INSERT INTO `city` VALUES (3640,3159,3630,'Гергебиль');
INSERT INTO `city` VALUES (3641,3159,3630,'Гуниб');
INSERT INTO `city` VALUES (3642,3159,3630,'Дагестанские Огни');
INSERT INTO `city` VALUES (3643,3159,3630,'Дербент');
INSERT INTO `city` VALUES (3644,3159,3630,'Дылым');
INSERT INTO `city` VALUES (3645,3159,3630,'Ершовка');
INSERT INTO `city` VALUES (3646,3159,3630,'Избербаш');
INSERT INTO `city` VALUES (3647,3159,3630,'Карабудахкент');
INSERT INTO `city` VALUES (3648,3159,3630,'Карата');
INSERT INTO `city` VALUES (3649,3159,3630,'Каспийск');
INSERT INTO `city` VALUES (3650,3159,3630,'Касумкент');
INSERT INTO `city` VALUES (3651,3159,3630,'Кизилюрт');
INSERT INTO `city` VALUES (3652,3159,3630,'Кизляр');
INSERT INTO `city` VALUES (3653,3159,3630,'Кочубей');
INSERT INTO `city` VALUES (3654,3159,3630,'Кумух');
INSERT INTO `city` VALUES (3655,3159,3630,'Курах');
INSERT INTO `city` VALUES (3656,3159,3630,'Магарамкент');
INSERT INTO `city` VALUES (3657,3159,3630,'Маджалис');
INSERT INTO `city` VALUES (3658,3159,3630,'Махачкала');
INSERT INTO `city` VALUES (3659,3159,3630,'Мехельта');
INSERT INTO `city` VALUES (3660,3159,3630,'Новолакское');
INSERT INTO `city` VALUES (3661,3159,3630,'Рутул');
INSERT INTO `city` VALUES (3662,3159,3630,'Советское');
INSERT INTO `city` VALUES (3663,3159,3630,'Тарумовка');
INSERT INTO `city` VALUES (3664,3159,3630,'Терекли-Мектеб');
INSERT INTO `city` VALUES (3665,3159,3630,'Тлярата');
INSERT INTO `city` VALUES (3666,3159,3630,'Тпиг');
INSERT INTO `city` VALUES (3667,3159,3630,'Уркарах');
INSERT INTO `city` VALUES (3668,3159,3630,'Хасавюрт');
INSERT INTO `city` VALUES (3669,3159,3630,'Хив');
INSERT INTO `city` VALUES (3670,3159,3630,'Хунзах');
INSERT INTO `city` VALUES (3671,3159,3630,'Цуриб');
INSERT INTO `city` VALUES (3672,3159,3630,'Южно-Сухокумск');
INSERT INTO `city` VALUES (3674,3159,3673,'Биробиджан');
INSERT INTO `city` VALUES (3676,3159,3675,'Архиповка');
INSERT INTO `city` VALUES (3677,3159,3675,'Верхний Ландех');
INSERT INTO `city` VALUES (3678,3159,3675,'Вичуга');
INSERT INTO `city` VALUES (3679,3159,3675,'Гаврилов Посад');
INSERT INTO `city` VALUES (3680,3159,3675,'Долматовский');
INSERT INTO `city` VALUES (3681,3159,3675,'Дуляпино');
INSERT INTO `city` VALUES (3682,3159,3675,'Заволжск');
INSERT INTO `city` VALUES (3683,3159,3675,'Заречный');
INSERT INTO `city` VALUES (3684,3159,3675,'Иваново');
INSERT INTO `city` VALUES (3685,3159,3675,'Иваньковский');
INSERT INTO `city` VALUES (3686,3159,3675,'Ильинское-Хованское');
INSERT INTO `city` VALUES (3687,3159,3675,'Каминский');
INSERT INTO `city` VALUES (3688,3159,3675,'Кинешма');
INSERT INTO `city` VALUES (3689,3159,3675,'Комсомольск');
INSERT INTO `city` VALUES (3690,3159,3675,'Лух');
INSERT INTO `city` VALUES (3691,3159,3675,'Палех');
INSERT INTO `city` VALUES (3692,3159,3675,'Пестяки');
INSERT INTO `city` VALUES (3693,3159,3675,'Приволжск');
INSERT INTO `city` VALUES (3694,3159,3675,'Пучеж');
INSERT INTO `city` VALUES (3695,3159,3675,'Родники');
INSERT INTO `city` VALUES (3696,3159,3675,'Савино');
INSERT INTO `city` VALUES (3697,3159,3675,'Сокольское');
INSERT INTO `city` VALUES (3698,3159,3675,'Тейково');
INSERT INTO `city` VALUES (3699,3159,3675,'Фурманов');
INSERT INTO `city` VALUES (3700,3159,3675,'Шуя');
INSERT INTO `city` VALUES (3701,3159,3675,'Южа');
INSERT INTO `city` VALUES (3702,3159,3675,'Юрьевец');
INSERT INTO `city` VALUES (3704,3159,3703,'Алексеевск');
INSERT INTO `city` VALUES (3705,3159,3703,'Алзамай');
INSERT INTO `city` VALUES (3706,3159,3703,'Алыгжер');
INSERT INTO `city` VALUES (3707,3159,3703,'Ангарск');
INSERT INTO `city` VALUES (3708,3159,3703,'Артемовский');
INSERT INTO `city` VALUES (3709,3159,3703,'Атагай');
INSERT INTO `city` VALUES (3710,3159,3703,'Байкал');
INSERT INTO `city` VALUES (3711,3159,3703,'Байкальск');
INSERT INTO `city` VALUES (3712,3159,3703,'Балаганск');
INSERT INTO `city` VALUES (3713,3159,3703,'Баяндай');
INSERT INTO `city` VALUES (3714,3159,3703,'Бирюсинск');
INSERT INTO `city` VALUES (3715,3159,3703,'Бодайбо');
INSERT INTO `city` VALUES (3716,3159,3703,'Большая Речка');
INSERT INTO `city` VALUES (3717,3159,3703,'Большой Луг');
INSERT INTO `city` VALUES (3718,3159,3703,'Бохан');
INSERT INTO `city` VALUES (3719,3159,3703,'Братск');
INSERT INTO `city` VALUES (3720,3159,3703,'Видим');
INSERT INTO `city` VALUES (3721,3159,3703,'Витимский');
INSERT INTO `city` VALUES (3722,3159,3703,'Вихоревка');
INSERT INTO `city` VALUES (3723,3159,3703,'Еланцы');
INSERT INTO `city` VALUES (3724,3159,3703,'Ербогачен');
INSERT INTO `city` VALUES (3725,3159,3703,'Железногорск-Илимский');
INSERT INTO `city` VALUES (3726,3159,3703,'Жигалово');
INSERT INTO `city` VALUES (3727,3159,3703,'Забитуй');
INSERT INTO `city` VALUES (3728,3159,3703,'Залари');
INSERT INTO `city` VALUES (3729,3159,3703,'Звездный');
INSERT INTO `city` VALUES (3730,3159,3703,'Зима');
INSERT INTO `city` VALUES (3731,3159,3703,'Иркутск');
INSERT INTO `city` VALUES (3732,3159,3703,'Казачинское');
INSERT INTO `city` VALUES (3733,3159,3703,'Качуг');
INSERT INTO `city` VALUES (3734,3159,3703,'Квиток');
INSERT INTO `city` VALUES (3735,3159,3703,'Киренск');
INSERT INTO `city` VALUES (3736,3159,3703,'Куйтун');
INSERT INTO `city` VALUES (3737,3159,3703,'Кутулик');
INSERT INTO `city` VALUES (3738,3159,3703,'Мама');
INSERT INTO `city` VALUES (3739,3159,3703,'Нижнеудинск');
INSERT INTO `city` VALUES (3740,3159,3703,'Оса');
INSERT INTO `city` VALUES (3741,3159,3703,'Слюдянка');
INSERT INTO `city` VALUES (3742,3159,3703,'Тайшет');
INSERT INTO `city` VALUES (3743,3159,3703,'Тулун');
INSERT INTO `city` VALUES (3744,3159,3703,'Усолье-Сибирское');
INSERT INTO `city` VALUES (3745,3159,3703,'Усть-Илимск');
INSERT INTO `city` VALUES (3746,3159,3703,'Усть-Кут');
INSERT INTO `city` VALUES (3747,3159,3703,'Усть-Ордынский');
INSERT INTO `city` VALUES (3748,3159,3703,'Усть-Уда');
INSERT INTO `city` VALUES (3749,3159,3703,'Черемхово');
INSERT INTO `city` VALUES (3750,3159,3703,'Шелехов');
INSERT INTO `city` VALUES (3752,3159,3751,'Баксан');
INSERT INTO `city` VALUES (3753,3159,3751,'Майский');
INSERT INTO `city` VALUES (3754,3159,3751,'Нальчик');
INSERT INTO `city` VALUES (3755,3159,3751,'Нарткала');
INSERT INTO `city` VALUES (3756,3159,3751,'Прохладный');
INSERT INTO `city` VALUES (3757,3159,3751,'Советское');
INSERT INTO `city` VALUES (3758,3159,3751,'Терек');
INSERT INTO `city` VALUES (3759,3159,3751,'Тырныауз');
INSERT INTO `city` VALUES (3760,3159,3751,'Чегем-Первый');
INSERT INTO `city` VALUES (3762,3159,3761,'Багратионовск');
INSERT INTO `city` VALUES (3763,3159,3761,'Балтийск');
INSERT INTO `city` VALUES (3764,3159,3761,'Гвардейск');
INSERT INTO `city` VALUES (3765,3159,3761,'Гурьевск');
INSERT INTO `city` VALUES (3766,3159,3761,'Гусев');
INSERT INTO `city` VALUES (3767,3159,3761,'Железнодорожный');
INSERT INTO `city` VALUES (3768,3159,3761,'Зеленоградск');
INSERT INTO `city` VALUES (3769,3159,3761,'Знаменск');
INSERT INTO `city` VALUES (3770,3159,3761,'Калининград');
INSERT INTO `city` VALUES (3771,3159,3761,'Кенисберг');
INSERT INTO `city` VALUES (3772,3159,3761,'Краснознаменск');
INSERT INTO `city` VALUES (3773,3159,3761,'Мамоново');
INSERT INTO `city` VALUES (3774,3159,3761,'Неман');
INSERT INTO `city` VALUES (3775,3159,3761,'Нестеров');
INSERT INTO `city` VALUES (3776,3159,3761,'Озерск');
INSERT INTO `city` VALUES (3777,3159,3761,'Полесск');
INSERT INTO `city` VALUES (3778,3159,3761,'Правдинск');
INSERT INTO `city` VALUES (3779,3159,3761,'Светлогорск');
INSERT INTO `city` VALUES (3780,3159,3761,'Светлый');
INSERT INTO `city` VALUES (3781,3159,3761,'Славск');
INSERT INTO `city` VALUES (3782,3159,3761,'Советск');
INSERT INTO `city` VALUES (3783,3159,3761,'Черняховск');
INSERT INTO `city` VALUES (3785,3159,3784,'Андреаполь');
INSERT INTO `city` VALUES (3786,3159,3784,'Бежецк');
INSERT INTO `city` VALUES (3787,3159,3784,'Белый');
INSERT INTO `city` VALUES (3788,3159,3784,'Белый Городок');
INSERT INTO `city` VALUES (3789,3159,3784,'Березайка');
INSERT INTO `city` VALUES (3790,3159,3784,'Бологое');
INSERT INTO `city` VALUES (3791,3159,3784,'Васильевский Мох');
INSERT INTO `city` VALUES (3792,3159,3784,'Выползово');
INSERT INTO `city` VALUES (3793,3159,3784,'Вышний Волочек');
INSERT INTO `city` VALUES (3794,3159,3784,'Жарковский');
INSERT INTO `city` VALUES (3795,3159,3784,'Западная Двина');
INSERT INTO `city` VALUES (3796,3159,3784,'Заречье');
INSERT INTO `city` VALUES (3797,3159,3784,'Зубцов');
INSERT INTO `city` VALUES (3798,3159,3784,'Изоплит');
INSERT INTO `city` VALUES (3799,3159,3784,'Калашниково');
INSERT INTO `city` VALUES (3800,3159,3784,'Калинин');
INSERT INTO `city` VALUES (3801,3159,3784,'Калязин');
INSERT INTO `city` VALUES (3802,3159,3784,'Кашин');
INSERT INTO `city` VALUES (3803,3159,3784,'Кесова Гора');
INSERT INTO `city` VALUES (3804,3159,3784,'Кимры');
INSERT INTO `city` VALUES (3805,3159,3784,'Конаково');
INSERT INTO `city` VALUES (3806,3159,3784,'Красный Холм');
INSERT INTO `city` VALUES (3807,3159,3784,'Кувшиново');
INSERT INTO `city` VALUES (3808,3159,3784,'Лесное');
INSERT INTO `city` VALUES (3809,3159,3784,'Лихославль');
INSERT INTO `city` VALUES (3810,3159,3784,'Максатиха');
INSERT INTO `city` VALUES (3811,3159,3784,'Молоково');
INSERT INTO `city` VALUES (3812,3159,3784,'Нелидово');
INSERT INTO `city` VALUES (3813,3159,3784,'Оленино');
INSERT INTO `city` VALUES (3814,3159,3784,'Осташков');
INSERT INTO `city` VALUES (3815,3159,3784,'Пено');
INSERT INTO `city` VALUES (3816,3159,3784,'Рамешки');
INSERT INTO `city` VALUES (3817,3159,3784,'Ржев');
INSERT INTO `city` VALUES (3818,3159,3784,'Сандово');
INSERT INTO `city` VALUES (3819,3159,3784,'Селижарово');
INSERT INTO `city` VALUES (3820,3159,3784,'Сонково');
INSERT INTO `city` VALUES (3821,3159,3784,'Спирово');
INSERT INTO `city` VALUES (3822,3159,3784,'Старица');
INSERT INTO `city` VALUES (3823,3159,3784,'Тверь');
INSERT INTO `city` VALUES (3824,3159,3784,'Торжок');
INSERT INTO `city` VALUES (3825,3159,3784,'Торопец');
INSERT INTO `city` VALUES (3826,3159,3784,'Фирово');
INSERT INTO `city` VALUES (3828,3159,3827,'Аршань');
INSERT INTO `city` VALUES (3829,3159,3827,'Каспийский');
INSERT INTO `city` VALUES (3830,3159,3827,'Комсомольский');
INSERT INTO `city` VALUES (3831,3159,3827,'Малые Дербеты');
INSERT INTO `city` VALUES (3832,3159,3827,'Приютное');
INSERT INTO `city` VALUES (3833,3159,3827,'Советское');
INSERT INTO `city` VALUES (3834,3159,3827,'Троицкое');
INSERT INTO `city` VALUES (3835,3159,3827,'Утта');
INSERT INTO `city` VALUES (3836,3159,3827,'Цаган-Аман');
INSERT INTO `city` VALUES (3837,3159,3827,'Элиста');
INSERT INTO `city` VALUES (3838,3159,3827,'Юста');
INSERT INTO `city` VALUES (3839,3159,3827,'Яшалта');
INSERT INTO `city` VALUES (3840,3159,3827,'Яшкуль');
INSERT INTO `city` VALUES (3842,3159,3841,'Бабынино');
INSERT INTO `city` VALUES (3843,3159,3841,'Балабаново');
INSERT INTO `city` VALUES (3844,3159,3841,'Барятино');
INSERT INTO `city` VALUES (3845,3159,3841,'Белоусово');
INSERT INTO `city` VALUES (3846,3159,3841,'Бетлица');
INSERT INTO `city` VALUES (3847,3159,3841,'Боровск');
INSERT INTO `city` VALUES (3848,3159,3841,'Дугна');
INSERT INTO `city` VALUES (3849,3159,3841,'Дудоровский');
INSERT INTO `city` VALUES (3850,3159,3841,'Думиничи');
INSERT INTO `city` VALUES (3851,3159,3841,'Еленский');
INSERT INTO `city` VALUES (3852,3159,3841,'Жиздра');
INSERT INTO `city` VALUES (3853,3159,3841,'Износки');
INSERT INTO `city` VALUES (3854,3159,3841,'Калуга');
INSERT INTO `city` VALUES (3855,3159,3841,'Киров');
INSERT INTO `city` VALUES (3856,3159,3841,'Козельск');
INSERT INTO `city` VALUES (3857,3159,3841,'Кондрово');
INSERT INTO `city` VALUES (3858,3159,3841,'Людиново');
INSERT INTO `city` VALUES (3859,3159,3841,'Малоярославец');
INSERT INTO `city` VALUES (3860,3159,3841,'Медынь');
INSERT INTO `city` VALUES (3861,3159,3841,'Мещовск');
INSERT INTO `city` VALUES (3862,3159,3841,'Мосальск');
INSERT INTO `city` VALUES (3863,3159,3841,'Обнинск');
INSERT INTO `city` VALUES (3864,3159,3841,'Перемышль');
INSERT INTO `city` VALUES (3865,3159,3841,'Спас-Деменск');
INSERT INTO `city` VALUES (3866,3159,3841,'Сухиничи');
INSERT INTO `city` VALUES (3867,3159,3841,'Таруса');
INSERT INTO `city` VALUES (3868,3159,3841,'Ульяново');
INSERT INTO `city` VALUES (3869,3159,3841,'Ферзиково');
INSERT INTO `city` VALUES (3870,3159,3841,'Хвастовичи');
INSERT INTO `city` VALUES (3871,3159,3841,'Юхнов');
INSERT INTO `city` VALUES (3873,3159,3872,'Атласово');
INSERT INTO `city` VALUES (3874,3159,3872,'Аянка');
INSERT INTO `city` VALUES (3875,3159,3872,'Большерецк');
INSERT INTO `city` VALUES (3876,3159,3872,'Ильпырский');
INSERT INTO `city` VALUES (3877,3159,3872,'Каменское');
INSERT INTO `city` VALUES (3878,3159,3872,'Кировский');
INSERT INTO `city` VALUES (3879,3159,3872,'Ключи');
INSERT INTO `city` VALUES (3880,3159,3872,'Крапивная');
INSERT INTO `city` VALUES (3881,3159,3872,'Мильково');
INSERT INTO `city` VALUES (3882,3159,3872,'Никольское');
INSERT INTO `city` VALUES (3883,3159,3872,'Оссора');
INSERT INTO `city` VALUES (3884,3159,3872,'Палана');
INSERT INTO `city` VALUES (3885,3159,3872,'Парень');
INSERT INTO `city` VALUES (3886,3159,3872,'Пахачи');
INSERT INTO `city` VALUES (3887,3159,3872,'Петропавловск-Камчатский');
INSERT INTO `city` VALUES (3888,3159,3872,'Тигиль');
INSERT INTO `city` VALUES (3889,3159,3872,'Тиличики');
INSERT INTO `city` VALUES (3890,3159,3872,'Усть-Большерецк');
INSERT INTO `city` VALUES (3891,3159,3872,'Усть-Камчатск');
INSERT INTO `city` VALUES (3893,3159,3892,'Амбарный');
INSERT INTO `city` VALUES (3894,3159,3892,'Беломорск');
INSERT INTO `city` VALUES (3895,3159,3892,'Валаам');
INSERT INTO `city` VALUES (3896,3159,3892,'Вирандозеро');
INSERT INTO `city` VALUES (3897,3159,3892,'Гирвас');
INSERT INTO `city` VALUES (3898,3159,3892,'Деревянка');
INSERT INTO `city` VALUES (3899,3159,3892,'Идель');
INSERT INTO `city` VALUES (3900,3159,3892,'Ильинский');
INSERT INTO `city` VALUES (3901,3159,3892,'Импалахти');
INSERT INTO `city` VALUES (3902,3159,3892,'Калевала');
INSERT INTO `city` VALUES (3903,3159,3892,'Кемь');
INSERT INTO `city` VALUES (3904,3159,3892,'Кестеньга');
INSERT INTO `city` VALUES (3905,3159,3892,'Кондопога');
INSERT INTO `city` VALUES (3906,3159,3892,'Костомукша');
INSERT INTO `city` VALUES (3907,3159,3892,'Лахденпохья');
INSERT INTO `city` VALUES (3908,3159,3892,'Лоухи');
INSERT INTO `city` VALUES (3909,3159,3892,'Медвежьегорск');
INSERT INTO `city` VALUES (3910,3159,3892,'Муезерский');
INSERT INTO `city` VALUES (3911,3159,3892,'Олонец');
INSERT INTO `city` VALUES (3912,3159,3892,'Петрозаводск');
INSERT INTO `city` VALUES (3913,3159,3892,'Питкяранта');
INSERT INTO `city` VALUES (3914,3159,3892,'Повенец');
INSERT INTO `city` VALUES (3915,3159,3892,'Пряжа');
INSERT INTO `city` VALUES (3916,3159,3892,'Пудож');
INSERT INTO `city` VALUES (3917,3159,3892,'Сегежа');
INSERT INTO `city` VALUES (3918,3159,3892,'Сортавала');
INSERT INTO `city` VALUES (3919,3159,3892,'Софпорог');
INSERT INTO `city` VALUES (3920,3159,3892,'Суоярви');
INSERT INTO `city` VALUES (3922,3159,3921,'Анжеро-Судженск');
INSERT INTO `city` VALUES (3923,3159,3921,'Барзас');
INSERT INTO `city` VALUES (3924,3159,3921,'Белово');
INSERT INTO `city` VALUES (3925,3159,3921,'Белогорск');
INSERT INTO `city` VALUES (3926,3159,3921,'Березовский');
INSERT INTO `city` VALUES (3927,3159,3921,'Грамотеино');
INSERT INTO `city` VALUES (3928,3159,3921,'Гурьевск');
INSERT INTO `city` VALUES (3929,3159,3921,'Ижморский');
INSERT INTO `city` VALUES (3930,3159,3921,'Итатский');
INSERT INTO `city` VALUES (3931,3159,3921,'Калтан');
INSERT INTO `city` VALUES (3932,3159,3921,'Кедровка');
INSERT INTO `city` VALUES (3933,3159,3921,'Кемерово');
INSERT INTO `city` VALUES (3934,3159,3921,'Киселевск');
INSERT INTO `city` VALUES (3935,3159,3921,'Крапивинский');
INSERT INTO `city` VALUES (3936,3159,3921,'Ленинск-Кузнецкий');
INSERT INTO `city` VALUES (3937,3159,3921,'Мариинск');
INSERT INTO `city` VALUES (3938,3159,3921,'Междуреченск');
INSERT INTO `city` VALUES (3939,3159,3921,'Мыски');
INSERT INTO `city` VALUES (3940,3159,3921,'Новокузнецк');
INSERT INTO `city` VALUES (3941,3159,3921,'Осинники');
INSERT INTO `city` VALUES (3942,3159,3921,'Прокопьевск');
INSERT INTO `city` VALUES (3943,3159,3921,'Промышленная');
INSERT INTO `city` VALUES (3944,3159,3921,'Тайга');
INSERT INTO `city` VALUES (3945,3159,3921,'Таштагол');
INSERT INTO `city` VALUES (3946,3159,3921,'Тисуль');
INSERT INTO `city` VALUES (3947,3159,3921,'Топки');
INSERT INTO `city` VALUES (3948,3159,3921,'Тяжинский');
INSERT INTO `city` VALUES (3949,3159,3921,'Юрга');
INSERT INTO `city` VALUES (3950,3159,3921,'Яшкино');
INSERT INTO `city` VALUES (3951,3159,3921,'Яя');
INSERT INTO `city` VALUES (3953,3159,3952,'Арбаж');
INSERT INTO `city` VALUES (3954,3159,3952,'Аркуль');
INSERT INTO `city` VALUES (3955,3159,3952,'Белая Холуница');
INSERT INTO `city` VALUES (3956,3159,3952,'Богородское');
INSERT INTO `city` VALUES (3957,3159,3952,'Боровой');
INSERT INTO `city` VALUES (3958,3159,3952,'Верхошижемье');
INSERT INTO `city` VALUES (3959,3159,3952,'Зуевка');
INSERT INTO `city` VALUES (3960,3159,3952,'Каринторф');
INSERT INTO `city` VALUES (3961,3159,3952,'Кикнур');
INSERT INTO `city` VALUES (3962,3159,3952,'Кильмезь');
INSERT INTO `city` VALUES (3963,3159,3952,'Киров');
INSERT INTO `city` VALUES (3964,3159,3952,'Кирово-Чепецк');
INSERT INTO `city` VALUES (3965,3159,3952,'Кирс');
INSERT INTO `city` VALUES (3966,3159,3952,'Кобра');
INSERT INTO `city` VALUES (3967,3159,3952,'Котельнич');
INSERT INTO `city` VALUES (3968,3159,3952,'Кумены');
INSERT INTO `city` VALUES (3969,3159,3952,'Ленинское');
INSERT INTO `city` VALUES (3970,3159,3952,'Луза');
INSERT INTO `city` VALUES (3971,3159,3952,'Малмыж');
INSERT INTO `city` VALUES (3972,3159,3952,'Мураши');
INSERT INTO `city` VALUES (3973,3159,3952,'Нагорск');
INSERT INTO `city` VALUES (3974,3159,3952,'Нема');
INSERT INTO `city` VALUES (3975,3159,3952,'Нововятск');
INSERT INTO `city` VALUES (3976,3159,3952,'Нолинск');
INSERT INTO `city` VALUES (3977,3159,3952,'Омутнинск');
INSERT INTO `city` VALUES (3978,3159,3952,'Опарино');
INSERT INTO `city` VALUES (3979,3159,3952,'Оричи');
INSERT INTO `city` VALUES (3980,3159,3952,'Пижанка');
INSERT INTO `city` VALUES (3981,3159,3952,'Подосиновец');
INSERT INTO `city` VALUES (3982,3159,3952,'Санчурск');
INSERT INTO `city` VALUES (3983,3159,3952,'Свеча');
INSERT INTO `city` VALUES (3984,3159,3952,'Слободской');
INSERT INTO `city` VALUES (3985,3159,3952,'Советск');
INSERT INTO `city` VALUES (3986,3159,3952,'Суна');
INSERT INTO `city` VALUES (3987,3159,3952,'Тужа');
INSERT INTO `city` VALUES (3988,3159,3952,'Уни');
INSERT INTO `city` VALUES (3989,3159,3952,'Уржум');
INSERT INTO `city` VALUES (3990,3159,3952,'Фаленки');
INSERT INTO `city` VALUES (3991,3159,3952,'Халтурин');
INSERT INTO `city` VALUES (3992,3159,3952,'Юрья');
INSERT INTO `city` VALUES (3993,3159,3952,'Яранск');
INSERT INTO `city` VALUES (3995,3159,3994,'Абезь');
INSERT INTO `city` VALUES (3996,3159,3994,'Айкино');
INSERT INTO `city` VALUES (3997,3159,3994,'Верхняя Инта');
INSERT INTO `city` VALUES (3998,3159,3994,'Визинга');
INSERT INTO `city` VALUES (3999,3159,3994,'Водный');
INSERT INTO `city` VALUES (4000,3159,3994,'Вожаель');
INSERT INTO `city` VALUES (4001,3159,3994,'Воркута');
INSERT INTO `city` VALUES (4002,3159,3994,'Вуктыл');
INSERT INTO `city` VALUES (4003,3159,3994,'Гешарт');
INSERT INTO `city` VALUES (4004,3159,3994,'Елецкий');
INSERT INTO `city` VALUES (4005,3159,3994,'Емва');
INSERT INTO `city` VALUES (4006,3159,3994,'Заполярный');
INSERT INTO `city` VALUES (4007,3159,3994,'Ижма');
INSERT INTO `city` VALUES (4008,3159,3994,'Инта');
INSERT INTO `city` VALUES (4009,3159,3994,'Ираель');
INSERT INTO `city` VALUES (4010,3159,3994,'Каджером');
INSERT INTO `city` VALUES (4011,3159,3994,'Кажым');
INSERT INTO `city` VALUES (4012,3159,3994,'Кожым');
INSERT INTO `city` VALUES (4013,3159,3994,'Койгородок');
INSERT INTO `city` VALUES (4014,3159,3994,'Корткерос');
INSERT INTO `city` VALUES (4015,3159,3994,'Кослан');
INSERT INTO `city` VALUES (4016,3159,3994,'Объячево');
INSERT INTO `city` VALUES (4017,3159,3994,'Печора');
INSERT INTO `city` VALUES (4018,3159,3994,'Сосногорск');
INSERT INTO `city` VALUES (4019,3159,3994,'Сыктывкар');
INSERT INTO `city` VALUES (4020,3159,3994,'Троицко-Печерск');
INSERT INTO `city` VALUES (4021,3159,3994,'Усинск');
INSERT INTO `city` VALUES (4022,3159,3994,'Усогорск');
INSERT INTO `city` VALUES (4023,3159,3994,'Усть-Кулом');
INSERT INTO `city` VALUES (4024,3159,3994,'Усть-Цильма');
INSERT INTO `city` VALUES (4025,3159,3994,'Ухта');
INSERT INTO `city` VALUES (4027,3159,4026,'Антропово');
INSERT INTO `city` VALUES (4028,3159,4026,'Боговарово');
INSERT INTO `city` VALUES (4029,3159,4026,'Буй');
INSERT INTO `city` VALUES (4030,3159,4026,'Волгореченск');
INSERT INTO `city` VALUES (4031,3159,4026,'Галич');
INSERT INTO `city` VALUES (4032,3159,4026,'Горчуха');
INSERT INTO `city` VALUES (4033,3159,4026,'Зебляки');
INSERT INTO `city` VALUES (4034,3159,4026,'Кадый');
INSERT INTO `city` VALUES (4035,3159,4026,'Кологрив');
INSERT INTO `city` VALUES (4036,3159,4026,'Кострома');
INSERT INTO `city` VALUES (4037,3159,4026,'Красное-на-Волге');
INSERT INTO `city` VALUES (4038,3159,4026,'Макарьев');
INSERT INTO `city` VALUES (4039,3159,4026,'Мантурово');
INSERT INTO `city` VALUES (4040,3159,4026,'Нерехта');
INSERT INTO `city` VALUES (4041,3159,4026,'Нея');
INSERT INTO `city` VALUES (4042,3159,4026,'Островское');
INSERT INTO `city` VALUES (4043,3159,4026,'Павино');
INSERT INTO `city` VALUES (4044,3159,4026,'Парфентьево');
INSERT INTO `city` VALUES (4045,3159,4026,'Поназырево');
INSERT INTO `city` VALUES (4046,3159,4026,'Солигалич');
INSERT INTO `city` VALUES (4047,3159,4026,'Судиславль');
INSERT INTO `city` VALUES (4048,3159,4026,'Сусанино');
INSERT INTO `city` VALUES (4049,3159,4026,'Чухлома');
INSERT INTO `city` VALUES (4050,3159,4026,'Шарья');
INSERT INTO `city` VALUES (4051,3159,4026,'Шемятино');
INSERT INTO `city` VALUES (4053,3159,4052,'Абинск');
INSERT INTO `city` VALUES (4054,3159,4052,'Абрау-Дюрсо');
INSERT INTO `city` VALUES (4055,3159,4052,'Анапа');
INSERT INTO `city` VALUES (4056,3159,4052,'Апшеронск');
INSERT INTO `city` VALUES (4057,3159,4052,'Армавир');
INSERT INTO `city` VALUES (4058,3159,4052,'Архипо-Осиповка');
INSERT INTO `city` VALUES (4059,3159,4052,'Афипский');
INSERT INTO `city` VALUES (4060,3159,4052,'Ахтырский');
INSERT INTO `city` VALUES (4061,3159,4052,'Ачуево');
INSERT INTO `city` VALUES (4062,3159,4052,'Белореченск');
INSERT INTO `city` VALUES (4063,3159,4052,'Верхнебаканский');
INSERT INTO `city` VALUES (4064,3159,4052,'Выселки');
INSERT INTO `city` VALUES (4065,3159,4052,'Геленджик');
INSERT INTO `city` VALUES (4066,3159,4052,'Гиагинская');
INSERT INTO `city` VALUES (4067,3159,4052,'Горячий Ключ');
INSERT INTO `city` VALUES (4068,3159,4052,'Джубга');
INSERT INTO `city` VALUES (4069,3159,4052,'Динская');
INSERT INTO `city` VALUES (4070,3159,4052,'Ейск');
INSERT INTO `city` VALUES (4071,3159,4052,'Ильский');
INSERT INTO `city` VALUES (4072,3159,4052,'Кабардинка');
INSERT INTO `city` VALUES (4073,3159,4052,'Калинино');
INSERT INTO `city` VALUES (4074,3159,4052,'Калининская');
INSERT INTO `city` VALUES (4075,3159,4052,'Каменномостский');
INSERT INTO `city` VALUES (4076,3159,4052,'Каневская');
INSERT INTO `city` VALUES (4077,3159,4052,'Кореновск');
INSERT INTO `city` VALUES (4078,3159,4052,'Красноармейская');
INSERT INTO `city` VALUES (4079,3159,4052,'Краснодар');
INSERT INTO `city` VALUES (4080,3159,4052,'Кропоткин');
INSERT INTO `city` VALUES (4081,3159,4052,'Крыловская');
INSERT INTO `city` VALUES (4082,3159,4052,'Крымск');
INSERT INTO `city` VALUES (4083,3159,4052,'Кущевская');
INSERT INTO `city` VALUES (4084,3159,4052,'Лабинск');
INSERT INTO `city` VALUES (4085,3159,4052,'Лениградская');
INSERT INTO `city` VALUES (4086,3159,4052,'Майкоп');
INSERT INTO `city` VALUES (4087,3159,4052,'Мостовской');
INSERT INTO `city` VALUES (4088,3159,4052,'Новороссийск');
INSERT INTO `city` VALUES (4089,3159,4052,'Отрадная');
INSERT INTO `city` VALUES (4090,3159,4052,'Павловская');
INSERT INTO `city` VALUES (4091,3159,4052,'Приморско-Ахтарск');
INSERT INTO `city` VALUES (4092,3159,4052,'Северская');
INSERT INTO `city` VALUES (4093,3159,4052,'Славянск-на-Кубани');
INSERT INTO `city` VALUES (4094,3159,4052,'Сочи');
INSERT INTO `city` VALUES (4095,3159,4052,'Староминская');
INSERT INTO `city` VALUES (4096,3159,4052,'Старощербиновская');
INSERT INTO `city` VALUES (4097,3159,4052,'Тбилисская');
INSERT INTO `city` VALUES (4098,3159,4052,'Темрюк');
INSERT INTO `city` VALUES (4099,3159,4052,'Тимашевск');
INSERT INTO `city` VALUES (4100,3159,4052,'Тихорецк');
INSERT INTO `city` VALUES (4101,3159,4052,'Туапсе');
INSERT INTO `city` VALUES (4102,3159,4052,'Тульский');
INSERT INTO `city` VALUES (4103,3159,4052,'Усть-Лабинск');
INSERT INTO `city` VALUES (4104,3159,4052,'Шовгеновский');
INSERT INTO `city` VALUES (4106,3159,4105,'Абаза');
INSERT INTO `city` VALUES (4107,3159,4105,'Абакан');
INSERT INTO `city` VALUES (4108,3159,4105,'Абан');
INSERT INTO `city` VALUES (4109,3159,4105,'Агинское');
INSERT INTO `city` VALUES (4110,3159,4105,'Артемовск');
INSERT INTO `city` VALUES (4111,3159,4105,'Аскиз');
INSERT INTO `city` VALUES (4112,3159,4105,'Ачинск');
INSERT INTO `city` VALUES (4113,3159,4105,'Байкит');
INSERT INTO `city` VALUES (4114,3159,4105,'Балахта');
INSERT INTO `city` VALUES (4115,3159,4105,'Балыкса');
INSERT INTO `city` VALUES (4116,3159,4105,'Белый Яр');
INSERT INTO `city` VALUES (4117,3159,4105,'Бельтырский');
INSERT INTO `city` VALUES (4118,3159,4105,'Бея');
INSERT INTO `city` VALUES (4119,3159,4105,'Бискамжа');
INSERT INTO `city` VALUES (4120,3159,4105,'Боготол');
INSERT INTO `city` VALUES (4121,3159,4105,'Боград');
INSERT INTO `city` VALUES (4122,3159,4105,'Богучаны');
INSERT INTO `city` VALUES (4123,3159,4105,'Большая Мурта');
INSERT INTO `city` VALUES (4124,3159,4105,'Большой Улуй');
INSERT INTO `city` VALUES (4125,3159,4105,'Бородино');
INSERT INTO `city` VALUES (4126,3159,4105,'Ванавара');
INSERT INTO `city` VALUES (4127,3159,4105,'Верхнеимбатск');
INSERT INTO `city` VALUES (4128,3159,4105,'Горячегорск');
INSERT INTO `city` VALUES (4129,3159,4105,'Дзержинское');
INSERT INTO `city` VALUES (4130,3159,4105,'Дивногорск');
INSERT INTO `city` VALUES (4131,3159,4105,'Диксон');
INSERT INTO `city` VALUES (4132,3159,4105,'Дудинка');
INSERT INTO `city` VALUES (4133,3159,4105,'Емельяново');
INSERT INTO `city` VALUES (4134,3159,4105,'Енисейск');
INSERT INTO `city` VALUES (4135,3159,4105,'Ермаковское');
INSERT INTO `city` VALUES (4136,3159,4105,'Заозерный');
INSERT INTO `city` VALUES (4137,3159,4105,'Игарка');
INSERT INTO `city` VALUES (4138,3159,4105,'Идринское');
INSERT INTO `city` VALUES (4139,3159,4105,'Иланский');
INSERT INTO `city` VALUES (4140,3159,4105,'Ирбейское');
INSERT INTO `city` VALUES (4141,3159,4105,'Казачинское');
INSERT INTO `city` VALUES (4142,3159,4105,'Канск');
INSERT INTO `city` VALUES (4143,3159,4105,'Каратузское');
INSERT INTO `city` VALUES (4144,3159,4105,'Караул');
INSERT INTO `city` VALUES (4145,3159,4105,'Кежма');
INSERT INTO `city` VALUES (4146,3159,4105,'Козулька');
INSERT INTO `city` VALUES (4147,3159,4105,'Копьево');
INSERT INTO `city` VALUES (4148,3159,4105,'Краснотуранск');
INSERT INTO `city` VALUES (4149,3159,4105,'Красноярск');
INSERT INTO `city` VALUES (4150,3159,4105,'Курагино');
INSERT INTO `city` VALUES (4151,3159,4105,'Лесосибирск');
INSERT INTO `city` VALUES (4152,3159,4105,'Минусинск');
INSERT INTO `city` VALUES (4153,3159,4105,'Мотыгино');
INSERT INTO `city` VALUES (4154,3159,4105,'Назарово');
INSERT INTO `city` VALUES (4155,3159,4105,'Нижний Ингаш');
INSERT INTO `city` VALUES (4156,3159,4105,'Новоселово');
INSERT INTO `city` VALUES (4157,3159,4105,'Норильск');
INSERT INTO `city` VALUES (4158,3159,4105,'Партизанское');
INSERT INTO `city` VALUES (4159,3159,4105,'Пировское');
INSERT INTO `city` VALUES (4160,3159,4105,'Саяногорск');
INSERT INTO `city` VALUES (4161,3159,4105,'Северо-Енисейский');
INSERT INTO `city` VALUES (4162,3159,4105,'Тасеево');
INSERT INTO `city` VALUES (4163,3159,4105,'Таштып');
INSERT INTO `city` VALUES (4164,3159,4105,'Тура');
INSERT INTO `city` VALUES (4165,3159,4105,'Туруханск');
INSERT INTO `city` VALUES (4166,3159,4105,'Тюхтет');
INSERT INTO `city` VALUES (4167,3159,4105,'Ужур');
INSERT INTO `city` VALUES (4168,3159,4105,'Усть-Авам');
INSERT INTO `city` VALUES (4169,3159,4105,'Уяр');
INSERT INTO `city` VALUES (4170,3159,4105,'Хатанга');
INSERT INTO `city` VALUES (4171,3159,4105,'Черемушки');
INSERT INTO `city` VALUES (4172,3159,4105,'Черногорск');
INSERT INTO `city` VALUES (4173,3159,4105,'Шалинское');
INSERT INTO `city` VALUES (4174,3159,4105,'Шира');
INSERT INTO `city` VALUES (4175,3159,4105,'Шушенское');
INSERT INTO `city` VALUES (4177,3159,4176,'Варгаши');
INSERT INTO `city` VALUES (4178,3159,4176,'Глядянское');
INSERT INTO `city` VALUES (4179,3159,4176,'Далматово');
INSERT INTO `city` VALUES (4180,3159,4176,'Каргаполье');
INSERT INTO `city` VALUES (4181,3159,4176,'Катайск');
INSERT INTO `city` VALUES (4182,3159,4176,'Кетово');
INSERT INTO `city` VALUES (4183,3159,4176,'Курган');
INSERT INTO `city` VALUES (4184,3159,4176,'Куртамыш');
INSERT INTO `city` VALUES (4185,3159,4176,'Лебяжье');
INSERT INTO `city` VALUES (4186,3159,4176,'Макушино');
INSERT INTO `city` VALUES (4187,3159,4176,'Мишкино');
INSERT INTO `city` VALUES (4188,3159,4176,'Мокроусово');
INSERT INTO `city` VALUES (4189,3159,4176,'Петухово');
INSERT INTO `city` VALUES (4190,3159,4176,'Половинное');
INSERT INTO `city` VALUES (4191,3159,4176,'Сафакулево');
INSERT INTO `city` VALUES (4192,3159,4176,'Целинное');
INSERT INTO `city` VALUES (4193,3159,4176,'Шадринск');
INSERT INTO `city` VALUES (4194,3159,4176,'Шатрово');
INSERT INTO `city` VALUES (4195,3159,4176,'Шумиха');
INSERT INTO `city` VALUES (4196,3159,4176,'Щучье');
INSERT INTO `city` VALUES (4197,3159,4176,'Юргамыш');
INSERT INTO `city` VALUES (4199,3159,4198,'Альменево');
INSERT INTO `city` VALUES (4200,3159,4198,'Белая');
INSERT INTO `city` VALUES (4201,3159,4198,'Большое Солдатское');
INSERT INTO `city` VALUES (4202,3159,4198,'Глушково');
INSERT INTO `city` VALUES (4203,3159,4198,'Горшечное');
INSERT INTO `city` VALUES (4204,3159,4198,'Дмитриев-Льговский');
INSERT INTO `city` VALUES (4205,3159,4198,'Железногорск');
INSERT INTO `city` VALUES (4206,3159,4198,'Золотухино');
INSERT INTO `city` VALUES (4207,3159,4198,'Касторное');
INSERT INTO `city` VALUES (4208,3159,4198,'Конышевка');
INSERT INTO `city` VALUES (4209,3159,4198,'Коренево');
INSERT INTO `city` VALUES (4210,3159,4198,'Курск');
INSERT INTO `city` VALUES (4211,3159,4198,'Курчатов');
INSERT INTO `city` VALUES (4212,3159,4198,'Кшенский');
INSERT INTO `city` VALUES (4213,3159,4198,'Льгов');
INSERT INTO `city` VALUES (4214,3159,4198,'Мантурово');
INSERT INTO `city` VALUES (4215,3159,4198,'Медвенка');
INSERT INTO `city` VALUES (4216,3159,4198,'Обоянь');
INSERT INTO `city` VALUES (4217,3159,4198,'Поныри');
INSERT INTO `city` VALUES (4218,3159,4198,'Пристень');
INSERT INTO `city` VALUES (4219,3159,4198,'Прямицыно');
INSERT INTO `city` VALUES (4220,3159,4198,'Рыльск');
INSERT INTO `city` VALUES (4221,3159,4198,'Суджа');
INSERT INTO `city` VALUES (4222,3159,4198,'Тим');
INSERT INTO `city` VALUES (4223,3159,4198,'Фатеж');
INSERT INTO `city` VALUES (4224,3159,4198,'Хомутовка');
INSERT INTO `city` VALUES (4225,3159,4198,'Черемисиново');
INSERT INTO `city` VALUES (4226,3159,4198,'Щигры');
INSERT INTO `city` VALUES (4228,3159,4227,'Грязи');
INSERT INTO `city` VALUES (4229,3159,4227,'Данхов');
INSERT INTO `city` VALUES (4230,3159,4227,'Доброе');
INSERT INTO `city` VALUES (4231,3159,4227,'Долгоруково');
INSERT INTO `city` VALUES (4232,3159,4227,'Елец');
INSERT INTO `city` VALUES (4233,3159,4227,'Задонск');
INSERT INTO `city` VALUES (4234,3159,4227,'Измалково');
INSERT INTO `city` VALUES (4235,3159,4227,'Казинка');
INSERT INTO `city` VALUES (4236,3159,4227,'Лебедянь');
INSERT INTO `city` VALUES (4237,3159,4227,'Лев Толстой');
INSERT INTO `city` VALUES (4238,3159,4227,'Липецк');
INSERT INTO `city` VALUES (4239,3159,4227,'Тербуны');
INSERT INTO `city` VALUES (4240,3159,4227,'Усмань');
INSERT INTO `city` VALUES (4241,3159,4227,'Хлевное');
INSERT INTO `city` VALUES (4242,3159,4227,'Чаплыгин');
INSERT INTO `city` VALUES (4244,3159,4243,'Анадырь');
INSERT INTO `city` VALUES (4245,3159,4243,'Атка');
INSERT INTO `city` VALUES (4246,3159,4243,'Балыгычан');
INSERT INTO `city` VALUES (4247,3159,4243,'Беринговский');
INSERT INTO `city` VALUES (4248,3159,4243,'Билибино');
INSERT INTO `city` VALUES (4249,3159,4243,'Большевик');
INSERT INTO `city` VALUES (4250,3159,4243,'Ванкарем');
INSERT INTO `city` VALUES (4251,3159,4243,'Иульитин');
INSERT INTO `city` VALUES (4252,3159,4243,'Кадыкчан');
INSERT INTO `city` VALUES (4253,3159,4243,'Лаврентия');
INSERT INTO `city` VALUES (4254,3159,4243,'Магадан');
INSERT INTO `city` VALUES (4255,3159,4243,'Мыс Шмидта');
INSERT INTO `city` VALUES (4256,3159,4243,'Ола');
INSERT INTO `city` VALUES (4257,3159,4243,'Омонск');
INSERT INTO `city` VALUES (4258,3159,4243,'Омсукчан');
INSERT INTO `city` VALUES (4259,3159,4243,'Палатка');
INSERT INTO `city` VALUES (4260,3159,4243,'Певек');
INSERT INTO `city` VALUES (4261,3159,4243,'Провидения');
INSERT INTO `city` VALUES (4262,3159,4243,'Сеймчан');
INSERT INTO `city` VALUES (4263,3159,4243,'Синегорье');
INSERT INTO `city` VALUES (4264,3159,4243,'Сусуман');
INSERT INTO `city` VALUES (4265,3159,4243,'Усть-Белая');
INSERT INTO `city` VALUES (4266,3159,4243,'Усть-Омчуг');
INSERT INTO `city` VALUES (4267,3159,4243,'Эвенск');
INSERT INTO `city` VALUES (4268,3159,4243,'Эгвекинот');
INSERT INTO `city` VALUES (4269,3159,4243,'Ягодное');
INSERT INTO `city` VALUES (4271,3159,4270,'Волжск');
INSERT INTO `city` VALUES (4272,3159,4270,'Дубовский');
INSERT INTO `city` VALUES (4273,3159,4270,'Звенигово');
INSERT INTO `city` VALUES (4274,3159,4270,'Йошкар-Ола');
INSERT INTO `city` VALUES (4275,3159,4270,'Килемары');
INSERT INTO `city` VALUES (4276,3159,4270,'Козьмодемьянск');
INSERT INTO `city` VALUES (4277,3159,4270,'Куженер');
INSERT INTO `city` VALUES (4278,3159,4270,'Мари-Турек');
INSERT INTO `city` VALUES (4279,3159,4270,'Медведево');
INSERT INTO `city` VALUES (4280,3159,4270,'Морки');
INSERT INTO `city` VALUES (4281,3159,4270,'Новый Торьял');
INSERT INTO `city` VALUES (4282,3159,4270,'Оршанка');
INSERT INTO `city` VALUES (4283,3159,4270,'Параньга');
INSERT INTO `city` VALUES (4284,3159,4270,'Сернур');
INSERT INTO `city` VALUES (4285,3159,4270,'Советский');
INSERT INTO `city` VALUES (4286,3159,4270,'Юрино');
INSERT INTO `city` VALUES (4288,3159,4287,'Ардатов');
INSERT INTO `city` VALUES (4289,3159,4287,'Атюрьево');
INSERT INTO `city` VALUES (4290,3159,4287,'Атяшево');
INSERT INTO `city` VALUES (4291,3159,4287,'Большие Березники');
INSERT INTO `city` VALUES (4292,3159,4287,'Большое Игнатово');
INSERT INTO `city` VALUES (4293,3159,4287,'Выша');
INSERT INTO `city` VALUES (4294,3159,4287,'Ельники');
INSERT INTO `city` VALUES (4295,3159,4287,'Зубова Поляна');
INSERT INTO `city` VALUES (4296,3159,4287,'Инсар');
INSERT INTO `city` VALUES (4297,3159,4287,'Кадошкино');
INSERT INTO `city` VALUES (4298,3159,4287,'Кемля');
INSERT INTO `city` VALUES (4299,3159,4287,'Ковылкино');
INSERT INTO `city` VALUES (4300,3159,4287,'Комсомольский');
INSERT INTO `city` VALUES (4301,3159,4287,'Кочкурово');
INSERT INTO `city` VALUES (4302,3159,4287,'Краснослободск');
INSERT INTO `city` VALUES (4303,3159,4287,'Лямбирь');
INSERT INTO `city` VALUES (4304,3159,4287,'Ромоданово');
INSERT INTO `city` VALUES (4305,3159,4287,'Рузаевка');
INSERT INTO `city` VALUES (4306,3159,4287,'Саранск');
INSERT INTO `city` VALUES (4307,3159,4287,'Старое Шайгово');
INSERT INTO `city` VALUES (4308,3159,4287,'Темников');
INSERT INTO `city` VALUES (4309,3159,4287,'Теньгушево');
INSERT INTO `city` VALUES (4310,3159,4287,'Торбеево');
INSERT INTO `city` VALUES (4311,3159,4287,'Чамзинка');
INSERT INTO `city` VALUES (4313,3159,4312,'Абрамцево');
INSERT INTO `city` VALUES (4314,3159,4312,'Алабино');
INSERT INTO `city` VALUES (4315,3159,4312,'Апрелевка');
INSERT INTO `city` VALUES (4316,3159,4312,'Архангельское');
INSERT INTO `city` VALUES (4317,3159,4312,'Ашитково');
INSERT INTO `city` VALUES (4318,3159,4312,'Бакшеево');
INSERT INTO `city` VALUES (4319,3159,4312,'Балашиха');
INSERT INTO `city` VALUES (4320,3159,4312,'Барыбино');
INSERT INTO `city` VALUES (4321,3159,4312,'Белоомут');
INSERT INTO `city` VALUES (4322,3159,4312,'Белые Столбы');
INSERT INTO `city` VALUES (4323,3159,4312,'Бородино');
INSERT INTO `city` VALUES (4324,3159,4312,'Бронницы');
INSERT INTO `city` VALUES (4325,3159,4312,'Быково');
INSERT INTO `city` VALUES (4326,3159,4312,'Валуево');
INSERT INTO `city` VALUES (4327,3159,4312,'Вербилки');
INSERT INTO `city` VALUES (4328,3159,4312,'Верея');
INSERT INTO `city` VALUES (4329,3159,4312,'Видное');
INSERT INTO `city` VALUES (4330,3159,4312,'Внуково');
INSERT INTO `city` VALUES (4331,3159,4312,'Вождь Пролетариата');
INSERT INTO `city` VALUES (4332,3159,4312,'Волоколамск');
INSERT INTO `city` VALUES (4333,3159,4312,'Вороново');
INSERT INTO `city` VALUES (4334,3159,4312,'Воскресенск');
INSERT INTO `city` VALUES (4335,3159,4312,'Восточный');
INSERT INTO `city` VALUES (4336,3159,4312,'Востряково');
INSERT INTO `city` VALUES (4337,3159,4312,'Высоковск');
INSERT INTO `city` VALUES (4338,3159,4312,'Голицино');
INSERT INTO `city` VALUES (4339,3159,4312,'Деденево');
INSERT INTO `city` VALUES (4340,3159,4312,'Дедовск');
INSERT INTO `city` VALUES (4341,3159,4312,'Джержинский');
INSERT INTO `city` VALUES (4342,3159,4312,'Дмитров');
INSERT INTO `city` VALUES (4343,3159,4312,'Долгопрудный');
INSERT INTO `city` VALUES (4344,3159,4312,'Домодедово');
INSERT INTO `city` VALUES (4345,3159,4312,'Дорохово');
INSERT INTO `city` VALUES (4346,3159,4312,'Дрезна');
INSERT INTO `city` VALUES (4347,3159,4312,'Дубки');
INSERT INTO `city` VALUES (4348,3159,4312,'Дубна');
INSERT INTO `city` VALUES (4349,3159,4312,'Егорьевск');
INSERT INTO `city` VALUES (4350,3159,4312,'Железнодорожный');
INSERT INTO `city` VALUES (4351,3159,4312,'Жилево');
INSERT INTO `city` VALUES (4352,3159,4312,'Жуковский');
INSERT INTO `city` VALUES (4353,3159,4312,'Загорск');
INSERT INTO `city` VALUES (4354,3159,4312,'Загорянский');
INSERT INTO `city` VALUES (4355,3159,4312,'Запрудная');
INSERT INTO `city` VALUES (4356,3159,4312,'Зарайск');
INSERT INTO `city` VALUES (4357,3159,4312,'Звенигород');
INSERT INTO `city` VALUES (4358,3159,4312,'Зеленоград');
INSERT INTO `city` VALUES (4359,3159,4312,'Ивантеевка');
INSERT INTO `city` VALUES (4360,3159,4312,'Икша');
INSERT INTO `city` VALUES (4361,3159,4312,'Ильинский');
INSERT INTO `city` VALUES (4362,3159,4312,'Истра');
INSERT INTO `city` VALUES (4363,3159,4312,'Калининград');
INSERT INTO `city` VALUES (4364,3159,4312,'Кашира');
INSERT INTO `city` VALUES (4365,3159,4312,'Керва');
INSERT INTO `city` VALUES (4366,3159,4312,'Климовск');
INSERT INTO `city` VALUES (4367,3159,4312,'Клин');
INSERT INTO `city` VALUES (4368,3159,4312,'Клязьма');
INSERT INTO `city` VALUES (4369,3159,4312,'Кожино');
INSERT INTO `city` VALUES (4370,3159,4312,'Кокошкино');
INSERT INTO `city` VALUES (4371,3159,4312,'Коломна');
INSERT INTO `city` VALUES (4372,3159,4312,'Колюбакино');
INSERT INTO `city` VALUES (4373,3159,4312,'Косино');
INSERT INTO `city` VALUES (4374,3159,4312,'Котельники');
INSERT INTO `city` VALUES (4375,3159,4312,'Красково');
INSERT INTO `city` VALUES (4376,3159,4312,'Красноармейск');
INSERT INTO `city` VALUES (4377,3159,4312,'Красногорск');
INSERT INTO `city` VALUES (4378,3159,4312,'Краснозаводск');
INSERT INTO `city` VALUES (4379,3159,4312,'Красный Ткач');
INSERT INTO `city` VALUES (4380,3159,4312,'Крюково');
INSERT INTO `city` VALUES (4381,3159,4312,'Кубинка');
INSERT INTO `city` VALUES (4382,3159,4312,'Купавна');
INSERT INTO `city` VALUES (4383,3159,4312,'Куровское');
INSERT INTO `city` VALUES (4384,3159,4312,'Лесной Городок');
INSERT INTO `city` VALUES (4385,3159,4312,'Ликино-Дулево');
INSERT INTO `city` VALUES (4386,3159,4312,'Лобня');
INSERT INTO `city` VALUES (4387,3159,4312,'Лопатинский');
INSERT INTO `city` VALUES (4388,3159,4312,'Лосино-Петровский');
INSERT INTO `city` VALUES (4389,3159,4312,'Лотошино');
INSERT INTO `city` VALUES (4390,3159,4312,'Лукино');
INSERT INTO `city` VALUES (4391,3159,4312,'Луховицы');
INSERT INTO `city` VALUES (4392,3159,4312,'Лыткарино');
INSERT INTO `city` VALUES (4393,3159,4312,'Львовский');
INSERT INTO `city` VALUES (4394,3159,4312,'Люберцы');
INSERT INTO `city` VALUES (4395,3159,4312,'Малаховка');
INSERT INTO `city` VALUES (4396,3159,4312,'Михайловское');
INSERT INTO `city` VALUES (4397,3159,4312,'Михнево');
INSERT INTO `city` VALUES (4398,3159,4312,'Можайск');
INSERT INTO `city` VALUES (4399,3159,4312,'Монино');
INSERT INTO `city` VALUES (4400,3159,4312,'Москва');
INSERT INTO `city` VALUES (4401,3159,4312,'Муханово');
INSERT INTO `city` VALUES (4402,3159,4312,'Мытищи');
INSERT INTO `city` VALUES (4403,3159,4312,'Нарофоминск');
INSERT INTO `city` VALUES (4404,3159,4312,'Нахабино');
INSERT INTO `city` VALUES (4405,3159,4312,'Некрасовка');
INSERT INTO `city` VALUES (4406,3159,4312,'Немчиновка');
INSERT INTO `city` VALUES (4407,3159,4312,'Новобратцевский');
INSERT INTO `city` VALUES (4408,3159,4312,'Новоподрезково');
INSERT INTO `city` VALUES (4409,3159,4312,'Ногинск');
INSERT INTO `city` VALUES (4410,3159,4312,'Обухово');
INSERT INTO `city` VALUES (4411,3159,4312,'Одинцово');
INSERT INTO `city` VALUES (4412,3159,4312,'Ожерелье');
INSERT INTO `city` VALUES (4413,3159,4312,'Озеры');
INSERT INTO `city` VALUES (4414,3159,4312,'Октябрьский');
INSERT INTO `city` VALUES (4415,3159,4312,'Опалиха');
INSERT INTO `city` VALUES (4416,3159,4312,'Орехово-Зуево');
INSERT INTO `city` VALUES (4417,3159,4312,'Павловский Посад');
INSERT INTO `city` VALUES (4418,3159,4312,'Первомайский');
INSERT INTO `city` VALUES (4419,3159,4312,'Пески');
INSERT INTO `city` VALUES (4420,3159,4312,'Пироговский');
INSERT INTO `city` VALUES (4421,3159,4312,'Подольск');
INSERT INTO `city` VALUES (4422,3159,4312,'Полушкино');
INSERT INTO `city` VALUES (4423,3159,4312,'Правдинский');
INSERT INTO `city` VALUES (4424,3159,4312,'Привокзальный');
INSERT INTO `city` VALUES (4425,3159,4312,'Пролетарский');
INSERT INTO `city` VALUES (4426,3159,4312,'Пушкино');
INSERT INTO `city` VALUES (4427,3159,4312,'Пущино');
INSERT INTO `city` VALUES (4428,3159,4312,'Радовицкий');
INSERT INTO `city` VALUES (4429,3159,4312,'Раменское');
INSERT INTO `city` VALUES (4430,3159,4312,'Реутов');
INSERT INTO `city` VALUES (4431,3159,4312,'Решетниково');
INSERT INTO `city` VALUES (4432,3159,4312,'Родники');
INSERT INTO `city` VALUES (4433,3159,4312,'Рошаль');
INSERT INTO `city` VALUES (4434,3159,4312,'Рублево');
INSERT INTO `city` VALUES (4435,3159,4312,'Руза');
INSERT INTO `city` VALUES (4436,3159,4312,'Салтыковка');
INSERT INTO `city` VALUES (4437,3159,4312,'Северный');
INSERT INTO `city` VALUES (4438,3159,4312,'Сергиев Посад');
INSERT INTO `city` VALUES (4439,3159,4312,'Серебряные Пруды');
INSERT INTO `city` VALUES (4440,3159,4312,'Серпухов');
INSERT INTO `city` VALUES (4441,3159,4312,'Солнечногорск');
INSERT INTO `city` VALUES (4442,3159,4312,'Солнцево');
INSERT INTO `city` VALUES (4443,3159,4312,'Софрино');
INSERT INTO `city` VALUES (4444,3159,4312,'Старая Купавна');
INSERT INTO `city` VALUES (4445,3159,4312,'Старбеево');
INSERT INTO `city` VALUES (4446,3159,4312,'Ступино');
INSERT INTO `city` VALUES (4447,3159,4312,'Сходня');
INSERT INTO `city` VALUES (4448,3159,4312,'Талдом');
INSERT INTO `city` VALUES (4449,3159,4312,'Текстильщик');
INSERT INTO `city` VALUES (4450,3159,4312,'Темпы');
INSERT INTO `city` VALUES (4451,3159,4312,'Тишково');
INSERT INTO `city` VALUES (4452,3159,4312,'Томилино');
INSERT INTO `city` VALUES (4453,3159,4312,'Троицк');
INSERT INTO `city` VALUES (4454,3159,4312,'Туголесский Бор');
INSERT INTO `city` VALUES (4455,3159,4312,'Тучково');
INSERT INTO `city` VALUES (4456,3159,4312,'Уваровка');
INSERT INTO `city` VALUES (4457,3159,4312,'Удельная');
INSERT INTO `city` VALUES (4458,3159,4312,'Успенское');
INSERT INTO `city` VALUES (4459,3159,4312,'Фирсановка');
INSERT INTO `city` VALUES (4460,3159,4312,'Фосфоритный');
INSERT INTO `city` VALUES (4461,3159,4312,'Фрязино');
INSERT INTO `city` VALUES (4462,3159,4312,'Фряново');
INSERT INTO `city` VALUES (4463,3159,4312,'Химки');
INSERT INTO `city` VALUES (4464,3159,4312,'Хорлово');
INSERT INTO `city` VALUES (4465,3159,4312,'Хотьково');
INSERT INTO `city` VALUES (4466,3159,4312,'Черкизово');
INSERT INTO `city` VALUES (4467,3159,4312,'Черноголовка');
INSERT INTO `city` VALUES (4468,3159,4312,'Черусти');
INSERT INTO `city` VALUES (4469,3159,4312,'Чехов');
INSERT INTO `city` VALUES (4470,3159,4312,'Шарапово');
INSERT INTO `city` VALUES (4471,3159,4312,'Шатура');
INSERT INTO `city` VALUES (4472,3159,4312,'Шатурторф');
INSERT INTO `city` VALUES (4473,3159,4312,'Шаховская');
INSERT INTO `city` VALUES (4474,3159,4312,'Шереметьевский');
INSERT INTO `city` VALUES (4475,3159,4312,'Щелково');
INSERT INTO `city` VALUES (4476,3159,4312,'Щербинка');
INSERT INTO `city` VALUES (4477,3159,4312,'Электрогорск');
INSERT INTO `city` VALUES (4478,3159,4312,'Электросталь');
INSERT INTO `city` VALUES (4479,3159,4312,'Электроугли');
INSERT INTO `city` VALUES (4480,3159,4312,'Яхрома');
INSERT INTO `city` VALUES (4482,3159,4481,'Апатиты');
INSERT INTO `city` VALUES (4483,3159,4481,'Африканда');
INSERT INTO `city` VALUES (4484,3159,4481,'Верхнетуломский');
INSERT INTO `city` VALUES (4485,3159,4481,'Заполярный');
INSERT INTO `city` VALUES (4486,3159,4481,'Зареченск');
INSERT INTO `city` VALUES (4487,3159,4481,'Зашеек');
INSERT INTO `city` VALUES (4488,3159,4481,'Зеленоборский');
INSERT INTO `city` VALUES (4489,3159,4481,'Кандалакша');
INSERT INTO `city` VALUES (4490,3159,4481,'Кильдинстрой');
INSERT INTO `city` VALUES (4491,3159,4481,'Кировск');
INSERT INTO `city` VALUES (4492,3159,4481,'Ковдор');
INSERT INTO `city` VALUES (4493,3159,4481,'Кола');
INSERT INTO `city` VALUES (4494,3159,4481,'Конда');
INSERT INTO `city` VALUES (4495,3159,4481,'Мончегорск');
INSERT INTO `city` VALUES (4496,3159,4481,'Мурманск');
INSERT INTO `city` VALUES (4497,3159,4481,'Мурмаши');
INSERT INTO `city` VALUES (4498,3159,4481,'Никель');
INSERT INTO `city` VALUES (4499,3159,4481,'Оленегорск');
INSERT INTO `city` VALUES (4500,3159,4481,'Полярный');
INSERT INTO `city` VALUES (4501,3159,4481,'Североморск');
INSERT INTO `city` VALUES (4502,3159,4481,'Умба');
INSERT INTO `city` VALUES (4504,3159,4503,'Анциферово');
INSERT INTO `city` VALUES (4505,3159,4503,'Батецкий');
INSERT INTO `city` VALUES (4506,3159,4503,'Большая Вишера');
INSERT INTO `city` VALUES (4507,3159,4503,'Боровичи');
INSERT INTO `city` VALUES (4508,3159,4503,'Валдай');
INSERT INTO `city` VALUES (4509,3159,4503,'Волот');
INSERT INTO `city` VALUES (4510,3159,4503,'Деманск');
INSERT INTO `city` VALUES (4511,3159,4503,'Зарубино');
INSERT INTO `city` VALUES (4512,3159,4503,'Кресцы');
INSERT INTO `city` VALUES (4513,3159,4503,'Любытино');
INSERT INTO `city` VALUES (4514,3159,4503,'Малая Вишера');
INSERT INTO `city` VALUES (4515,3159,4503,'Марево');
INSERT INTO `city` VALUES (4516,3159,4503,'Мошенское');
INSERT INTO `city` VALUES (4517,3159,4503,'Новгород');
INSERT INTO `city` VALUES (4518,3159,4503,'Окуловка');
INSERT INTO `city` VALUES (4519,3159,4503,'Парфино');
INSERT INTO `city` VALUES (4520,3159,4503,'Пестово');
INSERT INTO `city` VALUES (4521,3159,4503,'Поддорье');
INSERT INTO `city` VALUES (4522,3159,4503,'Сольцы');
INSERT INTO `city` VALUES (4523,3159,4503,'Старая Русса');
INSERT INTO `city` VALUES (4524,3159,4503,'Хвойное');
INSERT INTO `city` VALUES (4525,3159,4503,'Холм');
INSERT INTO `city` VALUES (4526,3159,4503,'Чудово');
INSERT INTO `city` VALUES (4527,3159,4503,'Шимск');
INSERT INTO `city` VALUES (4529,3159,4528,'Баган');
INSERT INTO `city` VALUES (4530,3159,4528,'Барабинск');
INSERT INTO `city` VALUES (4531,3159,4528,'Бердск');
INSERT INTO `city` VALUES (4532,3159,4528,'Биаза');
INSERT INTO `city` VALUES (4533,3159,4528,'Болотное');
INSERT INTO `city` VALUES (4534,3159,4528,'Венгерово');
INSERT INTO `city` VALUES (4535,3159,4528,'Довольное');
INSERT INTO `city` VALUES (4536,3159,4528,'Завьялово');
INSERT INTO `city` VALUES (4537,3159,4528,'Искитим');
INSERT INTO `city` VALUES (4538,3159,4528,'Карасук');
INSERT INTO `city` VALUES (4539,3159,4528,'Каргат');
INSERT INTO `city` VALUES (4540,3159,4528,'Колывань');
INSERT INTO `city` VALUES (4541,3159,4528,'Краснозерское');
INSERT INTO `city` VALUES (4542,3159,4528,'Крутиха');
INSERT INTO `city` VALUES (4543,3159,4528,'Куйбышев');
INSERT INTO `city` VALUES (4544,3159,4528,'Купино');
INSERT INTO `city` VALUES (4545,3159,4528,'Кыштовка');
INSERT INTO `city` VALUES (4546,3159,4528,'Маслянино');
INSERT INTO `city` VALUES (4547,3159,4528,'Михайловский');
INSERT INTO `city` VALUES (4548,3159,4528,'Мошково');
INSERT INTO `city` VALUES (4549,3159,4528,'Новосибирск');
INSERT INTO `city` VALUES (4550,3159,4528,'Ордынское');
INSERT INTO `city` VALUES (4551,3159,4528,'Северное');
INSERT INTO `city` VALUES (4552,3159,4528,'Сузун');
INSERT INTO `city` VALUES (4553,3159,4528,'Татарск');
INSERT INTO `city` VALUES (4554,3159,4528,'Тогучин');
INSERT INTO `city` VALUES (4555,3159,4528,'Убинское');
INSERT INTO `city` VALUES (4556,3159,4528,'Усть-Тарка');
INSERT INTO `city` VALUES (4557,3159,4528,'Чаны');
INSERT INTO `city` VALUES (4558,3159,4528,'Черепаново');
INSERT INTO `city` VALUES (4559,3159,4528,'Чистоозерное');
INSERT INTO `city` VALUES (4560,3159,4528,'Чулым');
INSERT INTO `city` VALUES (4562,3159,4561,'Береговой');
INSERT INTO `city` VALUES (4563,3159,4561,'Большеречье');
INSERT INTO `city` VALUES (4564,3159,4561,'Большие Уки');
INSERT INTO `city` VALUES (4565,3159,4561,'Горьковское');
INSERT INTO `city` VALUES (4566,3159,4561,'Знаменское');
INSERT INTO `city` VALUES (4567,3159,4561,'Исилькуль');
INSERT INTO `city` VALUES (4568,3159,4561,'Калачинск');
INSERT INTO `city` VALUES (4569,3159,4561,'Колосовка');
INSERT INTO `city` VALUES (4570,3159,4561,'Кормиловка');
INSERT INTO `city` VALUES (4571,3159,4561,'Крутинка');
INSERT INTO `city` VALUES (4572,3159,4561,'Любинский');
INSERT INTO `city` VALUES (4573,3159,4561,'Марьяновка');
INSERT INTO `city` VALUES (4574,3159,4561,'Муромцево');
INSERT INTO `city` VALUES (4575,3159,4561,'Называевск');
INSERT INTO `city` VALUES (4576,3159,4561,'Нижняя Омка');
INSERT INTO `city` VALUES (4577,3159,4561,'Нововаршавка');
INSERT INTO `city` VALUES (4578,3159,4561,'Одесское');
INSERT INTO `city` VALUES (4579,3159,4561,'Оконешниково');
INSERT INTO `city` VALUES (4580,3159,4561,'Омск');
INSERT INTO `city` VALUES (4581,3159,4561,'Павлоградка');
INSERT INTO `city` VALUES (4582,3159,4561,'Полтавка');
INSERT INTO `city` VALUES (4583,3159,4561,'Русская Поляна');
INSERT INTO `city` VALUES (4584,3159,4561,'Саргатское');
INSERT INTO `city` VALUES (4585,3159,4561,'Седельниково');
INSERT INTO `city` VALUES (4586,3159,4561,'Таврическое');
INSERT INTO `city` VALUES (4587,3159,4561,'Тара');
INSERT INTO `city` VALUES (4588,3159,4561,'Тевриз');
INSERT INTO `city` VALUES (4589,3159,4561,'Тюкалинск');
INSERT INTO `city` VALUES (4590,3159,4561,'Усть-Ишим');
INSERT INTO `city` VALUES (4591,3159,4561,'Черлак');
INSERT INTO `city` VALUES (4592,3159,4561,'Шербакуль');
INSERT INTO `city` VALUES (4594,3159,4593,'Абдулино');
INSERT INTO `city` VALUES (4595,3159,4593,'Адамовка');
INSERT INTO `city` VALUES (4596,3159,4593,'Айдырлинский');
INSERT INTO `city` VALUES (4597,3159,4593,'Акбулак');
INSERT INTO `city` VALUES (4598,3159,4593,'Аккермановка');
INSERT INTO `city` VALUES (4599,3159,4593,'Асекеево');
INSERT INTO `city` VALUES (4600,3159,4593,'Беляевка');
INSERT INTO `city` VALUES (4601,3159,4593,'Бугуруслан');
INSERT INTO `city` VALUES (4602,3159,4593,'Бузулук');
INSERT INTO `city` VALUES (4603,3159,4593,'Гай');
INSERT INTO `city` VALUES (4604,3159,4593,'Грачевка');
INSERT INTO `city` VALUES (4605,3159,4593,'Домбаровский');
INSERT INTO `city` VALUES (4606,3159,4593,'Дубенский');
INSERT INTO `city` VALUES (4607,3159,4593,'Илек');
INSERT INTO `city` VALUES (4608,3159,4593,'Ириклинский');
INSERT INTO `city` VALUES (4609,3159,4593,'Кувандык');
INSERT INTO `city` VALUES (4610,3159,4593,'Курманаевка');
INSERT INTO `city` VALUES (4611,3159,4593,'Матвеевка');
INSERT INTO `city` VALUES (4612,3159,4593,'Медногорск');
INSERT INTO `city` VALUES (4613,3159,4593,'Новоорск');
INSERT INTO `city` VALUES (4614,3159,4593,'Новосергиевка');
INSERT INTO `city` VALUES (4615,3159,4593,'Новотроицк');
INSERT INTO `city` VALUES (4616,3159,4593,'Октябрьское');
INSERT INTO `city` VALUES (4617,3159,4593,'Оренбург');
INSERT INTO `city` VALUES (4618,3159,4593,'Орск');
INSERT INTO `city` VALUES (4619,3159,4593,'Первомайский');
INSERT INTO `city` VALUES (4620,3159,4593,'Переволоцкий');
INSERT INTO `city` VALUES (4621,3159,4593,'Пономаревка');
INSERT INTO `city` VALUES (4622,3159,4593,'Саракташ');
INSERT INTO `city` VALUES (4623,3159,4593,'Светлый');
INSERT INTO `city` VALUES (4624,3159,4593,'Северное');
INSERT INTO `city` VALUES (4625,3159,4593,'Соль-Илецк');
INSERT INTO `city` VALUES (4626,3159,4593,'Сорочинск');
INSERT INTO `city` VALUES (4627,3159,4593,'Ташла');
INSERT INTO `city` VALUES (4628,3159,4593,'Тоцкое');
INSERT INTO `city` VALUES (4629,3159,4593,'Тюльган');
INSERT INTO `city` VALUES (4630,3159,4593,'Шарлык');
INSERT INTO `city` VALUES (4631,3159,4593,'Энергетик');
INSERT INTO `city` VALUES (4632,3159,4593,'Ясный');
INSERT INTO `city` VALUES (4634,3159,4633,'Болхов');
INSERT INTO `city` VALUES (4635,3159,4633,'Верховье');
INSERT INTO `city` VALUES (4636,3159,4633,'Глазуновка');
INSERT INTO `city` VALUES (4637,3159,4633,'Дмитровск-Орловский');
INSERT INTO `city` VALUES (4638,3159,4633,'Долгое');
INSERT INTO `city` VALUES (4639,3159,4633,'Залегощь');
INSERT INTO `city` VALUES (4640,3159,4633,'Змиевка');
INSERT INTO `city` VALUES (4641,3159,4633,'Знаменское');
INSERT INTO `city` VALUES (4642,3159,4633,'Колпны');
INSERT INTO `city` VALUES (4643,3159,4633,'Красная Заря');
INSERT INTO `city` VALUES (4644,3159,4633,'Кромы');
INSERT INTO `city` VALUES (4645,3159,4633,'Ливны');
INSERT INTO `city` VALUES (4646,3159,4633,'Малоархангельск');
INSERT INTO `city` VALUES (4647,3159,4633,'Мценск');
INSERT INTO `city` VALUES (4648,3159,4633,'Нарышкино');
INSERT INTO `city` VALUES (4649,3159,4633,'Новосиль');
INSERT INTO `city` VALUES (4650,3159,4633,'Орел');
INSERT INTO `city` VALUES (4651,3159,4633,'Покровское');
INSERT INTO `city` VALUES (4652,3159,4633,'Сосково');
INSERT INTO `city` VALUES (4653,3159,4633,'Тросна');
INSERT INTO `city` VALUES (4654,3159,4633,'Хомутово');
INSERT INTO `city` VALUES (4655,3159,4633,'Хотынец');
INSERT INTO `city` VALUES (4656,3159,4633,'Шаблыкино');
INSERT INTO `city` VALUES (4658,3159,4657,'Башмаково');
INSERT INTO `city` VALUES (4659,3159,4657,'Беднодемьяновск');
INSERT INTO `city` VALUES (4660,3159,4657,'Беково');
INSERT INTO `city` VALUES (4661,3159,4657,'Белинский');
INSERT INTO `city` VALUES (4662,3159,4657,'Бессоновка');
INSERT INTO `city` VALUES (4663,3159,4657,'Вадинск');
INSERT INTO `city` VALUES (4664,3159,4657,'Верхозим');
INSERT INTO `city` VALUES (4665,3159,4657,'Городище');
INSERT INTO `city` VALUES (4666,3159,4657,'Евлашево');
INSERT INTO `city` VALUES (4667,3159,4657,'Земетчино');
INSERT INTO `city` VALUES (4668,3159,4657,'Золотаревка');
INSERT INTO `city` VALUES (4669,3159,4657,'Исса');
INSERT INTO `city` VALUES (4670,3159,4657,'Каменка');
INSERT INTO `city` VALUES (4671,3159,4657,'Колышлей');
INSERT INTO `city` VALUES (4672,3159,4657,'Кондоль');
INSERT INTO `city` VALUES (4673,3159,4657,'Кузнецк');
INSERT INTO `city` VALUES (4674,3159,4657,'Лопатино');
INSERT INTO `city` VALUES (4675,3159,4657,'Малая Сердоба');
INSERT INTO `city` VALUES (4676,3159,4657,'Мокшан');
INSERT INTO `city` VALUES (4677,3159,4657,'Наровчат');
INSERT INTO `city` VALUES (4678,3159,4657,'Неверкино');
INSERT INTO `city` VALUES (4679,3159,4657,'Нижний Ломов');
INSERT INTO `city` VALUES (4680,3159,4657,'Никольск');
INSERT INTO `city` VALUES (4681,3159,4657,'Пачелма');
INSERT INTO `city` VALUES (4682,3159,4657,'Пенза');
INSERT INTO `city` VALUES (4683,3159,4657,'Русский Камешкир');
INSERT INTO `city` VALUES (4684,3159,4657,'Сердобск');
INSERT INTO `city` VALUES (4685,3159,4657,'Сосновоборск');
INSERT INTO `city` VALUES (4686,3159,4657,'Сура');
INSERT INTO `city` VALUES (4687,3159,4657,'Тамала');
INSERT INTO `city` VALUES (4688,3159,4657,'Шемышейка');
INSERT INTO `city` VALUES (4690,3159,4689,'Барда');
INSERT INTO `city` VALUES (4691,3159,4689,'Березники');
INSERT INTO `city` VALUES (4692,3159,4689,'Большая Соснова');
INSERT INTO `city` VALUES (4693,3159,4689,'Верещагино');
INSERT INTO `city` VALUES (4694,3159,4689,'Гайны');
INSERT INTO `city` VALUES (4695,3159,4689,'Горнозаводск');
INSERT INTO `city` VALUES (4696,3159,4689,'Гремячинск');
INSERT INTO `city` VALUES (4697,3159,4689,'Губаха');
INSERT INTO `city` VALUES (4698,3159,4689,'Добрянка');
INSERT INTO `city` VALUES (4699,3159,4689,'Елово');
INSERT INTO `city` VALUES (4700,3159,4689,'Зюкайка');
INSERT INTO `city` VALUES (4701,3159,4689,'Ильинский');
INSERT INTO `city` VALUES (4702,3159,4689,'Карагай');
INSERT INTO `city` VALUES (4703,3159,4689,'Керчевский');
INSERT INTO `city` VALUES (4704,3159,4689,'Кизел');
INSERT INTO `city` VALUES (4705,3159,4689,'Коса');
INSERT INTO `city` VALUES (4706,3159,4689,'Кочево');
INSERT INTO `city` VALUES (4707,3159,4689,'Красновишерск');
INSERT INTO `city` VALUES (4708,3159,4689,'Краснокамск');
INSERT INTO `city` VALUES (4709,3159,4689,'Кудымкар');
INSERT INTO `city` VALUES (4710,3159,4689,'Куеда');
INSERT INTO `city` VALUES (4711,3159,4689,'Кунгур');
INSERT INTO `city` VALUES (4712,3159,4689,'Лысьва');
INSERT INTO `city` VALUES (4713,3159,4689,'Ныроб');
INSERT INTO `city` VALUES (4714,3159,4689,'Нытва');
INSERT INTO `city` VALUES (4715,3159,4689,'Октябрьский');
INSERT INTO `city` VALUES (4716,3159,4689,'Орда');
INSERT INTO `city` VALUES (4717,3159,4689,'Оса');
INSERT INTO `city` VALUES (4718,3159,4689,'Оханск');
INSERT INTO `city` VALUES (4719,3159,4689,'Очер');
INSERT INTO `city` VALUES (4720,3159,4689,'Пермь');
INSERT INTO `city` VALUES (4721,3159,4689,'Соликамск');
INSERT INTO `city` VALUES (4722,3159,4689,'Суксун');
INSERT INTO `city` VALUES (4723,3159,4689,'Уинское');
INSERT INTO `city` VALUES (4724,3159,4689,'Усолье');
INSERT INTO `city` VALUES (4725,3159,4689,'Усть-Кишерть');
INSERT INTO `city` VALUES (4726,3159,4689,'Чайковский');
INSERT INTO `city` VALUES (4727,3159,4689,'Частые');
INSERT INTO `city` VALUES (4728,3159,4689,'Чердынь');
INSERT INTO `city` VALUES (4729,3159,4689,'Чернореченский');
INSERT INTO `city` VALUES (4730,3159,4689,'Чернушка');
INSERT INTO `city` VALUES (4731,3159,4689,'Чусовой');
INSERT INTO `city` VALUES (4732,3159,4689,'Юрла');
INSERT INTO `city` VALUES (4733,3159,4689,'Юсьва');
INSERT INTO `city` VALUES (4735,3159,4734,'Анучино');
INSERT INTO `city` VALUES (4736,3159,4734,'Арсеньев');
INSERT INTO `city` VALUES (4737,3159,4734,'Артем');
INSERT INTO `city` VALUES (4738,3159,4734,'Артемовский');
INSERT INTO `city` VALUES (4739,3159,4734,'Большой Камень');
INSERT INTO `city` VALUES (4740,3159,4734,'Валентин');
INSERT INTO `city` VALUES (4741,3159,4734,'Владивосток');
INSERT INTO `city` VALUES (4742,3159,4734,'Высокогорск');
INSERT INTO `city` VALUES (4743,3159,4734,'Горные Ключи');
INSERT INTO `city` VALUES (4744,3159,4734,'Горный');
INSERT INTO `city` VALUES (4745,3159,4734,'Дальнегорск');
INSERT INTO `city` VALUES (4746,3159,4734,'Дальнереченск');
INSERT INTO `city` VALUES (4747,3159,4734,'Зарубино');
INSERT INTO `city` VALUES (4748,3159,4734,'Кавалерово');
INSERT INTO `city` VALUES (4749,3159,4734,'Каменка');
INSERT INTO `city` VALUES (4750,3159,4734,'Камень-Рыболов');
INSERT INTO `city` VALUES (4751,3159,4734,'Кировский');
INSERT INTO `city` VALUES (4752,3159,4734,'Лазо');
INSERT INTO `city` VALUES (4753,3159,4734,'Лесозаводск');
INSERT INTO `city` VALUES (4754,3159,4734,'Лучегорск');
INSERT INTO `city` VALUES (4755,3159,4734,'Михайловка');
INSERT INTO `city` VALUES (4756,3159,4734,'Находка');
INSERT INTO `city` VALUES (4757,3159,4734,'Новопокровка');
INSERT INTO `city` VALUES (4758,3159,4734,'Ольга');
INSERT INTO `city` VALUES (4759,3159,4734,'Партизанск');
INSERT INTO `city` VALUES (4760,3159,4734,'Пограничный');
INSERT INTO `city` VALUES (4761,3159,4734,'Покровка');
INSERT INTO `city` VALUES (4762,3159,4734,'Русский');
INSERT INTO `city` VALUES (4763,3159,4734,'Самарга');
INSERT INTO `city` VALUES (4764,3159,4734,'Славянка');
INSERT INTO `city` VALUES (4765,3159,4734,'Спасск-Дальний');
INSERT INTO `city` VALUES (4766,3159,4734,'Терней');
INSERT INTO `city` VALUES (4767,3159,4734,'Уссурийск');
INSERT INTO `city` VALUES (4768,3159,4734,'Хасан');
INSERT INTO `city` VALUES (4769,3159,4734,'Хороль');
INSERT INTO `city` VALUES (4770,3159,4734,'Черниговка');
INSERT INTO `city` VALUES (4771,3159,4734,'Чугуевка');
INSERT INTO `city` VALUES (4772,3159,4734,'Яковлевка');
INSERT INTO `city` VALUES (4774,3159,4773,'Бежаницы');
INSERT INTO `city` VALUES (4775,3159,4773,'Великие Луки');
INSERT INTO `city` VALUES (4776,3159,4773,'Гдов');
INSERT INTO `city` VALUES (4777,3159,4773,'Дедовичи');
INSERT INTO `city` VALUES (4778,3159,4773,'Дно');
INSERT INTO `city` VALUES (4779,3159,4773,'Заплюсье');
INSERT INTO `city` VALUES (4780,3159,4773,'Идрица');
INSERT INTO `city` VALUES (4781,3159,4773,'Красногородское');
INSERT INTO `city` VALUES (4782,3159,4773,'Кунья');
INSERT INTO `city` VALUES (4783,3159,4773,'Локня');
INSERT INTO `city` VALUES (4784,3159,4773,'Невель');
INSERT INTO `city` VALUES (4785,3159,4773,'Новоржев');
INSERT INTO `city` VALUES (4786,3159,4773,'Новосокольники');
INSERT INTO `city` VALUES (4787,3159,4773,'Опочка');
INSERT INTO `city` VALUES (4788,3159,4773,'Остров');
INSERT INTO `city` VALUES (4789,3159,4773,'Палкино');
INSERT INTO `city` VALUES (4790,3159,4773,'Печоры');
INSERT INTO `city` VALUES (4791,3159,4773,'Плюсса');
INSERT INTO `city` VALUES (4792,3159,4773,'Порхов');
INSERT INTO `city` VALUES (4793,3159,4773,'Псков');
INSERT INTO `city` VALUES (4794,3159,4773,'Пустошка');
INSERT INTO `city` VALUES (4795,3159,4773,'Пушкинские Горы');
INSERT INTO `city` VALUES (4796,3159,4773,'Пыталово');
INSERT INTO `city` VALUES (4797,3159,4773,'Себеж');
INSERT INTO `city` VALUES (4798,3159,4773,'Струги-Красные');
INSERT INTO `city` VALUES (4799,3159,4773,'Усвяты');
INSERT INTO `city` VALUES (4801,3159,4800,'Азов');
INSERT INTO `city` VALUES (4802,3159,4800,'Аксай');
INSERT INTO `city` VALUES (4803,3159,4800,'Алмазный');
INSERT INTO `city` VALUES (4804,3159,4800,'Аютинск');
INSERT INTO `city` VALUES (4805,3159,4800,'Багаевский');
INSERT INTO `city` VALUES (4806,3159,4800,'Батайск');
INSERT INTO `city` VALUES (4807,3159,4800,'Белая Калитва');
INSERT INTO `city` VALUES (4808,3159,4800,'Боковская');
INSERT INTO `city` VALUES (4809,3159,4800,'Большая Мартыновка');
INSERT INTO `city` VALUES (4810,3159,4800,'Вешенская');
INSERT INTO `city` VALUES (4811,3159,4800,'Волгодонск');
INSERT INTO `city` VALUES (4812,3159,4800,'Восход');
INSERT INTO `city` VALUES (4813,3159,4800,'Гигант');
INSERT INTO `city` VALUES (4814,3159,4800,'Горняцкий');
INSERT INTO `city` VALUES (4815,3159,4800,'Гуково');
INSERT INTO `city` VALUES (4816,3159,4800,'Донецк');
INSERT INTO `city` VALUES (4817,3159,4800,'Донской');
INSERT INTO `city` VALUES (4818,3159,4800,'Дубовское');
INSERT INTO `city` VALUES (4819,3159,4800,'Жирнов');
INSERT INTO `city` VALUES (4820,3159,4800,'Заветное');
INSERT INTO `city` VALUES (4821,3159,4800,'Заводской');
INSERT INTO `city` VALUES (4822,3159,4800,'Зверево');
INSERT INTO `city` VALUES (4823,3159,4800,'Зерноград');
INSERT INTO `city` VALUES (4824,3159,4800,'Зимовники');
INSERT INTO `city` VALUES (4825,3159,4800,'Кагальницкая');
INSERT INTO `city` VALUES (4826,3159,4800,'Казанская');
INSERT INTO `city` VALUES (4827,3159,4800,'Каменоломни');
INSERT INTO `city` VALUES (4828,3159,4800,'Каменск-Шахтинский');
INSERT INTO `city` VALUES (4829,3159,4800,'Кашары');
INSERT INTO `city` VALUES (4830,3159,4800,'Коксовый');
INSERT INTO `city` VALUES (4831,3159,4800,'Константиновск');
INSERT INTO `city` VALUES (4832,3159,4800,'Красный Сулин');
INSERT INTO `city` VALUES (4833,3159,4800,'Куйбышево');
INSERT INTO `city` VALUES (4834,3159,4800,'Матвеев Курган');
INSERT INTO `city` VALUES (4835,3159,4800,'Мигулинская');
INSERT INTO `city` VALUES (4836,3159,4800,'Миллерово');
INSERT INTO `city` VALUES (4837,3159,4800,'Милютинская');
INSERT INTO `city` VALUES (4838,3159,4800,'Морозовск');
INSERT INTO `city` VALUES (4839,3159,4800,'Новочеркасск');
INSERT INTO `city` VALUES (4840,3159,4800,'Новошахтинск');
INSERT INTO `city` VALUES (4841,3159,4800,'Обливская');
INSERT INTO `city` VALUES (4842,3159,4800,'Орловский');
INSERT INTO `city` VALUES (4843,3159,4800,'Песчанокопское');
INSERT INTO `city` VALUES (4844,3159,4800,'Покровское');
INSERT INTO `city` VALUES (4845,3159,4800,'Пролетарск');
INSERT INTO `city` VALUES (4846,3159,4800,'Ремонтное');
INSERT INTO `city` VALUES (4847,3159,4800,'Родионово-Несветайская');
INSERT INTO `city` VALUES (4848,3159,4800,'Ростов-на-Дону');
INSERT INTO `city` VALUES (4849,3159,4800,'Сальск');
INSERT INTO `city` VALUES (4850,3159,4800,'Семикаракорск');
INSERT INTO `city` VALUES (4851,3159,4800,'Таганрог');
INSERT INTO `city` VALUES (4852,3159,4800,'Тарасовский');
INSERT INTO `city` VALUES (4853,3159,4800,'Тацинский');
INSERT INTO `city` VALUES (4854,3159,4800,'Усть-Донецкий');
INSERT INTO `city` VALUES (4855,3159,4800,'Целина');
INSERT INTO `city` VALUES (4856,3159,4800,'Цимлянск');
INSERT INTO `city` VALUES (4857,3159,4800,'Чалтырь');
INSERT INTO `city` VALUES (4858,3159,4800,'Чертково');
INSERT INTO `city` VALUES (4859,3159,4800,'Шахты');
INSERT INTO `city` VALUES (4860,3159,4800,'Шолоховский');
INSERT INTO `city` VALUES (4862,3159,4861,'Александро-Невский');
INSERT INTO `city` VALUES (4863,3159,4861,'Горняк');
INSERT INTO `city` VALUES (4864,3159,4861,'Гусь Железный');
INSERT INTO `city` VALUES (4865,3159,4861,'Елатьма');
INSERT INTO `city` VALUES (4866,3159,4861,'Ермишь');
INSERT INTO `city` VALUES (4867,3159,4861,'Заречный');
INSERT INTO `city` VALUES (4868,3159,4861,'Захарово');
INSERT INTO `city` VALUES (4869,3159,4861,'Кадом');
INSERT INTO `city` VALUES (4870,3159,4861,'Касимов');
INSERT INTO `city` VALUES (4871,3159,4861,'Кораблино');
INSERT INTO `city` VALUES (4872,3159,4861,'Милославское');
INSERT INTO `city` VALUES (4873,3159,4861,'Михайлов');
INSERT INTO `city` VALUES (4874,3159,4861,'Пителино');
INSERT INTO `city` VALUES (4875,3159,4861,'Пронск');
INSERT INTO `city` VALUES (4876,3159,4861,'Путятино');
INSERT INTO `city` VALUES (4877,3159,4861,'Рыбное');
INSERT INTO `city` VALUES (4878,3159,4861,'Ряжск');
INSERT INTO `city` VALUES (4879,3159,4861,'Рязань');
INSERT INTO `city` VALUES (4880,3159,4861,'Сапожок');
INSERT INTO `city` VALUES (4881,3159,4861,'Сараи');
INSERT INTO `city` VALUES (4882,3159,4861,'Сасово');
INSERT INTO `city` VALUES (4883,3159,4861,'Скопин');
INSERT INTO `city` VALUES (4884,3159,4861,'Спас-Клепики');
INSERT INTO `city` VALUES (4885,3159,4861,'Спасск-Рязанский');
INSERT INTO `city` VALUES (4886,3159,4861,'Старожилово');
INSERT INTO `city` VALUES (4887,3159,4861,'Ухолово');
INSERT INTO `city` VALUES (4888,3159,4861,'Чучково');
INSERT INTO `city` VALUES (4889,3159,4861,'Шацк');
INSERT INTO `city` VALUES (4890,3159,4861,'Шилово');
INSERT INTO `city` VALUES (4892,3159,4891,'Алексеевка');
INSERT INTO `city` VALUES (4893,3159,4891,'Безенчук');
INSERT INTO `city` VALUES (4894,3159,4891,'Богатое');
INSERT INTO `city` VALUES (4895,3159,4891,'Богатырь');
INSERT INTO `city` VALUES (4896,3159,4891,'Большая Глущица');
INSERT INTO `city` VALUES (4897,3159,4891,'Большая Черниговка');
INSERT INTO `city` VALUES (4898,3159,4891,'Борское');
INSERT INTO `city` VALUES (4899,3159,4891,'Волжский');
INSERT INTO `city` VALUES (4900,3159,4891,'Жигулевск');
INSERT INTO `city` VALUES (4901,3159,4891,'Зольное');
INSERT INTO `city` VALUES (4902,3159,4891,'Исаклы');
INSERT INTO `city` VALUES (4903,3159,4891,'Камышла');
INSERT INTO `city` VALUES (4904,3159,4891,'Кинель');
INSERT INTO `city` VALUES (4905,3159,4891,'Кинель-Черкасы');
INSERT INTO `city` VALUES (4906,3159,4891,'Клявлино');
INSERT INTO `city` VALUES (4907,3159,4891,'Кошки');
INSERT INTO `city` VALUES (4908,3159,4891,'Красноармейское');
INSERT INTO `city` VALUES (4909,3159,4891,'Куйбышев');
INSERT INTO `city` VALUES (4910,3159,4891,'Нефтегорск');
INSERT INTO `city` VALUES (4911,3159,4891,'Новокуйбышевск');
INSERT INTO `city` VALUES (4912,3159,4891,'Октябрьск');
INSERT INTO `city` VALUES (4913,3159,4891,'Отрадный');
INSERT INTO `city` VALUES (4914,3159,4891,'Пестравка');
INSERT INTO `city` VALUES (4915,3159,4891,'Похвистнево');
INSERT INTO `city` VALUES (4916,3159,4891,'Приволжье');
INSERT INTO `city` VALUES (4917,3159,4891,'Самара');
INSERT INTO `city` VALUES (4918,3159,4891,'Сызрань');
INSERT INTO `city` VALUES (4919,3159,4891,'Тольятти');
INSERT INTO `city` VALUES (4920,3159,4891,'Хворостянка');
INSERT INTO `city` VALUES (4921,3159,4891,'Чапаевск');
INSERT INTO `city` VALUES (4922,3159,4891,'Челно-Вершины');
INSERT INTO `city` VALUES (4923,3159,4891,'Шентала');
INSERT INTO `city` VALUES (4924,3159,4891,'Шигоны');
INSERT INTO `city` VALUES (4926,3159,4925,'Александровская');
INSERT INTO `city` VALUES (4927,3159,4925,'Бокситогорск');
INSERT INTO `city` VALUES (4928,3159,4925,'Большая Ижора');
INSERT INTO `city` VALUES (4929,3159,4925,'Будогощь');
INSERT INTO `city` VALUES (4930,3159,4925,'Вознесенье');
INSERT INTO `city` VALUES (4931,3159,4925,'Волосово');
INSERT INTO `city` VALUES (4932,3159,4925,'Волхов');
INSERT INTO `city` VALUES (4933,3159,4925,'Всеволожск');
INSERT INTO `city` VALUES (4934,3159,4925,'Выборг');
INSERT INTO `city` VALUES (4935,3159,4925,'Вырица');
INSERT INTO `city` VALUES (4936,3159,4925,'Высоцк');
INSERT INTO `city` VALUES (4937,3159,4925,'Гатчина');
INSERT INTO `city` VALUES (4938,3159,4925,'Дружная Горка');
INSERT INTO `city` VALUES (4939,3159,4925,'Дубровка');
INSERT INTO `city` VALUES (4940,3159,4925,'Ефимовский');
INSERT INTO `city` VALUES (4941,3159,4925,'Зеленогорск');
INSERT INTO `city` VALUES (4942,3159,4925,'Ивангород');
INSERT INTO `city` VALUES (4943,3159,4925,'Каменногорск');
INSERT INTO `city` VALUES (4944,3159,4925,'Кикерино');
INSERT INTO `city` VALUES (4945,3159,4925,'Кингисепп');
INSERT INTO `city` VALUES (4946,3159,4925,'Кириши');
INSERT INTO `city` VALUES (4947,3159,4925,'Кировск');
INSERT INTO `city` VALUES (4948,3159,4925,'Кобринское');
INSERT INTO `city` VALUES (4949,3159,4925,'Колпино');
INSERT INTO `city` VALUES (4950,3159,4925,'Кронштадт');
INSERT INTO `city` VALUES (4952,3159,4925,'Лисий Нос');
INSERT INTO `city` VALUES (4953,3159,4925,'Лодейное Поле');
INSERT INTO `city` VALUES (4954,3159,4925,'Ломоносов');
INSERT INTO `city` VALUES (4955,3159,4925,'Луга');
INSERT INTO `city` VALUES (4956,3159,4925,'Павловск');
INSERT INTO `city` VALUES (4957,3159,4925,'Парголово');
INSERT INTO `city` VALUES (4958,3159,4925,'Петродворец');
INSERT INTO `city` VALUES (4959,3159,4925,'Подпорожье');
INSERT INTO `city` VALUES (4960,3159,4925,'Приозерск');
INSERT INTO `city` VALUES (4961,3159,4925,'Пушкин');
INSERT INTO `city` VALUES (4962,3159,4925,'Санкт-Петербург');
INSERT INTO `city` VALUES (4964,3159,4925,'Сестрорецк');
INSERT INTO `city` VALUES (4965,3159,4925,'Сланцы');
INSERT INTO `city` VALUES (4966,3159,4925,'Сосновый Бор');
INSERT INTO `city` VALUES (4967,3159,4925,'Тихвин');
INSERT INTO `city` VALUES (4968,3159,4925,'Тосно');
INSERT INTO `city` VALUES (4970,3159,4969,'Александров Гай');
INSERT INTO `city` VALUES (4971,3159,4969,'Аркадак');
INSERT INTO `city` VALUES (4972,3159,4969,'Аткарск');
INSERT INTO `city` VALUES (4973,3159,4969,'Базарный Карабулак');
INSERT INTO `city` VALUES (4974,3159,4969,'Балаково');
INSERT INTO `city` VALUES (4975,3159,4969,'Балашов');
INSERT INTO `city` VALUES (4976,3159,4969,'Балтай');
INSERT INTO `city` VALUES (4977,3159,4969,'Возрождение');
INSERT INTO `city` VALUES (4978,3159,4969,'Вольск');
INSERT INTO `city` VALUES (4979,3159,4969,'Воскресенское');
INSERT INTO `city` VALUES (4980,3159,4969,'Горный');
INSERT INTO `city` VALUES (4981,3159,4969,'Дергачи');
INSERT INTO `city` VALUES (4982,3159,4969,'Духовницкое');
INSERT INTO `city` VALUES (4983,3159,4969,'Екатериновка');
INSERT INTO `city` VALUES (4984,3159,4969,'Ершов');
INSERT INTO `city` VALUES (4985,3159,4969,'Заречный');
INSERT INTO `city` VALUES (4986,3159,4969,'Ивантеевка');
INSERT INTO `city` VALUES (4987,3159,4969,'Калининск');
INSERT INTO `city` VALUES (4988,3159,4969,'Каменский');
INSERT INTO `city` VALUES (4989,3159,4969,'Красноармейск');
INSERT INTO `city` VALUES (4990,3159,4969,'Красный Кут');
INSERT INTO `city` VALUES (4991,3159,4969,'Лысые Горы');
INSERT INTO `city` VALUES (4992,3159,4969,'Маркс');
INSERT INTO `city` VALUES (4993,3159,4969,'Мокроус');
INSERT INTO `city` VALUES (4994,3159,4969,'Новоузенск');
INSERT INTO `city` VALUES (4995,3159,4969,'Новые Бурасы');
INSERT INTO `city` VALUES (4996,3159,4969,'Озинки');
INSERT INTO `city` VALUES (4997,3159,4969,'Перелюб');
INSERT INTO `city` VALUES (4998,3159,4969,'Петровск');
INSERT INTO `city` VALUES (4999,3159,4969,'Питерка');
INSERT INTO `city` VALUES (5000,3159,4969,'Пугачев');
INSERT INTO `city` VALUES (5001,3159,4969,'Ровное');
INSERT INTO `city` VALUES (5002,3159,4969,'Романовка');
INSERT INTO `city` VALUES (5003,3159,4969,'Ртищево');
INSERT INTO `city` VALUES (5004,3159,4969,'Самойловка');
INSERT INTO `city` VALUES (5005,3159,4969,'Саратов');
INSERT INTO `city` VALUES (5006,3159,4969,'Степное');
INSERT INTO `city` VALUES (5007,3159,4969,'Татищево');
INSERT INTO `city` VALUES (5008,3159,4969,'Турки');
INSERT INTO `city` VALUES (5009,3159,4969,'Хвалынск');
INSERT INTO `city` VALUES (5010,3159,4969,'Энгельс');
INSERT INTO `city` VALUES (5012,3159,5011,'Абый');
INSERT INTO `city` VALUES (5013,3159,5011,'Алдан');
INSERT INTO `city` VALUES (5014,3159,5011,'Амга');
INSERT INTO `city` VALUES (5015,3159,5011,'Батагай');
INSERT INTO `city` VALUES (5016,3159,5011,'Бердигестях');
INSERT INTO `city` VALUES (5017,3159,5011,'Беркакит');
INSERT INTO `city` VALUES (5018,3159,5011,'Бестях');
INSERT INTO `city` VALUES (5019,3159,5011,'Борогонцы');
INSERT INTO `city` VALUES (5020,3159,5011,'Верхневилюйск');
INSERT INTO `city` VALUES (5021,3159,5011,'Верхнеколымск');
INSERT INTO `city` VALUES (5022,3159,5011,'Верхоянск');
INSERT INTO `city` VALUES (5023,3159,5011,'Вилюйск');
INSERT INTO `city` VALUES (5024,3159,5011,'Витим');
INSERT INTO `city` VALUES (5025,3159,5011,'Власово');
INSERT INTO `city` VALUES (5026,3159,5011,'Жиганск');
INSERT INTO `city` VALUES (5027,3159,5011,'Зырянка');
INSERT INTO `city` VALUES (5028,3159,5011,'Кангалассы');
INSERT INTO `city` VALUES (5029,3159,5011,'Канкунский');
INSERT INTO `city` VALUES (5030,3159,5011,'Ленск');
INSERT INTO `city` VALUES (5031,3159,5011,'Майя');
INSERT INTO `city` VALUES (5032,3159,5011,'Менкеря');
INSERT INTO `city` VALUES (5033,3159,5011,'Мирный');
INSERT INTO `city` VALUES (5034,3159,5011,'Нерюнгри');
INSERT INTO `city` VALUES (5035,3159,5011,'Нычалах');
INSERT INTO `city` VALUES (5036,3159,5011,'Нюрба');
INSERT INTO `city` VALUES (5037,3159,5011,'Олекминск');
INSERT INTO `city` VALUES (5038,3159,5011,'Покровск');
INSERT INTO `city` VALUES (5039,3159,5011,'Сангар');
INSERT INTO `city` VALUES (5040,3159,5011,'Саскылах');
INSERT INTO `city` VALUES (5041,3159,5011,'Среднеколымск');
INSERT INTO `city` VALUES (5042,3159,5011,'Сунтар');
INSERT INTO `city` VALUES (5043,3159,5011,'Тикси');
INSERT INTO `city` VALUES (5044,3159,5011,'Усть-Мая');
INSERT INTO `city` VALUES (5045,3159,5011,'Усть-Нера');
INSERT INTO `city` VALUES (5046,3159,5011,'Хандыга');
INSERT INTO `city` VALUES (5047,3159,5011,'Хонуу');
INSERT INTO `city` VALUES (5048,3159,5011,'Черский');
INSERT INTO `city` VALUES (5049,3159,5011,'Чокурдах');
INSERT INTO `city` VALUES (5050,3159,5011,'Чурапча');
INSERT INTO `city` VALUES (5051,3159,5011,'Якутск');
INSERT INTO `city` VALUES (5053,3159,5052,'Александровск-Сахалинский');
INSERT INTO `city` VALUES (5054,3159,5052,'Анбэцу');
INSERT INTO `city` VALUES (5055,3159,5052,'Анива');
INSERT INTO `city` VALUES (5056,3159,5052,'Бошняково');
INSERT INTO `city` VALUES (5057,3159,5052,'Быков');
INSERT INTO `city` VALUES (5058,3159,5052,'Вахрушев');
INSERT INTO `city` VALUES (5059,3159,5052,'Взморье');
INSERT INTO `city` VALUES (5060,3159,5052,'Гастелло');
INSERT INTO `city` VALUES (5061,3159,5052,'Горнозаводск');
INSERT INTO `city` VALUES (5062,3159,5052,'Долинск');
INSERT INTO `city` VALUES (5063,3159,5052,'Ильинский');
INSERT INTO `city` VALUES (5064,3159,5052,'Катангли');
INSERT INTO `city` VALUES (5065,3159,5052,'Корсаков');
INSERT INTO `city` VALUES (5066,3159,5052,'Курильск');
INSERT INTO `city` VALUES (5067,3159,5052,'Макаров');
INSERT INTO `city` VALUES (5068,3159,5052,'Невельск');
INSERT INTO `city` VALUES (5069,3159,5052,'Ноглики');
INSERT INTO `city` VALUES (5070,3159,5052,'Оха');
INSERT INTO `city` VALUES (5071,3159,5052,'Поронайск');
INSERT INTO `city` VALUES (5072,3159,5052,'Северо-Курильск');
INSERT INTO `city` VALUES (5073,3159,5052,'Смирных');
INSERT INTO `city` VALUES (5074,3159,5052,'Томари');
INSERT INTO `city` VALUES (5075,3159,5052,'Тымовское');
INSERT INTO `city` VALUES (5076,3159,5052,'Углегорск');
INSERT INTO `city` VALUES (5077,3159,5052,'Холмск');
INSERT INTO `city` VALUES (5078,3159,5052,'Шахтерск');
INSERT INTO `city` VALUES (5079,3159,5052,'Южно-Сахалинск');
INSERT INTO `city` VALUES (5081,3159,5080,'Алапаевск');
INSERT INTO `city` VALUES (5082,3159,5080,'Алтынай');
INSERT INTO `city` VALUES (5083,3159,5080,'Арамиль');
INSERT INTO `city` VALUES (5084,3159,5080,'Артемовский');
INSERT INTO `city` VALUES (5085,3159,5080,'Арти');
INSERT INTO `city` VALUES (5086,3159,5080,'Асбест');
INSERT INTO `city` VALUES (5087,3159,5080,'Ачит');
INSERT INTO `city` VALUES (5088,3159,5080,'Байкалово');
INSERT INTO `city` VALUES (5089,3159,5080,'Басьяновский');
INSERT INTO `city` VALUES (5090,3159,5080,'Белоярский');
INSERT INTO `city` VALUES (5091,3159,5080,'Березовский');
INSERT INTO `city` VALUES (5092,3159,5080,'Богданович');
INSERT INTO `city` VALUES (5093,3159,5080,'Буланаш');
INSERT INTO `city` VALUES (5094,3159,5080,'Верхний Тагил');
INSERT INTO `city` VALUES (5095,3159,5080,'Верхняя Пышма');
INSERT INTO `city` VALUES (5096,3159,5080,'Верхняя Салда');
INSERT INTO `city` VALUES (5097,3159,5080,'Верхняя Синячиха');
INSERT INTO `city` VALUES (5098,3159,5080,'Верхняя Сысерть');
INSERT INTO `city` VALUES (5099,3159,5080,'Верхняя Тура');
INSERT INTO `city` VALUES (5100,3159,5080,'Верхотурье');
INSERT INTO `city` VALUES (5101,3159,5080,'Висим');
INSERT INTO `city` VALUES (5102,3159,5080,'Волчанск');
INSERT INTO `city` VALUES (5103,3159,5080,'Воронцовка');
INSERT INTO `city` VALUES (5104,3159,5080,'Гари');
INSERT INTO `city` VALUES (5105,3159,5080,'Дегтярск');
INSERT INTO `city` VALUES (5106,3159,5080,'Екатеринбург');
INSERT INTO `city` VALUES (5107,3159,5080,'Ертарский');
INSERT INTO `city` VALUES (5108,3159,5080,'Заводоуспенское');
INSERT INTO `city` VALUES (5109,3159,5080,'Зыряновский');
INSERT INTO `city` VALUES (5110,3159,5080,'Зюзельский');
INSERT INTO `city` VALUES (5111,3159,5080,'Ивдель');
INSERT INTO `city` VALUES (5112,3159,5080,'Изумруд');
INSERT INTO `city` VALUES (5113,3159,5080,'Ирбит');
INSERT INTO `city` VALUES (5114,3159,5080,'Ис');
INSERT INTO `city` VALUES (5115,3159,5080,'Каменск-Уральский');
INSERT INTO `city` VALUES (5116,3159,5080,'Камышлов');
INSERT INTO `city` VALUES (5117,3159,5080,'Карпинск');
INSERT INTO `city` VALUES (5118,3159,5080,'Карпунинский');
INSERT INTO `city` VALUES (5119,3159,5080,'Качканар');
INSERT INTO `city` VALUES (5120,3159,5080,'Кировград');
INSERT INTO `city` VALUES (5121,3159,5080,'Краснотурьинск');
INSERT INTO `city` VALUES (5122,3159,5080,'Красноуральск');
INSERT INTO `city` VALUES (5123,3159,5080,'Красноуфимск');
INSERT INTO `city` VALUES (5124,3159,5080,'Кушва');
INSERT INTO `city` VALUES (5125,3159,5080,'Михайловск');
INSERT INTO `city` VALUES (5126,3159,5080,'Невьянск');
INSERT INTO `city` VALUES (5127,3159,5080,'Нижние Серги');
INSERT INTO `city` VALUES (5128,3159,5080,'Нижний Тагил');
INSERT INTO `city` VALUES (5129,3159,5080,'Нижняя Салда');
INSERT INTO `city` VALUES (5130,3159,5080,'Нижняя Тура');
INSERT INTO `city` VALUES (5131,3159,5080,'Новая Ляля');
INSERT INTO `city` VALUES (5132,3159,5080,'Оус');
INSERT INTO `city` VALUES (5133,3159,5080,'Первоуральск');
INSERT INTO `city` VALUES (5134,3159,5080,'Полевской');
INSERT INTO `city` VALUES (5135,3159,5080,'Пышма');
INSERT INTO `city` VALUES (5136,3159,5080,'Ревда');
INSERT INTO `city` VALUES (5137,3159,5080,'Реж');
INSERT INTO `city` VALUES (5138,3159,5080,'Свердловск');
INSERT INTO `city` VALUES (5139,3159,5080,'Североуральск');
INSERT INTO `city` VALUES (5140,3159,5080,'Серов');
INSERT INTO `city` VALUES (5141,3159,5080,'Сосьва');
INSERT INTO `city` VALUES (5142,3159,5080,'Среднеуральск');
INSERT INTO `city` VALUES (5143,3159,5080,'Сухой Лог');
INSERT INTO `city` VALUES (5144,3159,5080,'Сысерть');
INSERT INTO `city` VALUES (5145,3159,5080,'Таборы');
INSERT INTO `city` VALUES (5146,3159,5080,'Тавда');
INSERT INTO `city` VALUES (5147,3159,5080,'Талица');
INSERT INTO `city` VALUES (5148,3159,5080,'Тугулым');
INSERT INTO `city` VALUES (5149,3159,5080,'Туринск');
INSERT INTO `city` VALUES (5150,3159,5080,'Туринская Слобода');
INSERT INTO `city` VALUES (5152,3159,5151,'Алагир');
INSERT INTO `city` VALUES (5153,3159,5151,'Ардон');
INSERT INTO `city` VALUES (5154,3159,5151,'Беслан');
INSERT INTO `city` VALUES (5155,3159,5151,'Бурон');
INSERT INTO `city` VALUES (5156,3159,5151,'Владикавказ');
INSERT INTO `city` VALUES (5157,3159,5151,'Дигора');
INSERT INTO `city` VALUES (5158,3159,5151,'Моздок');
INSERT INTO `city` VALUES (5159,3159,5151,'Орджоникидзе');
INSERT INTO `city` VALUES (5160,3159,5151,'Чикола');
INSERT INTO `city` VALUES (5162,3159,5161,'Велиж');
INSERT INTO `city` VALUES (5163,3159,5161,'Верхнеднепровский');
INSERT INTO `city` VALUES (5164,3159,5161,'Ворга');
INSERT INTO `city` VALUES (5165,3159,5161,'Вязьма');
INSERT INTO `city` VALUES (5166,3159,5161,'Гагарин');
INSERT INTO `city` VALUES (5167,3159,5161,'Глинка');
INSERT INTO `city` VALUES (5168,3159,5161,'Голынки');
INSERT INTO `city` VALUES (5169,3159,5161,'Демидов');
INSERT INTO `city` VALUES (5170,3159,5161,'Дорогобуж');
INSERT INTO `city` VALUES (5171,3159,5161,'Духовщина');
INSERT INTO `city` VALUES (5172,3159,5161,'Екимовичи');
INSERT INTO `city` VALUES (5173,3159,5161,'Ельня');
INSERT INTO `city` VALUES (5174,3159,5161,'Ершичи');
INSERT INTO `city` VALUES (5175,3159,5161,'Издешково');
INSERT INTO `city` VALUES (5176,3159,5161,'Кардымово');
INSERT INTO `city` VALUES (5177,3159,5161,'Красный');
INSERT INTO `city` VALUES (5178,3159,5161,'Монастырщина');
INSERT INTO `city` VALUES (5179,3159,5161,'Новодугино');
INSERT INTO `city` VALUES (5180,3159,5161,'Починок');
INSERT INTO `city` VALUES (5181,3159,5161,'Рославль');
INSERT INTO `city` VALUES (5182,3159,5161,'Рудня');
INSERT INTO `city` VALUES (5183,3159,5161,'Сафоново');
INSERT INTO `city` VALUES (5184,3159,5161,'Смоленск');
INSERT INTO `city` VALUES (5185,3159,5161,'Сычевка');
INSERT INTO `city` VALUES (5186,3159,5161,'Угра');
INSERT INTO `city` VALUES (5187,3159,5161,'Хиславичи');
INSERT INTO `city` VALUES (5188,3159,5161,'Холм-Жирковский');
INSERT INTO `city` VALUES (5189,3159,5161,'Шумячи');
INSERT INTO `city` VALUES (5190,3159,5161,'Ярцево');
INSERT INTO `city` VALUES (5192,3159,5191,'Александровское');
INSERT INTO `city` VALUES (5193,3159,5191,'Арзгир');
INSERT INTO `city` VALUES (5194,3159,5191,'Благодарный');
INSERT INTO `city` VALUES (5195,3159,5191,'Буденновск');
INSERT INTO `city` VALUES (5196,3159,5191,'Георгиевск');
INSERT INTO `city` VALUES (5197,3159,5191,'Дивное');
INSERT INTO `city` VALUES (5198,3159,5191,'Домбай');
INSERT INTO `city` VALUES (5199,3159,5191,'Донское');
INSERT INTO `city` VALUES (5200,3159,5191,'Ессентуки');
INSERT INTO `city` VALUES (5201,3159,5191,'Иноземцево');
INSERT INTO `city` VALUES (5202,3159,5191,'Ипатово');
INSERT INTO `city` VALUES (5203,3159,5191,'Карачаевск');
INSERT INTO `city` VALUES (5204,3159,5191,'Кисловодск');
INSERT INTO `city` VALUES (5205,3159,5191,'Кочубеевское');
INSERT INTO `city` VALUES (5206,3159,5191,'Красногвардейское');
INSERT INTO `city` VALUES (5207,3159,5191,'Курсавка');
INSERT INTO `city` VALUES (5208,3159,5191,'Левокумское');
INSERT INTO `city` VALUES (5209,3159,5191,'Минеральные Воды');
INSERT INTO `city` VALUES (5210,3159,5191,'Невинномысск');
INSERT INTO `city` VALUES (5211,3159,5191,'Нефтекумск');
INSERT INTO `city` VALUES (5212,3159,5191,'Новоалександровск');
INSERT INTO `city` VALUES (5213,3159,5191,'Новоалександровская');
INSERT INTO `city` VALUES (5214,3159,5191,'Новопавловск');
INSERT INTO `city` VALUES (5215,3159,5191,'Новоселицкое');
INSERT INTO `city` VALUES (5216,3159,5191,'Преградная');
INSERT INTO `city` VALUES (5217,3159,5191,'Пятигорск');
INSERT INTO `city` VALUES (5218,3159,5191,'Светлоград');
INSERT INTO `city` VALUES (5219,3159,5191,'Ставрополь');
INSERT INTO `city` VALUES (5220,3159,5191,'Степное');
INSERT INTO `city` VALUES (5221,3159,5191,'Теберда');
INSERT INTO `city` VALUES (5222,3159,5191,'Усть-Джегута');
INSERT INTO `city` VALUES (5223,3159,5191,'Хабез');
INSERT INTO `city` VALUES (5224,3159,5191,'Черкесск');
INSERT INTO `city` VALUES (5226,3159,5225,'Бондари');
INSERT INTO `city` VALUES (5227,3159,5225,'Гавриловка Вторая');
INSERT INTO `city` VALUES (5228,3159,5225,'Жердевка');
INSERT INTO `city` VALUES (5229,3159,5225,'Знаменка');
INSERT INTO `city` VALUES (5230,3159,5225,'Инжавино');
INSERT INTO `city` VALUES (5231,3159,5225,'Кирсанов');
INSERT INTO `city` VALUES (5232,3159,5225,'Котовск');
INSERT INTO `city` VALUES (5233,3159,5225,'Мичуринск');
INSERT INTO `city` VALUES (5234,3159,5225,'Мордово');
INSERT INTO `city` VALUES (5235,3159,5225,'Моршанск');
INSERT INTO `city` VALUES (5236,3159,5225,'Мучкапский');
INSERT INTO `city` VALUES (5237,3159,5225,'Петровское');
INSERT INTO `city` VALUES (5238,3159,5225,'Пичаево');
INSERT INTO `city` VALUES (5239,3159,5225,'Рассказово');
INSERT INTO `city` VALUES (5240,3159,5225,'Ржакса');
INSERT INTO `city` VALUES (5241,3159,5225,'Староюрьево');
INSERT INTO `city` VALUES (5242,3159,5225,'Тамбов');
INSERT INTO `city` VALUES (5243,3159,5225,'Токаревка');
INSERT INTO `city` VALUES (5244,3159,5225,'Уварово');
INSERT INTO `city` VALUES (5245,3159,5225,'Умет');
INSERT INTO `city` VALUES (5247,3159,5246,'Агрыз');
INSERT INTO `city` VALUES (5248,3159,5246,'Азнакаево');
INSERT INTO `city` VALUES (5249,3159,5246,'Аксубаево');
INSERT INTO `city` VALUES (5250,3159,5246,'Актюбинский');
INSERT INTO `city` VALUES (5251,3159,5246,'Алексеевское');
INSERT INTO `city` VALUES (5252,3159,5246,'Альметьевск');
INSERT INTO `city` VALUES (5253,3159,5246,'Апастово');
INSERT INTO `city` VALUES (5254,3159,5246,'Арск');
INSERT INTO `city` VALUES (5255,3159,5246,'Бавлы');
INSERT INTO `city` VALUES (5256,3159,5246,'Базарные Матаки');
INSERT INTO `city` VALUES (5257,3159,5246,'Балтаси');
INSERT INTO `city` VALUES (5258,3159,5246,'Богатые Сабы');
INSERT INTO `city` VALUES (5259,3159,5246,'Брежнев');
INSERT INTO `city` VALUES (5260,3159,5246,'Бугульма');
INSERT INTO `city` VALUES (5261,3159,5246,'Буинск');
INSERT INTO `city` VALUES (5262,3159,5246,'Васильево');
INSERT INTO `city` VALUES (5263,3159,5246,'Верхний Услон');
INSERT INTO `city` VALUES (5264,3159,5246,'Высокая Гора');
INSERT INTO `city` VALUES (5265,3159,5246,'Дербешкинский');
INSERT INTO `city` VALUES (5266,3159,5246,'Елабуга');
INSERT INTO `city` VALUES (5267,3159,5246,'Заинск');
INSERT INTO `city` VALUES (5268,3159,5246,'Зеленодольск');
INSERT INTO `city` VALUES (5269,3159,5246,'Казань');
INSERT INTO `city` VALUES (5270,3159,5246,'Камское Устье');
INSERT INTO `city` VALUES (5271,3159,5246,'Карабаш');
INSERT INTO `city` VALUES (5272,3159,5246,'Куйбышев');
INSERT INTO `city` VALUES (5273,3159,5246,'Кукмод');
INSERT INTO `city` VALUES (5274,3159,5246,'Кукмор');
INSERT INTO `city` VALUES (5275,3159,5246,'Лаишево');
INSERT INTO `city` VALUES (5276,3159,5246,'Лениногорск');
INSERT INTO `city` VALUES (5277,3159,5246,'Мамадыш');
INSERT INTO `city` VALUES (5278,3159,5246,'Менделеевск');
INSERT INTO `city` VALUES (5279,3159,5246,'Мензелинск');
INSERT INTO `city` VALUES (5280,3159,5246,'Муслюмово');
INSERT INTO `city` VALUES (5281,3159,5246,'Набережные Челны');
INSERT INTO `city` VALUES (5282,3159,5246,'Нижнекамск');
INSERT INTO `city` VALUES (5283,3159,5246,'Новошешминск');
INSERT INTO `city` VALUES (5284,3159,5246,'Нурлат');
INSERT INTO `city` VALUES (5285,3159,5246,'Пестрецы');
INSERT INTO `city` VALUES (5286,3159,5246,'Рыбная Слобода');
INSERT INTO `city` VALUES (5287,3159,5246,'Сарманово');
INSERT INTO `city` VALUES (5288,3159,5246,'Старое Дрожжаное');
INSERT INTO `city` VALUES (5289,3159,5246,'Тетюши');
INSERT INTO `city` VALUES (5290,3159,5246,'Чистополь');
INSERT INTO `city` VALUES (5292,3159,5291,'Александровское');
INSERT INTO `city` VALUES (5293,3159,5291,'Асино');
INSERT INTO `city` VALUES (5294,3159,5291,'Бакчар');
INSERT INTO `city` VALUES (5295,3159,5291,'Батурино');
INSERT INTO `city` VALUES (5296,3159,5291,'Белый Яр');
INSERT INTO `city` VALUES (5297,3159,5291,'Зырянское');
INSERT INTO `city` VALUES (5298,3159,5291,'Итатка');
INSERT INTO `city` VALUES (5299,3159,5291,'Каргасок');
INSERT INTO `city` VALUES (5300,3159,5291,'Катайга');
INSERT INTO `city` VALUES (5301,3159,5291,'Кожевниково');
INSERT INTO `city` VALUES (5302,3159,5291,'Колпашево');
INSERT INTO `city` VALUES (5303,3159,5291,'Кривошеино');
INSERT INTO `city` VALUES (5304,3159,5291,'Мельниково');
INSERT INTO `city` VALUES (5305,3159,5291,'Молчаново');
INSERT INTO `city` VALUES (5306,3159,5291,'Парабель');
INSERT INTO `city` VALUES (5307,3159,5291,'Первомайское');
INSERT INTO `city` VALUES (5308,3159,5291,'Подгорное');
INSERT INTO `city` VALUES (5309,3159,5291,'Стрежевой');
INSERT INTO `city` VALUES (5310,3159,5291,'Томск');
INSERT INTO `city` VALUES (5311,3159,5291,'Тымск');
INSERT INTO `city` VALUES (5313,3159,5312,'Ак-Довурак');
INSERT INTO `city` VALUES (5314,3159,5312,'Бай Хаак');
INSERT INTO `city` VALUES (5315,3159,5312,'Кызыл');
INSERT INTO `city` VALUES (5316,3159,5312,'Самагалтай');
INSERT INTO `city` VALUES (5317,3159,5312,'Сарыг-Сеп');
INSERT INTO `city` VALUES (5318,3159,5312,'Суть-Холь');
INSERT INTO `city` VALUES (5319,3159,5312,'Тоора-Хем');
INSERT INTO `city` VALUES (5320,3159,5312,'Туран');
INSERT INTO `city` VALUES (5321,3159,5312,'Тээли');
INSERT INTO `city` VALUES (5322,3159,5312,'Хову-Аксы');
INSERT INTO `city` VALUES (5323,3159,5312,'Чадан');
INSERT INTO `city` VALUES (5324,3159,5312,'Шагонар');
INSERT INTO `city` VALUES (5325,3159,5312,'Эрзин');
INSERT INTO `city` VALUES (5327,3159,5326,'Агеево');
INSERT INTO `city` VALUES (5328,3159,5326,'Алексин');
INSERT INTO `city` VALUES (5329,3159,5326,'Арсеньево');
INSERT INTO `city` VALUES (5330,3159,5326,'Барсуки');
INSERT INTO `city` VALUES (5331,3159,5326,'Бегичевский');
INSERT INTO `city` VALUES (5332,3159,5326,'Богородицк');
INSERT INTO `city` VALUES (5333,3159,5326,'Болохово');
INSERT INTO `city` VALUES (5334,3159,5326,'Велегож');
INSERT INTO `city` VALUES (5335,3159,5326,'Венев');
INSERT INTO `city` VALUES (5336,3159,5326,'Волово');
INSERT INTO `city` VALUES (5337,3159,5326,'Горелки');
INSERT INTO `city` VALUES (5338,3159,5326,'Донской');
INSERT INTO `city` VALUES (5339,3159,5326,'Дубна');
INSERT INTO `city` VALUES (5340,3159,5326,'Епифань');
INSERT INTO `city` VALUES (5341,3159,5326,'Ефремов');
INSERT INTO `city` VALUES (5342,3159,5326,'Заокский');
INSERT INTO `city` VALUES (5343,3159,5326,'Казановка');
INSERT INTO `city` VALUES (5344,3159,5326,'Кимовск');
INSERT INTO `city` VALUES (5345,3159,5326,'Киреевск');
INSERT INTO `city` VALUES (5346,3159,5326,'Куркино');
INSERT INTO `city` VALUES (5347,3159,5326,'Ленинский');
INSERT INTO `city` VALUES (5348,3159,5326,'Новомосковск');
INSERT INTO `city` VALUES (5349,3159,5326,'Одоев');
INSERT INTO `city` VALUES (5350,3159,5326,'Плавск');
INSERT INTO `city` VALUES (5351,3159,5326,'Суворов');
INSERT INTO `city` VALUES (5352,3159,5326,'Тула');
INSERT INTO `city` VALUES (5353,3159,5326,'Узловая');
INSERT INTO `city` VALUES (5354,3159,5326,'Щекино');
INSERT INTO `city` VALUES (5355,3159,5326,'Ясногорск');
INSERT INTO `city` VALUES (5357,3159,5356,'Абатский');
INSERT INTO `city` VALUES (5358,3159,5356,'Аксарка');
INSERT INTO `city` VALUES (5359,3159,5356,'Армизонское');
INSERT INTO `city` VALUES (5360,3159,5356,'Аромашево');
INSERT INTO `city` VALUES (5361,3159,5356,'Бердюжье');
INSERT INTO `city` VALUES (5362,3159,5356,'Большое Сорокино');
INSERT INTO `city` VALUES (5363,3159,5356,'Вагай');
INSERT INTO `city` VALUES (5364,3159,5356,'Викулово');
INSERT INTO `city` VALUES (5365,3159,5356,'Винзили');
INSERT INTO `city` VALUES (5366,3159,5356,'Голышманово');
INSERT INTO `city` VALUES (5367,3159,5356,'Заводопетровский');
INSERT INTO `city` VALUES (5368,3159,5356,'Заводоуковск');
INSERT INTO `city` VALUES (5369,3159,5356,'Исетское');
INSERT INTO `city` VALUES (5370,3159,5356,'Ишим');
INSERT INTO `city` VALUES (5371,3159,5356,'Казанское');
INSERT INTO `city` VALUES (5372,3159,5356,'Казым-Мыс');
INSERT INTO `city` VALUES (5373,3159,5356,'Кондинское');
INSERT INTO `city` VALUES (5374,3159,5356,'Красноселькуп');
INSERT INTO `city` VALUES (5375,3159,5356,'Лабытнанги');
INSERT INTO `city` VALUES (5376,3159,5356,'Мужи');
INSERT INTO `city` VALUES (5377,3159,5356,'Надым');
INSERT INTO `city` VALUES (5378,3159,5356,'Находка');
INSERT INTO `city` VALUES (5379,3159,5356,'Нефтеюганск');
INSERT INTO `city` VALUES (5380,3159,5356,'Нижневартовск');
INSERT INTO `city` VALUES (5381,3159,5356,'Нижняя Тавда');
INSERT INTO `city` VALUES (5382,3159,5356,'Новый Уренгой');
INSERT INTO `city` VALUES (5383,3159,5356,'Ноябрьск');
INSERT INTO `city` VALUES (5384,3159,5356,'Нягань');
INSERT INTO `city` VALUES (5385,3159,5356,'Октябрьское');
INSERT INTO `city` VALUES (5386,3159,5356,'Омутинский');
INSERT INTO `city` VALUES (5387,3159,5356,'Радужный');
INSERT INTO `city` VALUES (5388,3159,5356,'Салехард');
INSERT INTO `city` VALUES (5389,3159,5356,'Сладково');
INSERT INTO `city` VALUES (5390,3159,5356,'Советский');
INSERT INTO `city` VALUES (5391,3159,5356,'Сургут');
INSERT INTO `city` VALUES (5392,3159,5356,'Тазовский');
INSERT INTO `city` VALUES (5393,3159,5356,'Тарко-Сале');
INSERT INTO `city` VALUES (5394,3159,5356,'Тобольск');
INSERT INTO `city` VALUES (5395,3159,5356,'Тюмень');
INSERT INTO `city` VALUES (5396,3159,5356,'Уват');
INSERT INTO `city` VALUES (5397,3159,5356,'Упорово');
INSERT INTO `city` VALUES (5398,3159,5356,'Урай');
INSERT INTO `city` VALUES (5399,3159,5356,'Ханты-Мансийск');
INSERT INTO `city` VALUES (5400,3159,5356,'Юрибей');
INSERT INTO `city` VALUES (5401,3159,5356,'Ялуторовск');
INSERT INTO `city` VALUES (5402,3159,5356,'Яр-Сале');
INSERT INTO `city` VALUES (5403,3159,5356,'Ярково');
INSERT INTO `city` VALUES (5405,3159,5404,'Алнаши');
INSERT INTO `city` VALUES (5406,3159,5404,'Балезино');
INSERT INTO `city` VALUES (5407,3159,5404,'Вавож');
INSERT INTO `city` VALUES (5408,3159,5404,'Воткинск');
INSERT INTO `city` VALUES (5409,3159,5404,'Глазов');
INSERT INTO `city` VALUES (5410,3159,5404,'Грахово');
INSERT INTO `city` VALUES (5411,3159,5404,'Дебесы');
INSERT INTO `city` VALUES (5412,3159,5404,'Завьялово');
INSERT INTO `city` VALUES (5413,3159,5404,'Игра');
INSERT INTO `city` VALUES (5414,3159,5404,'Ижевск');
INSERT INTO `city` VALUES (5415,3159,5404,'Кама');
INSERT INTO `city` VALUES (5416,3159,5404,'Камбарка');
INSERT INTO `city` VALUES (5417,3159,5404,'Каракулино');
INSERT INTO `city` VALUES (5418,3159,5404,'Кез');
INSERT INTO `city` VALUES (5419,3159,5404,'Кизнер');
INSERT INTO `city` VALUES (5420,3159,5404,'Киясово');
INSERT INTO `city` VALUES (5421,3159,5404,'Красногорское');
INSERT INTO `city` VALUES (5422,3159,5404,'Можга');
INSERT INTO `city` VALUES (5423,3159,5404,'Сарапул');
INSERT INTO `city` VALUES (5424,3159,5404,'Селты');
INSERT INTO `city` VALUES (5425,3159,5404,'Сюмси');
INSERT INTO `city` VALUES (5426,3159,5404,'Ува');
INSERT INTO `city` VALUES (5427,3159,5404,'Устинов');
INSERT INTO `city` VALUES (5428,3159,5404,'Шаркан');
INSERT INTO `city` VALUES (5429,3159,5404,'Юкаменское');
INSERT INTO `city` VALUES (5430,3159,5404,'Якшур-Бодья');
INSERT INTO `city` VALUES (5431,3159,5404,'Яр');
INSERT INTO `city` VALUES (5433,3159,5432,'Базарный Сызган');
INSERT INTO `city` VALUES (5434,3159,5432,'Барыш');
INSERT INTO `city` VALUES (5435,3159,5432,'Большое Нагаткино');
INSERT INTO `city` VALUES (5436,3159,5432,'Вешкайма');
INSERT INTO `city` VALUES (5437,3159,5432,'Глотовка');
INSERT INTO `city` VALUES (5438,3159,5432,'Димитровград');
INSERT INTO `city` VALUES (5439,3159,5432,'Игнатовка');
INSERT INTO `city` VALUES (5440,3159,5432,'Измайлово');
INSERT INTO `city` VALUES (5441,3159,5432,'Инза');
INSERT INTO `city` VALUES (5442,3159,5432,'Ишеевка');
INSERT INTO `city` VALUES (5443,3159,5432,'Канадей');
INSERT INTO `city` VALUES (5444,3159,5432,'Карсун');
INSERT INTO `city` VALUES (5445,3159,5432,'Кузоватово');
INSERT INTO `city` VALUES (5446,3159,5432,'Майна');
INSERT INTO `city` VALUES (5447,3159,5432,'Новая Малыкла');
INSERT INTO `city` VALUES (5448,3159,5432,'Новоспасское');
INSERT INTO `city` VALUES (5449,3159,5432,'Павловка');
INSERT INTO `city` VALUES (5450,3159,5432,'Радищево');
INSERT INTO `city` VALUES (5451,3159,5432,'Сенгилей');
INSERT INTO `city` VALUES (5452,3159,5432,'Старая Кулатка');
INSERT INTO `city` VALUES (5453,3159,5432,'Старая Майна');
INSERT INTO `city` VALUES (5454,3159,5432,'Сурское');
INSERT INTO `city` VALUES (5455,3159,5432,'Тереньга');
INSERT INTO `city` VALUES (5456,3159,5432,'Ульяновск');
INSERT INTO `city` VALUES (5457,3159,5432,'Чердаклы');
INSERT INTO `city` VALUES (5459,3159,5458,'Аксай');
INSERT INTO `city` VALUES (5460,3159,5458,'Дарьинское');
INSERT INTO `city` VALUES (5461,3159,5458,'Деркул');
INSERT INTO `city` VALUES (5462,3159,5458,'Джамбейты');
INSERT INTO `city` VALUES (5463,3159,5458,'Джаныбек');
INSERT INTO `city` VALUES (5464,3159,5458,'Казталовка');
INSERT INTO `city` VALUES (5465,3159,5458,'Калмыково');
INSERT INTO `city` VALUES (5466,3159,5458,'Каратобе');
INSERT INTO `city` VALUES (5467,3159,5458,'Переметное');
INSERT INTO `city` VALUES (5468,3159,5458,'Сайхин');
INSERT INTO `city` VALUES (5469,3159,5458,'Уральск');
INSERT INTO `city` VALUES (5470,3159,5458,'Федоровка');
INSERT INTO `city` VALUES (5471,3159,5458,'Фурманово');
INSERT INTO `city` VALUES (5472,3159,5458,'Чапаев');
INSERT INTO `city` VALUES (5474,3159,5473,'Амурск');
INSERT INTO `city` VALUES (5475,3159,5473,'Аян');
INSERT INTO `city` VALUES (5476,3159,5473,'Березовый');
INSERT INTO `city` VALUES (5477,3159,5473,'Бикин');
INSERT INTO `city` VALUES (5478,3159,5473,'Бира');
INSERT INTO `city` VALUES (5479,3159,5473,'Биракан');
INSERT INTO `city` VALUES (5480,3159,5473,'Богородское');
INSERT INTO `city` VALUES (5481,3159,5473,'Болонь');
INSERT INTO `city` VALUES (5482,3159,5473,'Ванино');
INSERT INTO `city` VALUES (5483,3159,5473,'Волочаевка Вторая');
INSERT INTO `city` VALUES (5484,3159,5473,'Высокогорный');
INSERT INTO `city` VALUES (5485,3159,5473,'Вяземский');
INSERT INTO `city` VALUES (5486,3159,5473,'Горный');
INSERT INTO `city` VALUES (5487,3159,5473,'Гурское');
INSERT INTO `city` VALUES (5488,3159,5473,'Дормидонтовка');
INSERT INTO `city` VALUES (5489,3159,5473,'Заветы Ильича');
INSERT INTO `city` VALUES (5490,3159,5473,'Известковый');
INSERT INTO `city` VALUES (5491,3159,5473,'Иннокентьевка');
INSERT INTO `city` VALUES (5492,3159,5473,'Комсомольск-на-Амуре');
INSERT INTO `city` VALUES (5493,3159,5473,'Ленинское');
INSERT INTO `city` VALUES (5494,3159,5473,'Нелькан');
INSERT INTO `city` VALUES (5495,3159,5473,'Николаевск-на-Амуре');
INSERT INTO `city` VALUES (5496,3159,5473,'Облучье');
INSERT INTO `city` VALUES (5497,3159,5473,'Охотск');
INSERT INTO `city` VALUES (5498,3159,5473,'Переяславка');
INSERT INTO `city` VALUES (5499,3159,5473,'Смидович');
INSERT INTO `city` VALUES (5500,3159,5473,'Советская Гавань');
INSERT INTO `city` VALUES (5501,3159,5473,'Софийск');
INSERT INTO `city` VALUES (5502,3159,5473,'Троицкое');
INSERT INTO `city` VALUES (5503,3159,5473,'Тугур');
INSERT INTO `city` VALUES (5504,3159,5473,'Хабаровск');
INSERT INTO `city` VALUES (5505,3159,5473,'Чегдомын');
INSERT INTO `city` VALUES (5506,3159,5473,'Чумикан');
INSERT INTO `city` VALUES (5508,3159,5507,'Агаповка');
INSERT INTO `city` VALUES (5509,3159,5507,'Аргаяш');
INSERT INTO `city` VALUES (5510,3159,5507,'Аша');
INSERT INTO `city` VALUES (5511,3159,5507,'Бакал');
INSERT INTO `city` VALUES (5512,3159,5507,'Бреды');
INSERT INTO `city` VALUES (5513,3159,5507,'Варна');
INSERT INTO `city` VALUES (5514,3159,5507,'Верхнеуральск');
INSERT INTO `city` VALUES (5515,3159,5507,'Верхний Уфалей');
INSERT INTO `city` VALUES (5516,3159,5507,'Еманжелинск');
INSERT INTO `city` VALUES (5517,3159,5507,'Златоуст');
INSERT INTO `city` VALUES (5518,3159,5507,'Карабаш');
INSERT INTO `city` VALUES (5519,3159,5507,'Карталы');
INSERT INTO `city` VALUES (5520,3159,5507,'Касли');
INSERT INTO `city` VALUES (5521,3159,5507,'Катав-Ивановск');
INSERT INTO `city` VALUES (5522,3159,5507,'Копейск');
INSERT INTO `city` VALUES (5523,3159,5507,'Коркино');
INSERT INTO `city` VALUES (5524,3159,5507,'Кунашак');
INSERT INTO `city` VALUES (5525,3159,5507,'Куса');
INSERT INTO `city` VALUES (5526,3159,5507,'Кыштым');
INSERT INTO `city` VALUES (5527,3159,5507,'Магнитогорск');
INSERT INTO `city` VALUES (5528,3159,5507,'Миасс');
INSERT INTO `city` VALUES (5529,3159,5507,'Октябрьское');
INSERT INTO `city` VALUES (5530,3159,5507,'Пласт');
INSERT INTO `city` VALUES (5531,3159,5507,'Сатка');
INSERT INTO `city` VALUES (5532,3159,5507,'Сим');
INSERT INTO `city` VALUES (5533,3159,5507,'Троицк');
INSERT INTO `city` VALUES (5534,3159,5507,'Увельский');
INSERT INTO `city` VALUES (5535,3159,5507,'Уйское');
INSERT INTO `city` VALUES (5536,3159,5507,'Усть-Катав');
INSERT INTO `city` VALUES (5537,3159,5507,'Фершампенуаз');
INSERT INTO `city` VALUES (5538,3159,5507,'Чебаркуль');
INSERT INTO `city` VALUES (5539,3159,5507,'Челябинск');
INSERT INTO `city` VALUES (5540,3159,5507,'Чесма');
INSERT INTO `city` VALUES (5541,3159,5507,'Южно-Уральск');
INSERT INTO `city` VALUES (5542,3159,5507,'Юрюзань');
INSERT INTO `city` VALUES (5544,3159,5543,'Аргун');
INSERT INTO `city` VALUES (5545,3159,5543,'Грозный');
INSERT INTO `city` VALUES (5546,3159,5543,'Гудермез');
INSERT INTO `city` VALUES (5547,3159,5543,'Малгобек');
INSERT INTO `city` VALUES (5548,3159,5543,'Назрань');
INSERT INTO `city` VALUES (5549,3159,5543,'Наурская');
INSERT INTO `city` VALUES (5550,3159,5543,'Ножай-Юрт');
INSERT INTO `city` VALUES (5551,3159,5543,'Орджоникидзевская');
INSERT INTO `city` VALUES (5552,3159,5543,'Советское');
INSERT INTO `city` VALUES (5553,3159,5543,'Урус-Мартан');
INSERT INTO `city` VALUES (5554,3159,5543,'Шали');
INSERT INTO `city` VALUES (5556,3159,5555,'Агинское');
INSERT INTO `city` VALUES (5557,3159,5555,'Аксеново-Зиловское');
INSERT INTO `city` VALUES (5558,3159,5555,'Акша');
INSERT INTO `city` VALUES (5559,3159,5555,'Александровский Завод');
INSERT INTO `city` VALUES (5560,3159,5555,'Амазар');
INSERT INTO `city` VALUES (5561,3159,5555,'Арбагар');
INSERT INTO `city` VALUES (5562,3159,5555,'Атамановка');
INSERT INTO `city` VALUES (5563,3159,5555,'Балей');
INSERT INTO `city` VALUES (5564,3159,5555,'Борзя');
INSERT INTO `city` VALUES (5565,3159,5555,'Букачача');
INSERT INTO `city` VALUES (5566,3159,5555,'Газимурский Завод');
INSERT INTO `city` VALUES (5567,3159,5555,'Давенда');
INSERT INTO `city` VALUES (5568,3159,5555,'Дарасун');
INSERT INTO `city` VALUES (5569,3159,5555,'Дровяная');
INSERT INTO `city` VALUES (5570,3159,5555,'Дульдурга');
INSERT INTO `city` VALUES (5571,3159,5555,'Жиндо');
INSERT INTO `city` VALUES (5572,3159,5555,'Забайкальск');
INSERT INTO `city` VALUES (5573,3159,5555,'Итака');
INSERT INTO `city` VALUES (5574,3159,5555,'Калга');
INSERT INTO `city` VALUES (5575,3159,5555,'Карымское');
INSERT INTO `city` VALUES (5576,3159,5555,'Кличка');
INSERT INTO `city` VALUES (5577,3159,5555,'Ключевский');
INSERT INTO `city` VALUES (5578,3159,5555,'Кокуй');
INSERT INTO `city` VALUES (5579,3159,5555,'Краснокаменск');
INSERT INTO `city` VALUES (5580,3159,5555,'Красный Чикой');
INSERT INTO `city` VALUES (5581,3159,5555,'Кыра');
INSERT INTO `city` VALUES (5582,3159,5555,'Моготуй');
INSERT INTO `city` VALUES (5583,3159,5555,'Могоча');
INSERT INTO `city` VALUES (5584,3159,5555,'Нерчинск');
INSERT INTO `city` VALUES (5585,3159,5555,'Нерчинский Завод');
INSERT INTO `city` VALUES (5586,3159,5555,'Нижний Часучей');
INSERT INTO `city` VALUES (5587,3159,5555,'Оловянная');
INSERT INTO `city` VALUES (5588,3159,5555,'Первомайский');
INSERT INTO `city` VALUES (5589,3159,5555,'Петровск-Забайкальский');
INSERT INTO `city` VALUES (5590,3159,5555,'Приаргунск');
INSERT INTO `city` VALUES (5591,3159,5555,'Сретенск');
INSERT INTO `city` VALUES (5592,3159,5555,'Тупик');
INSERT INTO `city` VALUES (5593,3159,5555,'Улеты');
INSERT INTO `city` VALUES (5594,3159,5555,'Хилок');
INSERT INTO `city` VALUES (5595,3159,5555,'Чара');
INSERT INTO `city` VALUES (5596,3159,5555,'Чернышевск');
INSERT INTO `city` VALUES (5597,3159,5555,'Чита');
INSERT INTO `city` VALUES (5598,3159,5555,'Шелопугино');
INSERT INTO `city` VALUES (5599,3159,5555,'Шилка');
INSERT INTO `city` VALUES (5601,3159,5600,'Алатырь');
INSERT INTO `city` VALUES (5602,3159,5600,'Аликово');
INSERT INTO `city` VALUES (5603,3159,5600,'Батырева');
INSERT INTO `city` VALUES (5604,3159,5600,'Буинск');
INSERT INTO `city` VALUES (5605,3159,5600,'Вурнары');
INSERT INTO `city` VALUES (5606,3159,5600,'Ибреси');
INSERT INTO `city` VALUES (5607,3159,5600,'Канаш');
INSERT INTO `city` VALUES (5608,3159,5600,'Киря');
INSERT INTO `city` VALUES (5609,3159,5600,'Комсомольское');
INSERT INTO `city` VALUES (5610,3159,5600,'Красноармейское');
INSERT INTO `city` VALUES (5611,3159,5600,'Красные Четаи');
INSERT INTO `city` VALUES (5612,3159,5600,'Кугеси');
INSERT INTO `city` VALUES (5613,3159,5600,'Мариинский Посад');
INSERT INTO `city` VALUES (5614,3159,5600,'Моргауши');
INSERT INTO `city` VALUES (5615,3159,5600,'Новочебоксарск');
INSERT INTO `city` VALUES (5616,3159,5600,'Порецкое');
INSERT INTO `city` VALUES (5617,3159,5600,'Урмары');
INSERT INTO `city` VALUES (5618,3159,5600,'Цивильск');
INSERT INTO `city` VALUES (5619,3159,5600,'Чебоксары');
INSERT INTO `city` VALUES (5620,3159,5600,'Шемурша');
INSERT INTO `city` VALUES (5621,3159,5600,'Шумерля');
INSERT INTO `city` VALUES (5622,3159,5600,'Ядрин');
INSERT INTO `city` VALUES (5623,3159,5600,'Яльчики');
INSERT INTO `city` VALUES (5624,3159,5600,'Янтиково');
INSERT INTO `city` VALUES (5626,3159,5625,'Андропов');
INSERT INTO `city` VALUES (5627,3159,5625,'Берендеево');
INSERT INTO `city` VALUES (5628,3159,5625,'Большое Село');
INSERT INTO `city` VALUES (5629,3159,5625,'Борисоглебский');
INSERT INTO `city` VALUES (5630,3159,5625,'Брейтово');
INSERT INTO `city` VALUES (5631,3159,5625,'Бурмакино');
INSERT INTO `city` VALUES (5632,3159,5625,'Варегово');
INSERT INTO `city` VALUES (5633,3159,5625,'Волга');
INSERT INTO `city` VALUES (5634,3159,5625,'Гаврилов Ям');
INSERT INTO `city` VALUES (5635,3159,5625,'Данилов');
INSERT INTO `city` VALUES (5636,3159,5625,'Любим');
INSERT INTO `city` VALUES (5637,3159,5625,'Мышкино');
INSERT INTO `city` VALUES (5638,3159,5625,'Некрасовское');
INSERT INTO `city` VALUES (5639,3159,5625,'Новый Некоуз');
INSERT INTO `city` VALUES (5640,3159,5625,'Переславль-Залесский');
INSERT INTO `city` VALUES (5641,3159,5625,'Пошехонье-Володарск');
INSERT INTO `city` VALUES (5642,3159,5625,'Ростов');
INSERT INTO `city` VALUES (5643,3159,5625,'Рыбинск');
INSERT INTO `city` VALUES (5644,3159,5625,'Тутаев');
INSERT INTO `city` VALUES (5645,3159,5625,'Углич');
INSERT INTO `city` VALUES (5646,3159,5625,'Ярославль');
INSERT INTO `city` VALUES (5647,3159,3563,'пос. Ждановский');
INSERT INTO `city` VALUES (5648,3159,3563,'Саров');
INSERT INTO `city` VALUES (5649,3159,4503,'Великий Новгород');
INSERT INTO `city` VALUES (5650,3159,3563,'пос. Луч');
/*!40000 ALTER TABLE `city` ENABLE KEYS */;
UNLOCK TABLES;

--
-- Table structure for table `contractor`
--

DROP TABLE IF EXISTS `contractor`;
/*!40101 SET @saved_cs_client     = @@character_set_client */;
/*!40101 SET character_set_client = utf8 */;
CREATE TABLE `contractor` (
  `id_contractor` int(11) NOT NULL AUTO_INCREMENT,
  `country_id` int(6) NOT NULL,
  `region_id` int(6) NOT NULL,
  `city_id` int(6) NOT NULL,
  `org_name` varchar(80) NOT NULL,
  `status` tinyint(1) NOT NULL,
  `dogovor` varchar(60) NOT NULL,
  `method_payment` int(1) NOT NULL,
  `card_number` varchar(18) NOT NULL,
  `anketa` varchar(5) NOT NULL,
  `ownership` varchar(6) NOT NULL,
  `system_no` varchar(7) NOT NULL,
  `contact_name` varchar(250) NOT NULL,
  `passport` text NOT NULL,
  `mobile` varchar(200) NOT NULL,
  `phone` varchar(200) NOT NULL,
  `email` varchar(100) NOT NULL,
  `web` varchar(100) NOT NULL,
  `comment` text NOT NULL,
  PRIMARY KEY (`id_contractor`)
) ENGINE=InnoDB AUTO_INCREMENT=96 DEFAULT CHARSET=utf8;
/*!40101 SET character_set_client = @saved_cs_client */;

--
-- Dumping data for table `contractor`
--

LOCK TABLES `contractor` WRITE;
/*!40000 ALTER TABLE `contractor` DISABLE KEYS */;
INSERT INTO `contractor` VALUES (5,3159,3761,3770,'ИТ-КОНСАЛТ',1,'0070 от 28.04.2018',2,'','Нет','ООО','Без НДС','Шевцов Руслан; Швед Павел; Юрьев Антон','','8-905-244-92-04; 8-906-237-52-25; 8-911-071-81-00, 8-962-251-52-50','(4012) 98-41-24','zakaz90@inbox.ru; pavelvsh@mail.ru','http://itconsult.today/','делали СКС в Меге, работают по М.Видео');
INSERT INTO `contractor` VALUES (6,3159,3994,4019,'IT-Проф КОМИ',1,'0050',2,'','Нет','ООО','Без НДС','Калиновский Константин Алексеевич','','+7-909-128-9999','8-800-234-911-4( доб.301)','support@it-profkomi.ru','','Бывшие ИТИКС, работают по Теле2');
INSERT INTO `contractor` VALUES (7,3159,5507,5527,'Андрей Зайцев',1,'',1,'','Нет','ГПХ','ГПХ','Зайцев Андрей Александрович','','8-951-794-10-74','','mgnandrei@rambler.ru','','Нашли на Авито, работал раньше по аутсорсу. &#13;&#10;при отправке заявок- дублировать звонком');
INSERT INTO `contractor` VALUES (8,3159,3563,3612,'RSS-Волга',1,'',2,'','Нет','ООО','Без НДС','многоканальный','','8(831)467-80-85','','service@nnov.rss.ru','http://www.rss.ru','');
INSERT INTO `contractor` VALUES (9,3159,4026,4036,'Интеллект',1,'',1,'','Нет','ООО','Без НДС','Авраменко Роман','','8-903-898-28-06','','ravramenko@i-cs.ru','http://i-cs.ru/contacts','');
INSERT INTO `contractor` VALUES (10,3159,4052,4079,'АйТи Лаб',1,'0022',2,'','Нет','ООО','Без НДС','Литвиненко Алексей','','8-905-438-85-80','(861) 215-46-17','alexi@del-tech.ru','','');
INSERT INTO `contractor` VALUES (11,3159,5507,5539,'Алиас',1,'0020',2,'','Нет','ООО','C НДС','Кузнецова Елена (менеджер)','','8 (351) 734-94-54','','lenak@alias.ru','www.alias.ru','');
INSERT INTO `contractor` VALUES (12,3159,5080,5106,'Николай Модонов',1,'',1,'','Нет','ГПХ','ГПХ','Николай Модонов','','8-912-233-03-21','','nmodonov@gmail.com','','нашли на авито, работал по АСГ');
INSERT INTO `contractor` VALUES (13,3159,5011,5051,'Жирков В.А.',1,'0090',2,'','Нет','ИП','Без НДС','Жирков Виктор Алексеевич (Гл.инж; Горбунов Артём Олегович (инж)','','8-924-664-92-15;8-914-300-03-59','','noveks97@gmail.com; Alcohol_120@mail.ru','','г. Якутск ул. Октябрьская, д. 1/1, оф. 201');
INSERT INTO `contractor` VALUES (14,3159,4925,4962,'Усков Павел Александрович',1,'',1,'4817760130373735','Есть','ГПХ','ГПХ','Усков Павел Александрович','','8-981-147-13-66;8-911-819-62-88','','uskov.pavel84@gmail.com','','Анкета есть, готов сотрудничать');
INSERT INTO `contractor` VALUES (15,3159,5432,5456,'Платонов Андрей Анатольевич',1,'',1,'','Нет','ГПХ','ГПХ','Платонов Андрей Анатольевич','','8-917-603-00-03','','opel44@yandex.ru','','Работает с Кондитерской фабрикой. Бывший админ. Посоветовал Куликов Игорь');
INSERT INTO `contractor` VALUES (16,3159,4528,4549,'Апгрейд Сервис',1,'0026',2,'','Нет','ООО','Без НДС','Торопов Илья Александрович','','8-960-796-94-70','','i.a.toropov@gmail.com','','');
INSERT INTO `contractor` VALUES (17,3159,3563,5648,'Арсений Андреев',1,'',1,'4276420034579259','Нет','ГПХ','ГПХ','Арсений Андреев','','8-953-566-65-58','','hellishololo@gmail.com','','');
INSERT INTO `contractor` VALUES (18,3159,3841,3854,'Павел Хромых',1,'',1,'4276220013342681','Нет','ГПХ','ГПХ','Хромых Павел;Николай Корчагин','','8-919-037-81-61;8-909-251-17-37','','pavelkhrom@mail.ru;avtoregress@gmail.com','','Хороший, ходит в Теле2 по заявкам');
INSERT INTO `contractor` VALUES (19,3159,5625,5646,'Кечемайкин Д.Н.',1,'0086',2,'','Нет','ИП','Без НДС','Кечемайкин Дмитрий Николаевич','','+7 (4852) 33-13-55','','','','');
INSERT INTO `contractor` VALUES (20,3159,3563,3565,'Большаков Александр',1,'',2,'','Нет','ГПХ','ГПХ','Большаков Александр','','8-922-272-20-80','8-922-587-15-78','n722080@gmail.com','','Авито, ПНР &#34;Пятерочка&#34;(+выезды до 200 км), есть сотрудники.');
INSERT INTO `contractor` VALUES (21,3159,4227,4238,'Тюленев Максим Сергеевич',1,'0058',1,'','Нет','ГПХ','ГПХ','Тюленев Максим Сергеевич','','8-904-293-37-17','8-905-178-91-88','mstul777@mail.ru','','Подключал ФР в М.Видео и СПП в Асконе');
INSERT INTO `contractor` VALUES (22,3159,4734,4741,'Токфорт',1,'0003',2,'','Есть','ООО','Без НДС','Тягин Дмитрий Александрович (дир-р);Павел Дац;Дмитрий Заварзин','','8-904-629-73-82;(423) 299-73-82;8-902-555-15-70;8-904-628-17-70','(423) 200-17-70','dir@tokfort.ru; pavel@tokfort.ru;shiroe@tokfort.ru;sale@tokfort.ru','http://tokfort.ru','');
INSERT INTO `contractor` VALUES (23,3159,3529,3538,'ТН',1,'0007',2,'','Нет','ООО','Без НДС','Кузнецов Александр Александрович','','7 920 468-52-25','(473) 239-03-04','tega@tega.ru','','Работают только 1200 руб/час или 1800 за выезд');
INSERT INTO `contractor` VALUES (24,3159,3371,3376,'Бурда Роман',0,'',1,'','Нет','ГПХ','ГПХ','Бурда Роман','','8-910-298-02-55','','burik13@rambler.ru','','');
INSERT INTO `contractor` VALUES (25,3159,4052,4079,'Ткачев Владимир Александрович',1,'',1,'','Есть','ГПХ','ГПХ','Ткачев Владимир Александрович','','8-928-222-02-57','','vladimir_tkachev@list.ru','','');
INSERT INTO `contractor` VALUES (26,3159,3563,3612,'Вереск',1,'0055 от 01.12.2017',2,'','Нет','ООО','C НДС','ООО Вереск','','8 903 602 86 18; 414-86-18','','ooo.veresk@mail.ru','','Заправщики картриджей');
INSERT INTO `contractor` VALUES (27,3159,3841,3854,'Страхолис Дмитрий',1,'',1,'','Нет','ГПХ','ГПХ','Страхолис Дмитрий','','8-920-092-97-18','','das-484@ya.ru','','Друг Саши Скирко, есть основная работа, редко может по заявкам');
INSERT INTO `contractor` VALUES (28,3159,4312,4400,'ВТТ',1,'',2,'','Нет','ООО','C НДС','ВТТ','','8903 056-71-11','8(831) 216-29-44','evolkova@volga.vtt.ru','','');
INSERT INTO `contractor` VALUES (29,3159,3703,3731,'СТ',1,'0078 от 01.08.2018',2,'','Есть','ООО','Без НДС','Свириденко Иван','','8-908-641-91-11','8-395-272-75-50 доб. 1','283050@mail.ru;tn-irk@yandex.ru','','');
INSERT INTO `contractor` VALUES (30,3159,4561,4580,'Партнер Сервис',1,'',1,'4274320021020430','Нет','ГПХ','ГПХ','Вяткин Вадим','','8-913-971-16-77','Tel.: +7 3812 20-45-54; fax: +7 3812 25-23-52','m.service55@mail.ru','','ходят по заявкам в Цюрих');
INSERT INTO `contractor` VALUES (31,3159,5356,5395,'Гавриловский Андрей',1,'',1,'','Нет','ГПХ','ГПХ','Гавриловский Андрей','','8-919-946-42-82;&#13;&#10;8-932-329-03-30','','andry-777@mail.ru','','Ходил в ППФ и в Росреестр, глупый');
INSERT INTO `contractor` VALUES (32,3159,5356,5395,'Маматуллин А.А.',1,'0087 от 01.11.2018',1,'','Нет','ИП','Без НДС','Маматуллин Антон Альбрусович','','8-3452-60-84-36;8-3452-39-02-79','','maa@i-t-5.ru','','подрядчики CTI, работал по Дельта Кредит');
INSERT INTO `contractor` VALUES (33,3159,5246,5269,'Матвеев Олег Николаевич',1,'',1,'','Нет','ГПХ','ГПХ','Матвеев Олег Николаевич','','8-927-249-92-94','','olegm100@mail.ru','','');
INSERT INTO `contractor` VALUES (34,3159,5507,5527,'Магсис',1,'0019 от 01.03.2017',2,'','Нет','ООО','Без НДС','Макеев Дмитрий','','8-902-606-66-12;8-908 068-45-00','','info@magsis.ru;d.makeev@magsis.ru','','');
INSERT INTO `contractor` VALUES (35,3159,4925,4962,'Лобачев Василий Алексеевич',1,'',1,'','Нет','ГПХ','ГПХ','Лобачев Василий Алексеевич','','8-911-255-66-92','','lv-power@yandex.ru','','');
INSERT INTO `contractor` VALUES (36,3159,4800,4802,'Чибисов Виктор Игоревич',0,'',1,'','Нет','ГПХ','ГПХ','Чибисов Виктор Игоревич','','8-928-624-87-62; 8-961-300-70-07','+7(863)-234-27-93','rat-jocker@mail.ru; chibisov84@gmail.com','','');
INSERT INTO `contractor` VALUES (37,3159,5246,5269,'Линт',1,'0037 от 01.07.2017',2,'','Нет','ООО','Без НДС','Галузо Андрей','','8-987-29-040-56','8 (843) 5-183-183','galuzo@lint.ru; titova@lint.ru; Ic2005@yandex.ru','','Раньше обслуживал ТЕЛЕ2 в Казани.В субботу и воскресенье заявки дублировать на Ic2005@yandex.ru');
INSERT INTO `contractor` VALUES (38,3159,5600,5601,'Кудяков Владимир Юрьевич',0,'',1,'','Нет','ГПХ','ГПХ','Кудяков Владимир Юрьевич','','8-917-651-58-54','(8352)-511-723','','','По рекомендации Алексея Зыкова. Только обслуживание, но в нескольких регионах (за уралом)');
INSERT INTO `contractor` VALUES (39,3159,4861,4879,'Крючков Евгений Викторович',1,'',1,'','Нет','ГПХ','ГПХ','Крючков Евгений Викторович','','8-920-951-19-87','','ithelp-62@yandex.ru','','Работает на Максима Редькина (всё только через него)');
INSERT INTO `contractor` VALUES (40,3159,5625,5646,'Генералов Денис',1,'',2,'','Нет','ГПХ','ГПХ','Генералов Денис','','8-999-799-64-72','','kaktusservice76@gmail.com','','Теперь вместо Бесшапошникова по Ярославлю, работает по АСГ, по задачам от Вентры');
INSERT INTO `contractor` VALUES (41,3159,3437,3438,'Смарт',0,'',2,'','Есть','ООО','Без НДС','Корнев Владимир','','8-919-011-99-10','8-910-170-44-40','smart-it@rambler.ru','http://smart-it.ucoz.ru/','Франшиза 1С. Работают на местном уровне. Отличный партнер');
INSERT INTO `contractor` VALUES (42,3159,4925,4946,'Григорий',1,'',1,'','Нет','ООО','ГПХ','Григорий','','8-911-740-50-60','','','','Нашли на Авито, работал в ДиректКредит Кириши');
INSERT INTO `contractor` VALUES (43,3159,4052,4055,'Слава',0,'',1,'','Нет','ГПХ','ГПХ','Слава','','8-918-673-03-57','','axe0072010@yandex.ru','','28.08 - только как подработка, есть основная работа');
INSERT INTO `contractor` VALUES (44,3159,4052,4055,'Денис',0,'',1,'','Нет','ГПХ','ГПХ','Денис','','8-918-058-11-89','','brother@rambler.ru','','28.08 - только как подработка, есть основная работа');
INSERT INTO `contractor` VALUES (45,3159,3563,5648,'Корбут Сергей',1,'',1,'','Нет','ГПХ','ГПХ','Корбут Сергей','','8-952-448-24-91','','s_korbut@mail.ru','','');
INSERT INTO `contractor` VALUES (46,3159,5080,5106,'Копи-ЛК',1,'0086 от 01.11.2018',2,'','Есть','ООО','C НДС','Николай Першин','','8-912-285-07-07','(343) 216-24-64','pnn@rdm-ural.ru','http://www.rdm-ural.ru','Скорее всего, не хотят с нами работать.');
INSERT INTO `contractor` VALUES (47,3159,4052,4055,'Сергей',0,'',1,'','Нет','ГПХ','ГПХ','Сергей','','8-952-869-74-70','','lu231@list.ru','','28.08 - готов сотрудничать');
INSERT INTO `contractor` VALUES (48,3159,4052,4055,'Сергей',0,'',1,'','Нет','ГПХ','ГПХ','Сергей','','8-918-498-12-31','','gray@mail.ru','','03.09 - работает в ит-аутсорсе, готов сотрудничать');
INSERT INTO `contractor` VALUES (49,3159,3563,3565,'Фомин Александр Михайлович',0,'',1,'','Есть','ГПХ','ГПХ','Фомин Александр Михайлович','','8-952-779-96-64','','fmaf@rambler.ru','','Из Авито. Готов на подработку');
INSERT INTO `contractor` VALUES (50,3159,3563,3565,'Бобков Алексей Александрович',0,'',1,'','Есть','ГПХ','ГПХ','Бобков Алексей Александрович','','8-910-130-87-87','','bobkov87@ya.ru','','Работает по М.Видео');
INSERT INTO `contractor` VALUES (51,3159,3563,3565,'Дмитрий',0,'',1,'','Нет','ГПХ','ГПХ','Дмитрий','','8-904-040-3180','','zo0m1k@mail.ru','','');
INSERT INTO `contractor` VALUES (52,3159,3563,3565,'Дьяченко С.С.',1,'',2,'','Нет','ИП','Без НДС','Сергей Дьяченко','','8-915-958-55-58; 8(831-47) 7-65-43-контора; 8-909-299-93-09 - Инженер Илья','','ite@arzamas.net - заявки; ite@arzamas.net - Анна Вяльдина; sd@arzamas.net','','');
INSERT INTO `contractor` VALUES (53,3159,4734,4736,'Степанов Пётр Владимирович',0,'',1,'','Нет','ГПХ','ГПХ','Степанов Пётр Владимирович','','8-914-716-30-70','','','','');
INSERT INTO `contractor` VALUES (54,3159,3251,3253,'Кокорин М. Ю.',0,'',2,'','Есть','ИП','Без НДС','Михаил Кокорин','','8-8182-43-05-95','','itspec29@gmail.com','','');
INSERT INTO `contractor` VALUES (55,3159,3251,3253,'Компьютерный мастер',0,'',2,'','Нет','ООО','Без НДС','Компьютерный мастер','','8-8182-47-04-48','','','http://rempc29.wix.com/470448','');
INSERT INTO `contractor` VALUES (56,3159,3282,3283,'Компания IT-30',0,'',2,'','Нет','ООО','Без НДС','Хачатурян Андрей (руководитель); Степан (менеджер)','','+7 (8512) 666-777; 8-967-821-73-33','','AKhachaturyan@it-30.ru; akazikenov@it-30.ru; info@it-30.ru','www.IT-30.ru','');
INSERT INTO `contractor` VALUES (57,3159,5625,5646,'Никита Ковальский',1,'',1,'','Нет','ГПХ','ГПХ','Никита Ковальский;Генералов Денис','','8-999-799-64-65;8-999-799-64-72','','kovalskynikita@gmail.com; kaktusservice76@gmail.com','','Теперь вместо Бесшапошникова по Ярославлю, работают по АСГ, по задачам от Вентры.');
INSERT INTO `contractor` VALUES (58,3159,3282,3283,'ИТ-Хелп 30',0,'',2,'','Есть','ООО','Без НДС','Широков Геннадий Алексеевич - директор; Екатерина - бухгалтер','','8-908‒610‒57‒03; 8-917-083-65-74 - личный; 8-908-610-57-03 - бухгалтер','8-8512-705-703; 8-800-7000-795','info@ithelp30.ru','http://ithelp30.ru/ ; http://ithelp30.ru/Zakaz_mastera.php','');
INSERT INTO `contractor` VALUES (59,3159,3282,3283,'АйТи Пак',0,'',2,'','Нет','ООО','Без НДС','Олег - менеджер','','8-8512-711-911','','502@itpack.pro','http://www.itpack.ru/','');
INSERT INTO `contractor` VALUES (60,3159,3282,3283,'Q-Сервис',0,'',2,'','Нет','ООО','Без НДС','Q-Сервис','','8-917-091-16-42','8-8512-299-110; 8-8512-62-76-45','','','заправка картриджа А280 - 250 р.&#13;&#10;Адрес: г. Астрахань, ул. Савушкина, 6 и 10');
INSERT INTO `contractor` VALUES (61,3159,3282,3283,'Компьютер Сервис',0,'',2,'','Нет','ООО','Без НДС','Компьютер Сервис','','8-8512-75-95-22','8-8512-62-41-88','Ladomir@gmail.com','','Адрес: г. Астрахань, ул. Бабушкина, д. 44&#13;&#10;');
INSERT INTO `contractor` VALUES (62,3159,3282,3283,'Коновской',0,'',2,'','Нет','ИП','Без НДС','Коновской Максим Александрович','','8-927-664-2424','8-851-2998840','maxim.konovsky@gmail.com','','');
INSERT INTO `contractor` VALUES (63,3159,3994,4019,'Дитис',1,'',2,'','Нет','ООО','Без НДС','Патраков Александр; Анатолий','','8-904-270-55-75','8 (8212) 400 922','apatrakov@1ditis.ru ; v.ivanchenko@1ditis.ru ; avorokhobin@1ditis.ru ; help@1ditis.ru','1ditis.ru','Посоветовал его Большаков Александр из Сыктывкара');
INSERT INTO `contractor` VALUES (64,3159,4561,4580,'Дроздов Анатолий Владимирович',0,'',1,'','Нет','ГПХ','ГПХ','Дроздов Анатолий Владимирович','','8(962)032-82-00',' р.т. (3812) 40-83-41 (д 131)','tobisir@mail.ru','','уехал из Омска, телефон не доступен');
INSERT INTO `contractor` VALUES (65,3159,3563,3565,'Жирунов Дмитрий Евгеньевич',0,'',1,'','Есть','ГПХ','ГПХ','Жирунов Дмитрий Евгеньевич','','8-951-901-26-95','','dimazhirunov@mail.ru','','Обслуживает &#34;Пятерочку&#34; от ООО Ока Волга');
INSERT INTO `contractor` VALUES (66,3159,4689,4720,'Евгений',1,'',1,'','Нет','ГПХ','ГПХ','Замахаев Евгений Александрович','','8-922-366-60-55','','zam_ea@mail.ru','','из авито');
INSERT INTO `contractor` VALUES (67,3159,3841,3854,'Владислав',1,'',1,'','Нет','ГПХ','ГПХ','Владислав Зимасков','','8-906-640-90-46','','zimave@mail.ru','','работал с нами по Теле2 и ДиректКредит&#13;&#10;');
INSERT INTO `contractor` VALUES (68,3159,3437,3457,'Зимин Андрей Павлович',1,'',1,'','Нет','ГПХ','ГПХ','Зимин Андрей Павлович','','8-904-599-55-88','','kiberhelpkovrov@yandex.ru','','');
INSERT INTO `contractor` VALUES (69,3159,5600,5619,'Иванов Николай Валерьевич',1,'',1,'','Нет','ГПХ','ГПХ','Иванов Николай Валерьевич','','8-960-307-20-78','','kolian_re@list.ru','','');
INSERT INTO `contractor` VALUES (70,3159,3921,3933,'Элефант (Инфотех)',1,'',2,'','Нет','ООО','Без НДС','Сергей Гатилов; Юсупов Руслан; Мельничихин Артур','','7-923-600-50-31; +7-923-600-50-32; +7(3842) 450505; +79039468086','(3842) 336-553; (3842) 588-243; 8-923-500-50-34','it@ins42.ru; mak@ins42.ru','','');
INSERT INTO `contractor` VALUES (71,3159,3437,3461,'Киров Владимир',1,'',1,'4817760079712612','Нет','ГПХ','ГПХ','Киров Владимир','','8-920-906-22-94','8-900-590-66-61','himikcl@mail.ru','','');
INSERT INTO `contractor` VALUES (72,3159,5291,5310,'Инфотех',1,'',2,'','Есть','ООО','Без НДС','Ружицкий Михаил; Гордеев Виктор','','8-952-154-27-43; 8-952-164-71-64','(3822) 93-36-38','infotech.tomsk@mail.ru','','Работает с нами по Теле 2 и другим проектам');
INSERT INTO `contractor` VALUES (73,3159,5161,5184,'Каритин Константин Сергеевич',1,'',1,'','Нет','ГПХ','ГПХ','Каритин Константин Сергеевич','','920-665-4558','481-266-2429','covertdark@mail.ru','','');
INSERT INTO `contractor` VALUES (74,3159,4105,4149,'Александров Е.В.',1,'',2,'','Нет','ИП','Без НДС','Александров Евгений','','8-913-532-21-17','','leka_2@mail.ru','','');
INSERT INTO `contractor` VALUES (75,3159,4287,4306,'Аржадеев С.В.',1,'',2,'','Есть','ИП','Без НДС','Аржадеев Сергей Васильевич','','8-937-517-00-77','','device113@yandex.ru','http://device13.ru/','Авито, ПНР &#34;Пятёрочка&#34;,Очень заинтересован в работе,сотрудники есть,на выезды готов. Сам заправляет картриджи для Пятерочек');
INSERT INTO `contractor` VALUES (76,3159,3296,3345,'Черный П.И.',1,'0064 от 16.02.2018',2,'','Нет','ИП','Без НДС','Черный Павел Иванович','','7-927-231-70-11','','pavel@proprintservice.ru; pcherniy@gmail.com; pavelcherniy@yandex.ru','','Хочет сотрудничать');
INSERT INTO `contractor` VALUES (77,3159,3841,3854,'Асмолов (Апгрейд Сервис)',1,'',2,'','Нет','ИП','Без НДС','Богомолов Андрей Викторович - директор по развитию','','8 965 708 11 69','8-4842-758-759 доб. 1105','&#34;a.bogomolov@upgradecenter.ru ; it@upgradecenter.ru&#34;','','Нашли нас на Авито. Тупые');
INSERT INTO `contractor` VALUES (78,3159,4891,4917,'Васильев А.В.',1,'',2,'','Нет','ИП','Без НДС','Андрей','','7 (964) 982-51-88','(846) 273-49-00','vidsmr@mail.ru','http://самтехсервис.рф','Ремонтировали МФУ в Дельта-Кредит банк. Хорошие. г. Самара, Советской Армии ул., д.180, стр.1 (офис 809а). Менеджер Ольга');
INSERT INTO `contractor` VALUES (79,3159,3437,3446,'Ветров В.С.',1,'',2,'','Нет','ИП','Без НДС','Ветров Валерий Сергеевич','','8-920-916-20-30','','detach@mail.ru','','');
INSERT INTO `contractor` VALUES (80,3159,4891,4917,'Головачев А.Б.',1,'',2,'','Нет','ИП','Без НДС','Андрей','','8-937-182-81-90;8-917-942-02-28','','abg8@yandex.ru','http://www.recdata.ru/contact.html','');
INSERT INTO `contractor` VALUES (81,3159,4800,4848,'Зуб Е.П.',1,'',2,'','Нет','ИП','Без НДС','Зуб Евгений Петрович','','8-918-554-33-67','','zub@neosvc.ru','','Подрядчики СиТиАй');
INSERT INTO `contractor` VALUES (82,3159,5473,5504,'Исаев А.А.',1,'',2,'','Нет','ИП','Без НДС','Вычужанин Вячеслав; Александр','','8-962-586-33-12; 8(4212)22-22-12','','mefedrin@yandex.ru ; printax@bk.ru ; support@printax27.ru','http://itispro.ru/index.php','');
INSERT INTO `contractor` VALUES (83,3159,4689,4720,'Исаков (Бумбокс)',1,'',2,'','Нет','ИП','Без НДС','Исаков Алексей Борисович','','8-906-876-49-90','8 (342) 2-700-901; 8 (342) 2-700-121','it@itboombox.ru','','');
INSERT INTO `contractor` VALUES (84,3159,3784,3823,'Квас Р.П.',1,'',2,'','Нет','ИП','Без НДС','Квас Руслан','','7 (920) 153-00-45','','mail@ipkvas.ru','','');
INSERT INTO `contractor` VALUES (85,3159,5246,5269,'Кормишин Д.Е.',1,'',2,'','Нет','ИП','Без НДС','Дмитрий Кормишин','','8-919-636-72-36; 8-927-453-95-75','Екатерина (менеджер) - 8-912-870-41-41; Миронов Роман 8-927-425-44-34','kde@uplink-pro.com ; sod@uplink-pro.com ; shea@uplink-pro.com','','');
INSERT INTO `contractor` VALUES (86,3159,4800,4848,'Ляхов О.Ю.',1,'',2,'','Нет','ИП','Без НДС','Ляхов Олег Юрьевич','','8-918-897-59-90','','oleg121@list.ru','','');
INSERT INTO `contractor` VALUES (88,3159,5191,5219,'Меновщиков К.',1,'',2,'','Нет','ИП','Без НДС','Меновщиков Константин','','8(928) 315-29-21','(8652) 62-63-49','free-wap@mail.ru ; mail@it-srvc.ru','http://it-srvc.ru','Посоветовал Владимир Чукаев (Си-Ти-Ай)');
INSERT INTO `contractor` VALUES (89,3159,3952,3963,'Новоселов К.А.',1,'',2,'','Нет','ИП','Без НДС','Дарья Калюжная; Новоселов Константин Александрович','','8 922 911 90 05; 8-919-502-56-77; 8-922-668-78-94; 7 (8332) 78-78-94','(8332) 65 42 88 вн.1; (8332) 65-42-88; Надежда 8-922-912-9080; Андрей (ресепшн) 8-922-907-70-07&#13;&#10;','Managerservice2@techprom.ru ; mail2dima@mail.ru ; service@techprom.ru ; kva2402@mail.ru','','его рекомендовал Петялин для работ по Пятерочкам');
INSERT INTO `contractor` VALUES (90,3159,4969,5005,'Татаев А.А.',1,'',2,'','Нет','ИП','Без НДС','Александр','','8-906-307-82-69','(8452) 248-269; (8452) 280-697&#13;&#10;','itsaratov@mail.ru ; itsaratov.manager@mail.ru','','');
INSERT INTO `contractor` VALUES (91,3159,4227,4238,'Филипчук Д.Н.',1,'',2,'','Нет','ИП','Без НДС','Филипчук Дмитрий Николаевич','','8-904-288-45-46; +7 (915) 551-86-67','(4742) 71-45-46','help@ksigma.ru ; dn@filipchuk.ru ; dn@ksigma.ru','','Ранее работал с Системой&#13;&#10;');
INSERT INTO `contractor` VALUES (92,3159,3784,3823,'Интегральные системы',1,'',2,'','Нет','ООО','Без НДС','Константин Данель','','8-965-724-20-61','','danelkv@gmail.com','','выполнял монтаж по метлайф');
INSERT INTO `contractor` VALUES (93,3159,3563,3612,'Скирко В.Н.',1,'',2,'','Нет','ИП','Без НДС','Скирко Владимир Николаевич','','8-920-070-09-70','','','','');
INSERT INTO `contractor` VALUES (94,3159,5507,5527,'Сухов Сергей Александрович',1,'',2,'','Нет','ИП','Без НДС','Сухов Сергей Александрович','','8-908-086-96-00;8-909-096-86-66','','sidneys@ya.ru','','Работал в Оптиме');
INSERT INTO `contractor` VALUES (95,3159,5507,5527,'Попов Сергей',1,'',2,'','Есть','ИП','Без НДС','Попов Сергей','','8-912-805-46-48','(3519)33-08-03;(3519)45–46–48','p454648@gmail.com','https://vk.com/remont_contact','Нашли в 2GIS. Работает через какую-то компанию с CTI и с ICL по М.Видео, Эльдорадо и Директ Кредит. Карла Маркса проспект, 113');
/*!40000 ALTER TABLE `contractor` ENABLE KEYS */;
UNLOCK TABLES;

--
-- Table structure for table `country`
--

DROP TABLE IF EXISTS `country`;
/*!40101 SET @saved_cs_client     = @@character_set_client */;
/*!40101 SET character_set_client = utf8 */;
CREATE TABLE `country` (
  `country_id` int(11) unsigned NOT NULL AUTO_INCREMENT,
  `city_id` int(11) NOT NULL DEFAULT '0',
  `name` varchar(128) NOT NULL DEFAULT '',
  PRIMARY KEY (`country_id`),
  KEY `city_id` (`city_id`)
) ENGINE=InnoDB AUTO_INCREMENT=7716094 DEFAULT CHARSET=utf8;
/*!40101 SET character_set_client = @saved_cs_client */;

--
-- Dumping data for table `country`
--

LOCK TABLES `country` WRITE;
/*!40000 ALTER TABLE `country` DISABLE KEYS */;
INSERT INTO `country` VALUES (4,0,'Австралия');
INSERT INTO `country` VALUES (63,0,'Австрия');
INSERT INTO `country` VALUES (81,0,'Азербайджан');
INSERT INTO `country` VALUES (173,0,'Ангуилья');
INSERT INTO `country` VALUES (177,0,'Аргентина');
INSERT INTO `country` VALUES (245,0,'Армения');
INSERT INTO `country` VALUES (248,0,'Беларусь');
INSERT INTO `country` VALUES (401,0,'Белиз');
INSERT INTO `country` VALUES (404,0,'Бельгия');
INSERT INTO `country` VALUES (425,0,'Бермуды');
INSERT INTO `country` VALUES (428,0,'Болгария');
INSERT INTO `country` VALUES (467,0,'Бразилия');
INSERT INTO `country` VALUES (616,0,'Великобритания');
INSERT INTO `country` VALUES (924,0,'Венгрия');
INSERT INTO `country` VALUES (971,0,'Вьетнам');
INSERT INTO `country` VALUES (994,0,'Гаити');
INSERT INTO `country` VALUES (1007,0,'Гваделупа');
INSERT INTO `country` VALUES (1012,0,'Германия');
INSERT INTO `country` VALUES (1206,0,'Голландия');
INSERT INTO `country` VALUES (1258,0,'Греция');
INSERT INTO `country` VALUES (1280,0,'Грузия');
INSERT INTO `country` VALUES (1366,0,'Дания');
INSERT INTO `country` VALUES (1380,0,'Египет');
INSERT INTO `country` VALUES (1393,0,'Израиль');
INSERT INTO `country` VALUES (1451,0,'Индия');
INSERT INTO `country` VALUES (1663,0,'Иран');
INSERT INTO `country` VALUES (1696,0,'Ирландия');
INSERT INTO `country` VALUES (1707,0,'Испания');
INSERT INTO `country` VALUES (1786,0,'Италия');
INSERT INTO `country` VALUES (1894,0,'Казахстан');
INSERT INTO `country` VALUES (2163,0,'Камерун');
INSERT INTO `country` VALUES (2172,0,'Канада');
INSERT INTO `country` VALUES (2297,0,'Кипр');
INSERT INTO `country` VALUES (2303,0,'Киргызстан');
INSERT INTO `country` VALUES (2374,0,'Китай');
INSERT INTO `country` VALUES (2430,0,'Коста-Рика');
INSERT INTO `country` VALUES (2443,0,'Кувейт');
INSERT INTO `country` VALUES (2448,0,'Латвия');
INSERT INTO `country` VALUES (2509,0,'Ливия');
INSERT INTO `country` VALUES (2514,0,'Литва');
INSERT INTO `country` VALUES (2614,0,'Люксембург');
INSERT INTO `country` VALUES (2617,0,'Мексика');
INSERT INTO `country` VALUES (2788,0,'Молдова');
INSERT INTO `country` VALUES (2833,0,'Монако');
INSERT INTO `country` VALUES (2837,0,'Новая Зеландия');
INSERT INTO `country` VALUES (2880,0,'Норвегия');
INSERT INTO `country` VALUES (2897,0,'Польша');
INSERT INTO `country` VALUES (3141,0,'Португалия');
INSERT INTO `country` VALUES (3156,0,'Реюньон');
INSERT INTO `country` VALUES (3159,0,'Россия');
INSERT INTO `country` VALUES (5647,0,'Сальвадор');
INSERT INTO `country` VALUES (5666,0,'Словакия');
INSERT INTO `country` VALUES (5673,0,'Словения');
INSERT INTO `country` VALUES (5678,0,'Суринам');
INSERT INTO `country` VALUES (5681,0,'США');
INSERT INTO `country` VALUES (9575,0,'Таджикистан');
INSERT INTO `country` VALUES (9638,0,'Туркменистан');
INSERT INTO `country` VALUES (9701,0,'Туркс и Кейкос');
INSERT INTO `country` VALUES (9705,0,'Турция');
INSERT INTO `country` VALUES (9782,0,'Уганда');
INSERT INTO `country` VALUES (9787,0,'Узбекистан');
INSERT INTO `country` VALUES (9908,0,'Украина');
INSERT INTO `country` VALUES (10648,0,'Финляндия');
INSERT INTO `country` VALUES (10668,0,'Франция');
INSERT INTO `country` VALUES (10874,0,'Чехия');
INSERT INTO `country` VALUES (10904,0,'Швейцария');
INSERT INTO `country` VALUES (10933,0,'Швеция');
INSERT INTO `country` VALUES (10968,0,'Эстония');
INSERT INTO `country` VALUES (11002,0,'Югославия');
INSERT INTO `country` VALUES (11014,0,'Южная Корея');
INSERT INTO `country` VALUES (11060,0,'Япония');
INSERT INTO `country` VALUES (277551,0,'Нидерланды');
INSERT INTO `country` VALUES (277553,0,'Хорватия');
INSERT INTO `country` VALUES (277555,0,'Румыния');
INSERT INTO `country` VALUES (277557,0,'Гонконг');
INSERT INTO `country` VALUES (277559,0,'Индонезия');
INSERT INTO `country` VALUES (277561,0,'Иордания');
INSERT INTO `country` VALUES (277563,0,'Малайзия');
INSERT INTO `country` VALUES (277565,0,'Сингапур');
INSERT INTO `country` VALUES (277567,0,'Тайвань');
INSERT INTO `country` VALUES (277569,0,'Туркмения');
INSERT INTO `country` VALUES (582029,0,'Карибы');
INSERT INTO `country` VALUES (582031,0,'Чили');
INSERT INTO `country` VALUES (582040,0,'Корея');
INSERT INTO `country` VALUES (582041,0,'Македония');
INSERT INTO `country` VALUES (582043,0,'Мальта');
INSERT INTO `country` VALUES (582044,0,'Пакистан');
INSERT INTO `country` VALUES (582046,0,'Перу');
INSERT INTO `country` VALUES (582050,0,'Тайланд');
INSERT INTO `country` VALUES (582051,0,'О.А.Э.');
INSERT INTO `country` VALUES (582060,0,'Ливан');
INSERT INTO `country` VALUES (582064,0,'Эквадор');
INSERT INTO `country` VALUES (582065,0,'Морокко');
INSERT INTO `country` VALUES (582067,0,'Сирия');
INSERT INTO `country` VALUES (582077,0,'Куба');
INSERT INTO `country` VALUES (582082,0,'Мозамбик');
INSERT INTO `country` VALUES (582090,0,'Тунис');
INSERT INTO `country` VALUES (582105,0,'Остров Мэн');
INSERT INTO `country` VALUES (582106,0,'Ямайка');
INSERT INTO `country` VALUES (2505884,0,'Ливан');
INSERT INTO `country` VALUES (2567393,0,'Гондурас');
INSERT INTO `country` VALUES (2577958,0,'Доминиканская республика');
INSERT INTO `country` VALUES (2687701,0,'Монголия');
INSERT INTO `country` VALUES (3410238,0,'Ирак');
INSERT INTO `country` VALUES (3661568,0,'ЮАР');
INSERT INTO `country` VALUES (7716093,0,'Арулько');
/*!40000 ALTER TABLE `country` ENABLE KEYS */;
UNLOCK TABLES;

--
-- Table structure for table `customer`
--

DROP TABLE IF EXISTS `customer`;
/*!40101 SET @saved_cs_client     = @@character_set_client */;
/*!40101 SET character_set_client = utf8 */;
CREATE TABLE `customer` (
  `id_customer` int(11) NOT NULL AUTO_INCREMENT,
  `customer_name` varchar(100) NOT NULL,
  `jur_address` text NOT NULL,
  `post_address` text NOT NULL,
  `ogrn` varchar(15) NOT NULL,
  `inn` varchar(12) NOT NULL,
  `kpp` varchar(9) NOT NULL,
  `dogovor_number` varchar(50) NOT NULL,
  `status` tinyint(1) NOT NULL,
  `bank_name` varchar(200) NOT NULL,
  `bank_bik` varchar(9) NOT NULL,
  `korr_schet` varchar(20) NOT NULL,
  `rasch_schet` varchar(20) NOT NULL,
  `recipient` varchar(150) NOT NULL,
  `phone` varchar(100) NOT NULL,
  `email` varchar(100) NOT NULL,
  `contact_name` varchar(200) NOT NULL,
  `comment` text,
  PRIMARY KEY (`id_customer`)
) ENGINE=InnoDB AUTO_INCREMENT=7 DEFAULT CHARSET=utf8;
/*!40101 SET character_set_client = @saved_cs_client */;

--
-- Dumping data for table `customer`
--

LOCK TABLES `customer` WRITE;
/*!40000 ALTER TABLE `customer` DISABLE KEYS */;
INSERT INTO `customer` VALUES (1,'ООО &#34;Си Ти Ай&#34;','117218, г.Москва, ул.Кржижановского, д.29, корп.1, этаж 5, пом.1, комн.23-28','117218, г.Москва, ул.Кржижановского, д.29, корп.1, этаж 5, пом.1, комн.23-28','1027736001281','7736224098','772701001','АСП-СиТиАй-096-2016 от 09.11.2016',1,'ОАО &#34;Сбербанк России&#34;','044525225','30101810400000000225','40702810038000001117','ООО &#34;Си Ти Ай&#34;','8-985-256-52-69','v.chukaev@cti.ru','Чукаев Владимир','');
INSERT INTO `customer` VALUES (2,'ООО «Сервионика»','119119, г. Москва, Ленинский проспект, д.42, корп. 1-2-3, пом. II, комн. 22','117292, Москва, ул. Кедрова, дом 15','1127747102988','7727790940','773601001','SSP190215FE1',1,'ПАО «РОСБАНК»','044525256','30101810000000000256','40702810000000062683','ООО «Сервионика»','+7 (910) 810-56-71','e.frank@servionica.ru','Франк Екатерина','');
INSERT INTO `customer` VALUES (3,'ООО «ДжиДиСи Сервисез»','420029, г. Казань, Сибирской тракт,34','420029, г. Казань, Сибирской тракт,34','1101690062638','1660146230','166001001','436-18',1,'Отделение №8610 ПАО «Сбербанк»','049205603','30101810600000000603','40702810962190003641','ООО «ДжиДиСи Сервисез»','8 919 697 97 42','Liana.Altapova@icl-services.com','Альтапова Лиана','');
INSERT INTO `customer` VALUES (4,'ООО «Вентра»','107023, г. Москва, ул. Малая Семеновская, д. 9, стр. 9','107023, г. Москва, ул. Малая Семеновская, д. 9, стр. 9','1027700109414','400402427241','771801001','0046',1,'ПАО «Сбербанк России» (филиал – Московский Банк ПАО Сбербанка)','044525225','30101810400000000225','40702810138260020993','ООО «Вентра»','8 963 962 28 02','o.ionkina@ventra.ru','Оксана Ионкина','');
INSERT INTO `customer` VALUES (5,'ХимПромПроект','606025, Нижегородская область, г. Дзержинск,   ул. Грибоедова, 36 Б','606025, Нижегородская область, г. Дзержинск,   ул. Грибоедова, 36 Б','1105249000625','5249106251','524901001','б/н',1,'В филиале № 6318 ВТБ 24 (ПАО)  г. Самара','043602955','30101810700000000955','40702810413500006633','ООО ИПЦ «ХимПромПроект»','8-831-325-42-97','himprom2005@mail.ru','Шилова Ирина Лазаревна','');
INSERT INTO `customer` VALUES (6,'ООО &#34;Агроторг&#34;','191025, г. Санкт-Петербург, Невский пр., д. 90/92','603002, г. Н. Новгород, ул. Литвинова, д.74, корп.30','1027809237796','7825706086','784101001','0069 от 19 апреля 2018',1,'АО &#34;АЛЬФА-БАНК&#34;','044525593','30101810200000000593','40702810202200001152','ООО &#34;Агроторг&#34;','7 920 019-2907','Ivan.Grigoriev@x5.ru','Григорьев Иван','');
/*!40000 ALTER TABLE `customer` ENABLE KEYS */;
UNLOCK TABLES;

--
-- Table structure for table `object`
--

DROP TABLE IF EXISTS `object`;
/*!40101 SET @saved_cs_client     = @@character_set_client */;
/*!40101 SET character_set_client = utf8 */;
CREATE TABLE `object` (
  `id_object` int(11) NOT NULL AUTO_INCREMENT,
  `id_project` int(11) NOT NULL,
  `id_customer` int(11) NOT NULL,
  `country_id` int(11) NOT NULL,
  `region_id` int(11) NOT NULL,
  `city_id` int(11) NOT NULL,
  `shop_number` varchar(20) DEFAULT NULL,
  `address` varchar(200) NOT NULL,
  `status` tinyint(1) NOT NULL,
  `abon_plata` double DEFAULT NULL,
  `city_name` varchar(30) NOT NULL,
  `id_contractor` int(11) unsigned NOT NULL,
  `abon_plata_contr` double unsigned NOT NULL,
  PRIMARY KEY (`id_object`)
) ENGINE=InnoDB AUTO_INCREMENT=138 DEFAULT CHARSET=utf8;
/*!40101 SET character_set_client = @saved_cs_client */;

--
-- Dumping data for table `object`
--

LOCK TABLES `object` WRITE;
/*!40000 ALTER TABLE `object` DISABLE KEYS */;
INSERT INTO `object` VALUES (1,1,1,3159,3563,3612,'146','Кстовский р-н, д. Федяково, ТЦ Мега',1,6000,'Нижний Новгород',0,0);
INSERT INTO `object` VALUES (2,1,1,3159,3563,3612,'157','ул. Веденяпина д.2Б ТЦ &#39;Парк Авеню&#39;',1,6000,'Нижний Новгород',0,0);
INSERT INTO `object` VALUES (3,1,1,3159,3563,3612,'494','ул. Бетанкура, д.1, ТРЦ Седьмое небо',1,6000,'Нижний Новгород',0,0);
INSERT INTO `object` VALUES (4,1,1,3159,3563,3612,'545','ул. Комсомольская площадь, д. 2, ТЦ Карусель',1,6000,'Нижний Новгород',0,0);
INSERT INTO `object` VALUES (5,1,1,3159,3563,3612,'560','просп. Ленина, 33,ТЦ Муравей',1,6000,'Нижний Новгород',0,0);
INSERT INTO `object` VALUES (6,1,1,3159,3563,3612,'552','ул. Коминтерна, 105, пом.п1 (ТЦ Золотая Миля)',1,6000,'Нижний Новгород',0,0);
INSERT INTO `object` VALUES (7,1,1,3159,3563,3612,'С24','пос. Ждановский, логистический центр Алиди',1,3790,'Нижний Новгород',0,0);
INSERT INTO `object` VALUES (8,1,1,3159,3563,3565,'497','проспект Ленина, д. 129, корп. А. ТЦ Плаза',1,6000,'Арзамас',0,0);
INSERT INTO `object` VALUES (9,1,1,3159,3563,3574,'547','ул. Ленина, д.113Б',1,6000,'Бор',0,0);
INSERT INTO `object` VALUES (10,1,1,3159,3563,5648,'301','ул. Силкина, д.31, ТРК Атом',1,6000,'Саров',0,0);
INSERT INTO `object` VALUES (11,1,1,3159,3563,3598,'678','пр-кт Циолковского, 61, ТЦ Карусель',1,6000,'Дзержинск',0,0);
INSERT INTO `object` VALUES (12,1,1,3159,5011,5051,'251','ул. Дзержинского, д.74, ТЦ Столичный',1,12000,'Якутск',13,7500);
INSERT INTO `object` VALUES (13,1,1,3159,5011,5051,'485','ул. Орджоникидзе д. 38. ТРК Туймаада',1,12000,'Якутск',13,7500);
INSERT INTO `object` VALUES (14,1,1,3159,5473,5504,'388','ул. Льва Толстого, 19, ТЦ Центральный рынок',1,7000,'Хабаровск',82,5000);
INSERT INTO `object` VALUES (15,1,1,3159,5473,5504,'693','ул. Павла Леонтьевича Морозова, д.84, ТЦ Аквариум',1,7000,'Хабаровск',82,5000);
INSERT INTO `object` VALUES (16,1,1,3159,4734,4741,'632','ул. Полетаева д.6 Д',1,7000,'Владивосток',22,5000);
INSERT INTO `object` VALUES (17,1,1,3159,4734,4741,'652','ул. Светланская, д. 29, ТЦ Центральный',1,7000,'Владивосток',22,5000);
INSERT INTO `object` VALUES (18,2,1,3159,3563,3612,'А911','Кстовский район, село Федяково, ТЦ МЕГА',1,4000,'Нижний Новгород',0,0);
INSERT INTO `object` VALUES (19,5,1,3159,3563,3612,'ФЗО 4 компл.','ул.Совнаркомовская 13 офис 10',1,3200,'Нижний Новгород',0,0);
INSERT INTO `object` VALUES (20,2,1,3159,3563,3565,'A699','пр-т  Ленина, д. 121а ТЦ Метро',1,4000,'Арзамас',0,0);
INSERT INTO `object` VALUES (21,5,1,3159,4227,4238,'ФЗО 3 компл.','ул. Петра Смородина, д.3 офис 3',1,2400,'Липецк',0,0);
INSERT INTO `object` VALUES (22,2,1,3159,3563,3590,'A690','ул. Ленина, д.17',1,4000,'Выкса',0,0);
INSERT INTO `object` VALUES (23,2,1,3159,3563,3598,'A551','пр-т Ленина, д.66 ТЦ Дзержинец',1,4000,'Дзержинск',0,0);
INSERT INTO `object` VALUES (24,5,1,3159,5246,5269,'ФЗО 1 компл.','420034, ул. Горсоветская, д.17, офис 27, 28',1,800,'Казань',0,0);
INSERT INTO `object` VALUES (25,2,1,3159,3563,3598,'A776','пр-т Чкалова, д. 23, ТЦ &#34;Юбилейный&#34;',1,4000,'Дзержинск',0,0);
INSERT INTO `object` VALUES (26,2,1,3159,3563,3607,'A775','пл. Ленина, д.5, ТРЦ &#34;Атолл&#34;',1,4000,'Кстово',0,0);
INSERT INTO `object` VALUES (27,6,1,3159,3563,3612,'ФЗО 6 компл.','ул.Совнаркомовская 13 офис 10',1,4800,'Нижний Новгород',0,0);
INSERT INTO `object` VALUES (28,2,1,3159,3437,3461,'A446','ул. Ленина, д.70',1,4000,'Муром',0,0);
INSERT INTO `object` VALUES (29,6,1,3159,5246,5269,'ФЗО 2 компл.','420034, ул. Горсоветская, д.17, офис 27, 28',1,1600,'Казань',0,0);
INSERT INTO `object` VALUES (30,2,1,3159,3563,3612,'A031','ул. Коминтерна, д. 117 ТЦ Сормовские зори',1,4000,'Нижний Новгород',0,0);
INSERT INTO `object` VALUES (31,2,1,3159,3563,3612,'A032','пр-т Гагарина, д. 78',1,4000,'Нижний Новгород',0,0);
INSERT INTO `object` VALUES (32,6,1,3159,4734,4741,'ФЗО 3 компл.','690062, проспект 100-летия Владивостока, 18. Офис 304',1,2400,'Владивосток',0,0);
INSERT INTO `object` VALUES (33,2,1,3159,3563,3612,'A329','ул. Дьяконова, д. 11А ТЦ Новый век',1,4000,'Нижний Новгород',0,0);
INSERT INTO `object` VALUES (34,7,1,3159,3529,3538,'офис','ул.Дружинников, 10',1,2000,'Воронеж',0,0);
INSERT INTO `object` VALUES (35,7,1,3159,4052,4079,'офис','ул.Уральская, 95',1,2000,'Краснодар',0,0);
INSERT INTO `object` VALUES (36,7,1,3159,4528,4549,'офис','ул.Маркса, 30/1',1,2000,'Новосибирск',0,0);
INSERT INTO `object` VALUES (37,7,1,3159,5080,5106,'офис','ул.Крестинского, 44',1,2000,'Екатеринбург',0,0);
INSERT INTO `object` VALUES (38,7,1,3159,3563,3612,'офис','ул.Монастырка, 1В',1,2000,'Нижний Новгород',0,0);
INSERT INTO `object` VALUES (39,7,1,3159,4925,4962,'офис','пр-кт Лиговский, 87',1,2000,'Санкт-Петербург',0,0);
INSERT INTO `object` VALUES (40,7,1,3159,5625,5646,'офис','пр-кт Московский, 1а',1,1070,'Ярославль',0,0);
INSERT INTO `object` VALUES (41,7,1,3159,4734,4741,'офис','пр-кт Острякова, 5',1,2000,'Владивосток',0,0);
INSERT INTO `object` VALUES (42,2,1,3159,3563,3612,'A333','пр-т Молодежный, д. 33',1,4000,'Нижний Новгород',0,0);
INSERT INTO `object` VALUES (43,2,1,3159,3563,3612,'A334','пр-т  Ленина, д. 33 ТЦ Муравей',1,4000,'Нижний Новгород',0,0);
INSERT INTO `object` VALUES (44,2,1,3159,3563,3612,'A478','ул. Родионова, 187 В ТЦ Фантастика',1,4000,'Нижний Новгород',0,0);
INSERT INTO `object` VALUES (45,2,1,3159,3563,3612,'A604','Московское ш., д. 12 ТЦ РИО',1,4000,'Нижний Новгород',0,0);
INSERT INTO `object` VALUES (46,2,1,3159,3563,3612,'S022','пр.Гагарина д.37 кор.23',1,4000,'Нижний Новгород',0,0);
INSERT INTO `object` VALUES (47,2,1,3159,4734,4737,'AX80','ул. Солнечная 46',1,4000,'Артем',22,4000);
INSERT INTO `object` VALUES (48,2,1,3159,3921,3933,'A155','пр. Ленина, 131',1,4000,'Кемерово',0,0);
INSERT INTO `object` VALUES (49,2,1,3159,3921,3933,'A266','пр-т Советский, 25а (пр-т Кузнецкий, 33).',1,4000,'Кемерово',0,0);
INSERT INTO `object` VALUES (50,2,1,3159,5473,5504,'A427','ул. Морозова, 58ж',1,4000,'Хабаровск',82,3000);
INSERT INTO `object` VALUES (51,2,1,3159,5473,5504,'A536','ул. Волочаевская, 87',1,4000,'Хабаровск',0,0);
INSERT INTO `object` VALUES (52,2,1,3159,5011,5051,'A795','ул. Ф. Попова, 17',1,6000,'Якутск',13,4000);
INSERT INTO `object` VALUES (53,2,1,3159,4734,4741,'A392','ул. Фадеева, 30 Б',1,4000,'Владивосток',22,3000);
INSERT INTO `object` VALUES (54,2,1,3159,4734,4741,'A393','ул.Русская, 87а',1,4000,'Владивосток',22,3000);
INSERT INTO `object` VALUES (55,2,1,3159,4734,4741,'A812','ул. Русская, д. 2а',1,4000,'Владивосток',22,3000);
INSERT INTO `object` VALUES (56,2,1,3159,5291,5310,'A039','Иркутский тракт, д. 142/3',1,4000,'Томск',0,0);
INSERT INTO `object` VALUES (57,2,1,3159,5291,5310,'A308','пр.Ленина, д. 129',1,4000,'Томск',0,0);
INSERT INTO `object` VALUES (58,2,1,3159,5291,5310,'A544','ул. Котовского, д. 19/2',1,4000,'Томск',0,0);
INSERT INTO `object` VALUES (59,2,1,3159,5291,5310,'A563','пр. Ленина, д. 217',1,4000,'Томск',0,0);
INSERT INTO `object` VALUES (60,11,1,3159,3563,3612,'Офис','пер. Холодный д. 10 А',1,80000,'Нижний Новгород',0,0);
INSERT INTO `object` VALUES (61,11,1,3159,5291,5310,'Офис','Иркутский тракт, 53б',1,13500,'Томск',0,0);
INSERT INTO `object` VALUES (62,11,1,3159,4734,4741,'Офис','пр-т 100-летия Владивостоку, д.38А',1,24300,'Владивосток',22,12000);
INSERT INTO `object` VALUES (63,11,1,3159,5246,5269,'Офис','ул. Ломжинская 20а',1,80000,'Казань',0,0);
INSERT INTO `object` VALUES (64,11,1,3159,5507,5527,'Офис','ул. Герцена, 6 офис 312 блок С',1,2700,'Магнитогорск',0,0);
INSERT INTO `object` VALUES (65,7,1,3159,4891,4917,'офис','ул.Партизанская, 8 Б',1,2000,'Самара',0,0);
INSERT INTO `object` VALUES (66,11,1,3159,3841,3854,'Офис','ул. Московская, дом 248',1,12900,'Калуга',0,0);
INSERT INTO `object` VALUES (67,7,1,3159,4800,4848,'офис','пер. Доломановский, 116',1,2000,'Ростов-на-Дону',0,0);
INSERT INTO `object` VALUES (68,7,1,3159,5473,5504,'офис','ул.Волочаевская, 8к',1,2000,'Хабаровск',0,0);
INSERT INTO `object` VALUES (69,8,1,3159,3563,3612,'офис','ул.Совнаркомовская 13 офис 10',1,57500,'Нижний Новгород',0,0);
INSERT INTO `object` VALUES (70,11,1,3159,3952,3963,'Офис','ул. Пролетарская 15',1,12600,'Киров',0,0);
INSERT INTO `object` VALUES (71,11,1,3159,3563,3612,'Склад','Ул. Тургенева 13а',1,2100,'Нижний Новгород',0,0);
INSERT INTO `object` VALUES (72,11,1,3159,3994,4019,'Офис','ул. Коммунистическая, 48/2',1,11100,'Сыктывкар',0,0);
INSERT INTO `object` VALUES (73,9,1,3159,4891,4917,'офис','ул. Лесная, д. 23',1,3200,'Самара',0,0);
INSERT INTO `object` VALUES (74,11,1,3159,3994,4019,'Офис','ул. Коммунистическая, 65',1,1200,'Сыктывкар',0,0);
INSERT INTO `object` VALUES (75,9,1,3159,4528,4549,'офис','ул. Романова, д. 39',1,3200,'Новосибирск',0,0);
INSERT INTO `object` VALUES (76,9,1,3159,5507,5539,'офис','ул. Воровского д. 61 &#34;Б&#34;',1,3200,'Челябинск',0,0);
INSERT INTO `object` VALUES (77,9,1,3159,4689,4720,'офис','ул. 25 Октября, д. 101',1,3200,'Пермь',0,0);
INSERT INTO `object` VALUES (78,9,1,3159,3296,3345,'офис','пр. Карла Маркса, 37',1,3200,'Уфа',0,0);
INSERT INTO `object` VALUES (79,11,1,3159,3921,3933,'Офис','ул. Дзержинского, 6А',1,20100,'Кемерово',70,5000);
INSERT INTO `object` VALUES (80,11,1,3159,3921,3933,'Склад','Западный проезд, 5',1,300,'Кемерово',0,0);
INSERT INTO `object` VALUES (81,9,1,3159,4105,4149,'офис','ул. Молокова 1, стр. 4',1,3200,'Красноярск',0,0);
INSERT INTO `object` VALUES (82,9,1,3159,5356,5395,'офис','ул. Герцена, 55',1,3200,'Тюмень',0,0);
INSERT INTO `object` VALUES (83,9,1,3159,4052,4079,'офис','ул. Карасунская, 60',1,3200,'Краснодар',0,0);
INSERT INTO `object` VALUES (84,9,1,3159,5291,5310,'офис','ул. Гагарина, 7',1,3200,'Томск',0,0);
INSERT INTO `object` VALUES (85,9,1,3159,5473,5504,'офис','ул. Ким Ю Чена, 26',1,3200,'Хабаровск',0,0);
INSERT INTO `object` VALUES (86,9,1,3159,3563,3612,'офис','ул. Советская, д. 18Б',1,3200,'Нижний Новгород',0,0);
INSERT INTO `object` VALUES (87,12,1,3159,5246,5269,'офис','ул. Ершова, д.29 Б',1,3100,'Казань',0,0);
INSERT INTO `object` VALUES (88,12,1,3159,3563,3612,'офис','ул. Минина, д.16А',1,3100,'Нижний Новгород',0,0);
INSERT INTO `object` VALUES (89,12,1,3159,4734,4741,'офис','ул. Енисейская, д. 23б',1,3100,'Владивосток',0,0);
INSERT INTO `object` VALUES (90,12,1,3159,5473,5504,'офис','ул. Алеутская, д. 40, ООО «Светлана – К»',1,6000,'Хабаровск',0,0);
INSERT INTO `object` VALUES (91,11,1,3159,4503,5649,'Офис','ул. Славная, д. 48',1,12900,'Великий Новгород',0,0);
INSERT INTO `object` VALUES (92,32,4,3159,5625,5646,'РЦ Пятерочка','Костромское ш. зем. уч. №3, РЦ Ярославль',1,0,'Ярославль',0,0);
INSERT INTO `object` VALUES (93,11,1,3159,3563,3612,'Склад','Нартова 6А',1,0,'Нижний Новгород',0,0);
INSERT INTO `object` VALUES (95,33,5,3159,3563,3598,'АПС','ул. Грибоедова, 36 Б',1,0,'Дзержинск',0,0);
INSERT INTO `object` VALUES (96,32,4,3159,3563,3612,'РЦ Пятерочка','рррррр рррррррррррррррр ррррррр рррррррррррррр',1,0,'Нижний Новгород',0,0);
INSERT INTO `object` VALUES (97,32,4,3159,3563,3575,'РЦ Пятерочка','аукпкевреонгплпгшлдгшпрдшгплверекывпрвекрвекрвек',1,0,'Бутурлино',0,0);
INSERT INTO `object` VALUES (98,32,4,3159,3563,3612,'РЦ Пятерочка','аукпкевреонгплпгшлдгшпрдшгплверекывпрвекрвекрвек',1,0,'Нижний Новгород',0,0);
INSERT INTO `object` VALUES (99,6,1,3159,5246,5269,'649','ул. Рихарда Зорге, дом 11б',1,0,'Казань',0,0);
INSERT INTO `object` VALUES (100,11,1,3159,5473,5504,'офис','ул. Алеутская, д. 40',1,0,'Хабаровск',82,0);
INSERT INTO `object` VALUES (101,2,1,3159,3563,3612,'AX36','ул. Базовый проезд 1а',1,4000,'Нижний Новгород',0,0);
INSERT INTO `object` VALUES (102,2,1,3159,5246,5269,'A137','Ямашева, 97',1,4000,'Казань',0,0);
INSERT INTO `object` VALUES (103,2,1,3159,5246,5269,'A197','Парина, 3',1,4000,'Казань',0,0);
INSERT INTO `object` VALUES (104,2,1,3159,5246,5269,'AX33','Лаишевский р-н, с. Столбище, ул. Советская, стр.271',1,4000,'Казань',0,0);
INSERT INTO `object` VALUES (105,2,1,3159,3952,3963,'A766','ул.Воровского, 77, ТЦ ЦУМ',1,4000,'Киров',0,0);
INSERT INTO `object` VALUES (106,2,1,3159,4227,4238,'A331','ул. Космонавтов, д. 98',1,4000,'Липецк',0,0);
INSERT INTO `object` VALUES (107,2,1,3159,4227,4238,'A431','ул. Генерала Меркулова, д. 2',1,4000,'Липецк',0,0);
INSERT INTO `object` VALUES (108,34,6,3159,3563,3613,'17377','ул. 1-я Строителя, д. 38 б',1,0,'Павлово',0,0);
INSERT INTO `object` VALUES (109,8,1,3159,4528,4549,'офис','Новосибирск, Зыряновская 119',1,0,'Новосибирск',16,0);
INSERT INTO `object` VALUES (110,34,6,3159,3563,5650,'15103','п. Луч, д. 77',1,0,'пос. Луч',0,0);
INSERT INTO `object` VALUES (111,9,1,3159,3563,3612,'офис','Нижний Новгород, ул. Володарского 40, офис 4а',1,0,'Нижний Новгород',93,0);
INSERT INTO `object` VALUES (112,7,1,3159,4052,4079,'офис','Северная 443, офис 77',1,0,'Краснодар',25,0);
INSERT INTO `object` VALUES (113,7,1,3159,4925,4962,'офис','проспект Обуховской Обороны, 271, офис 224',1,0,'Санкт-Петербург',0,0);
INSERT INTO `object` VALUES (114,8,1,3159,4227,4238,'офис','Скороходова ул., д. 11',1,0,'Липецк',91,0);
INSERT INTO `object` VALUES (115,6,1,3159,4227,4238,'233','ул. Катукова д.11',1,0,'Липецк',0,0);
INSERT INTO `object` VALUES (116,2,1,3159,4734,4741,'S032','ул. Калинина, д. 84',1,0,'Владивосток',0,0);
INSERT INTO `object` VALUES (117,34,6,3159,3563,3598,'17087','пр. Ленинского Комсомола, д. 37/23',1,0,'Дзержинск',0,0);
INSERT INTO `object` VALUES (119,6,1,3159,5473,5504,'А536','ул. Волочаевская, 87',1,0,'Хабаровск',0,0);
INSERT INTO `object` VALUES (120,6,1,3159,5011,5051,'485','г. Якутск, ул. Орджоникидзе, д.38, ТРК Туймаада',1,0,'Якутск',0,0);
INSERT INTO `object` VALUES (121,6,1,3159,3563,3612,'494','ул. Бетанкура, д.1, ТРЦ Седьмое небо',1,0,'Нижний Новгород',0,0);
INSERT INTO `object` VALUES (122,2,1,3159,3563,3612,'А911','А911, Кстовский р-н, с. Федяково, ул. Любимая, стр. 1',1,0,'Нижний Новгород',0,0);
INSERT INTO `object` VALUES (123,6,1,3159,4734,4741,'A812','ул. Русская, д. 2а',1,0,'Владивосток',0,0);
INSERT INTO `object` VALUES (124,6,1,3159,5246,5269,'795','Оренбурский тракт, 158, ТЦ Порт',1,0,'Казань',0,0);
INSERT INTO `object` VALUES (125,6,1,3159,5011,5051,'А795','ул. Ф.Попова, д.17',1,0,'Якутск',0,0);
INSERT INTO `object` VALUES (126,6,1,3159,3563,3598,'678','Дзержинск,пр. Циолковского, д.61 ТЦ Карусель',1,0,'Дзержинск',0,0);
INSERT INTO `object` VALUES (127,15,1,3159,4925,4962,'Магазин','ТЦ Лето, Пулковское шоссе, д.25, корп.1, лит.А',1,0,'Санкт-Петербург',0,0);
INSERT INTO `object` VALUES (128,1,1,3159,3761,3770,'252','ул. Профессора Баранова д. 40 ТРЦ Европа',1,6000,'Калининград',5,4500);
INSERT INTO `object` VALUES (130,6,1,3159,3563,3565,'497','пр-т Ленина, д.129А, ТЦ «Плаза»',1,0,'Арзамас',0,0);
INSERT INTO `object` VALUES (131,6,1,3159,4734,4741,'Магазин','А393. Владивосток, ул. Русская, д. 87 А',1,0,'Владивосток',0,0);
INSERT INTO `object` VALUES (132,2,1,3159,4925,4932,'--','187406, г. Волхов, ул. Ломоносова, 28-67',1,0,'Волхов',0,0);
INSERT INTO `object` VALUES (133,6,1,3159,4734,4741,'652','ул. Светланская, д. 29, ТЦ &#39;Центральный&#39;',1,0,'Владивосток',0,0);
INSERT INTO `object` VALUES (134,25,1,3159,4925,4962,'магазин','Полюстровский пр., 84А',1,0,'Санкт-Петербург',0,0);
INSERT INTO `object` VALUES (135,35,3,3159,3784,3823,'--','--',1,0,'Тверь',0,0);
INSERT INTO `object` VALUES (136,6,1,3159,4227,4238,'638','ул. Катукова/ул. Московская, ТРЦ &#39;Ривьера&#39;',1,0,'Липецк',0,0);
INSERT INTO `object` VALUES (137,6,1,3159,3563,3612,'635','ул. Большая Покровская, д.82, ТРЦ &#39;НЕБО&#39;',1,0,'Нижний Новгород',0,0);
/*!40000 ALTER TABLE `object` ENABLE KEYS */;
UNLOCK TABLES;

--
-- Table structure for table `projects`
--

DROP TABLE IF EXISTS `projects`;
/*!40101 SET @saved_cs_client     = @@character_set_client */;
/*!40101 SET character_set_client = utf8 */;
CREATE TABLE `projects` (
  `id_project` int(11) NOT NULL AUTO_INCREMENT,
  `id_customer` int(11) unsigned NOT NULL,
  `projectname` varchar(50) NOT NULL,
  `status` tinyint(1) NOT NULL,
  `cost_hour` double unsigned NOT NULL,
  `cost_incident_critical` double unsigned NOT NULL,
  `cost_incident_high` double unsigned NOT NULL,
  `cost_incident_medium` double unsigned NOT NULL,
  `cost_incident_low` double unsigned NOT NULL,
  PRIMARY KEY (`id_project`)
) ENGINE=InnoDB AUTO_INCREMENT=36 DEFAULT CHARSET=utf8;
/*!40101 SET character_set_client = @saved_cs_client */;

--
-- Dumping data for table `projects`
--

LOCK TABLES `projects` WRITE;
/*!40000 ALTER TABLE `projects` DISABLE KEYS */;
INSERT INTO `projects` VALUES (1,1,'М.Видео',1,550,0,0,0,0);
INSERT INTO `projects` VALUES (2,1,'Эльдорадо',1,500,0,0,0,0);
INSERT INTO `projects` VALUES (3,1,'ФФ Стайл (Finn Flare)',1,600,400,400,400,400);
INSERT INTO `projects` VALUES (4,1,'Медиа Сети',1,400,1100,1100,1100,1100);
INSERT INTO `projects` VALUES (5,1,'Скрин Медиа',1,0,1480,1480,1480,1480);
INSERT INTO `projects` VALUES (6,1,'Директ Кредит',1,500,2000,1400,1400,1400);
INSERT INTO `projects` VALUES (7,1,'АСГ',1,500,0,0,0,0);
INSERT INTO `projects` VALUES (8,1,'Цюрих/Зетта',1,500,0,0,0,0);
INSERT INTO `projects` VALUES (9,1,'Дельта Кредит',1,500,0,0,0,0);
INSERT INTO `projects` VALUES (10,1,'Аскона',1,500,0,0,0,0);
INSERT INTO `projects` VALUES (11,1,'Теле2',1,500,1200,1200,1200,1200);
INSERT INTO `projects` VALUES (12,1,'Avon',1,600,0,0,0,0);
INSERT INTO `projects` VALUES (13,1,'Конфаэль',1,500,0,0,0,0);
INSERT INTO `projects` VALUES (14,1,'Линии Любви',1,500,0,0,0,0);
INSERT INTO `projects` VALUES (15,1,'INCANTO',1,5250,0,0,0,0);
INSERT INTO `projects` VALUES (16,1,'Defacto',1,500,0,0,0,0);
INSERT INTO `projects` VALUES (17,1,'Hoff',1,500,0,0,0,0);
INSERT INTO `projects` VALUES (18,1,'Детский мир',1,500,0,0,0,0);
INSERT INTO `projects` VALUES (19,1,'CHESTER',1,500,0,0,0,0);
INSERT INTO `projects` VALUES (20,1,'TJ Collection',1,500,0,0,0,0);
INSERT INTO `projects` VALUES (21,1,'BENAFFETTO',1,500,0,0,0,0);
INSERT INTO `projects` VALUES (22,1,'TESCOMA',1,500,0,0,0,0);
INSERT INTO `projects` VALUES (23,1,'Lacoste',1,500,1800,0,1400,0);
INSERT INTO `projects` VALUES (24,1,'Marko',1,500,0,0,0,0);
INSERT INTO `projects` VALUES (25,1,'Буду мамой',1,500,0,0,0,0);
INSERT INTO `projects` VALUES (26,1,'Профкосмо',1,500,0,0,0,0);
INSERT INTO `projects` VALUES (27,1,'DIM',1,500,0,0,0,0);
INSERT INTO `projects` VALUES (28,1,'Уфатек',1,500,0,0,0,0);
INSERT INTO `projects` VALUES (29,1,'Мир Обуви',1,500,0,0,0,0);
INSERT INTO `projects` VALUES (30,1,'Колеса даром',1,500,0,0,0,0);
INSERT INTO `projects` VALUES (31,2,'Почта РФ',1,0,0,0,0,0);
INSERT INTO `projects` VALUES (32,4,'Пятерочка',1,0,0,0,0,0);
INSERT INTO `projects` VALUES (33,5,'Проектирование',1,0,0,0,0,0);
INSERT INTO `projects` VALUES (34,6,'Пятерочка',1,0,0,0,0,0);
INSERT INTO `projects` VALUES (35,3,'Монтажные работы',1,750,0,0,0,0);
/*!40000 ALTER TABLE `projects` ENABLE KEYS */;
UNLOCK TABLES;

--
-- Table structure for table `region`
--

DROP TABLE IF EXISTS `region`;
/*!40101 SET @saved_cs_client     = @@character_set_client */;
/*!40101 SET character_set_client = utf8 */;
CREATE TABLE `region` (
  `region_id` int(10) unsigned NOT NULL AUTO_INCREMENT,
  `country_id` int(10) unsigned NOT NULL DEFAULT '0',
  `city_id` int(10) unsigned NOT NULL DEFAULT '0',
  `name` varchar(64) NOT NULL DEFAULT '',
  PRIMARY KEY (`region_id`),
  KEY `country_id` (`country_id`),
  KEY `city_id` (`city_id`)
) ENGINE=InnoDB AUTO_INCREMENT=5626 DEFAULT CHARSET=utf8;
/*!40101 SET character_set_client = @saved_cs_client */;

--
-- Dumping data for table `region`
--

LOCK TABLES `region` WRITE;
/*!40000 ALTER TABLE `region` DISABLE KEYS */;
INSERT INTO `region` VALUES (3160,3159,0,'Алтайский край');
INSERT INTO `region` VALUES (3223,3159,0,'Амурская обл.');
INSERT INTO `region` VALUES (3251,3159,0,'Архангельская обл.');
INSERT INTO `region` VALUES (3282,3159,0,'Астраханская обл.');
INSERT INTO `region` VALUES (3296,3159,0,'Башкортостан(Башкирия)');
INSERT INTO `region` VALUES (3352,3159,0,'Белгородская обл.');
INSERT INTO `region` VALUES (3371,3159,0,'Брянская обл.');
INSERT INTO `region` VALUES (3407,3159,0,'Бурятия');
INSERT INTO `region` VALUES (3437,3159,0,'Владимирская обл.');
INSERT INTO `region` VALUES (3468,3159,0,'Волгоградская обл.');
INSERT INTO `region` VALUES (3503,3159,0,'Вологодская обл.');
INSERT INTO `region` VALUES (3529,3159,0,'Воронежская обл.');
INSERT INTO `region` VALUES (3563,3159,0,'Нижегородская (Горьковская)');
INSERT INTO `region` VALUES (3630,3159,0,'Дагестан');
INSERT INTO `region` VALUES (3673,3159,0,'Еврейская обл.');
INSERT INTO `region` VALUES (3675,3159,0,'Ивановская обл.');
INSERT INTO `region` VALUES (3703,3159,0,'Иркутская обл.');
INSERT INTO `region` VALUES (3751,3159,0,'Кабардино-Балкария');
INSERT INTO `region` VALUES (3761,3159,0,'Калининградская обл.');
INSERT INTO `region` VALUES (3784,3159,0,'Тверская обл.');
INSERT INTO `region` VALUES (3827,3159,0,'Калмыкия');
INSERT INTO `region` VALUES (3841,3159,0,'Калужская обл.');
INSERT INTO `region` VALUES (3872,3159,0,'Камчатская обл.');
INSERT INTO `region` VALUES (3892,3159,0,'Карелия');
INSERT INTO `region` VALUES (3921,3159,0,'Кемеровская обл.');
INSERT INTO `region` VALUES (3952,3159,0,'Кировская обл.');
INSERT INTO `region` VALUES (3994,3159,0,'Коми');
INSERT INTO `region` VALUES (4026,3159,0,'Костромская обл.');
INSERT INTO `region` VALUES (4052,3159,0,'Краснодарский край');
INSERT INTO `region` VALUES (4105,3159,0,'Красноярский край');
INSERT INTO `region` VALUES (4176,3159,0,'Курганская обл.');
INSERT INTO `region` VALUES (4198,3159,0,'Курская обл.');
INSERT INTO `region` VALUES (4227,3159,0,'Липецкая обл.');
INSERT INTO `region` VALUES (4243,3159,0,'Магаданская обл.');
INSERT INTO `region` VALUES (4270,3159,0,'Марий Эл');
INSERT INTO `region` VALUES (4287,3159,0,'Мордовия');
INSERT INTO `region` VALUES (4312,3159,0,'Москва и Московская обл.');
INSERT INTO `region` VALUES (4481,3159,0,'Мурманская обл.');
INSERT INTO `region` VALUES (4503,3159,0,'Новгородская обл.');
INSERT INTO `region` VALUES (4528,3159,0,'Новосибирская обл.');
INSERT INTO `region` VALUES (4561,3159,0,'Омская обл.');
INSERT INTO `region` VALUES (4593,3159,0,'Оренбургская обл.');
INSERT INTO `region` VALUES (4633,3159,0,'Орловская обл.');
INSERT INTO `region` VALUES (4657,3159,0,'Пензенская обл.');
INSERT INTO `region` VALUES (4689,3159,0,'Пермская обл.');
INSERT INTO `region` VALUES (4734,3159,0,'Приморский край');
INSERT INTO `region` VALUES (4773,3159,0,'Псковская обл.');
INSERT INTO `region` VALUES (4800,3159,0,'Ростовская обл.');
INSERT INTO `region` VALUES (4861,3159,0,'Рязанская обл.');
INSERT INTO `region` VALUES (4891,3159,0,'Самарская обл.');
INSERT INTO `region` VALUES (4925,3159,0,'Санкт-Петербург и область');
INSERT INTO `region` VALUES (4969,3159,0,'Саратовская обл.');
INSERT INTO `region` VALUES (5011,3159,0,'Саха (Якутия)');
INSERT INTO `region` VALUES (5052,3159,0,'Сахалин');
INSERT INTO `region` VALUES (5080,3159,0,'Свердловская обл.');
INSERT INTO `region` VALUES (5151,3159,0,'Северная Осетия');
INSERT INTO `region` VALUES (5161,3159,0,'Смоленская обл.');
INSERT INTO `region` VALUES (5191,3159,0,'Ставропольский край');
INSERT INTO `region` VALUES (5225,3159,0,'Тамбовская обл.');
INSERT INTO `region` VALUES (5246,3159,0,'Татарстан');
INSERT INTO `region` VALUES (5291,3159,0,'Томская обл.');
INSERT INTO `region` VALUES (5312,3159,0,'Тува (Тувинская Респ.)');
INSERT INTO `region` VALUES (5326,3159,0,'Тульская обл.');
INSERT INTO `region` VALUES (5356,3159,0,'Тюменская обл.');
INSERT INTO `region` VALUES (5404,3159,0,'Удмуртия');
INSERT INTO `region` VALUES (5432,3159,0,'Ульяновская обл.');
INSERT INTO `region` VALUES (5458,3159,0,'Уральская обл.');
INSERT INTO `region` VALUES (5473,3159,0,'Хабаровский край');
INSERT INTO `region` VALUES (5507,3159,0,'Челябинская обл.');
INSERT INTO `region` VALUES (5543,3159,0,'Чечено-Ингушетия');
INSERT INTO `region` VALUES (5555,3159,0,'Читинская обл.');
INSERT INTO `region` VALUES (5600,3159,0,'Чувашия');
INSERT INTO `region` VALUES (5625,3159,0,'Ярославская обл.');
/*!40000 ALTER TABLE `region` ENABLE KEYS */;
UNLOCK TABLES;

--
-- Table structure for table `tickets`
--

DROP TABLE IF EXISTS `tickets`;
/*!40101 SET @saved_cs_client     = @@character_set_client */;
/*!40101 SET character_set_client = utf8 */;
CREATE TABLE `tickets` (
  `id_ticket` int(11) NOT NULL AUTO_INCREMENT,
  `ticket_number` varchar(20) NOT NULL,
  `year` int(4) unsigned NOT NULL,
  `month` int(2) unsigned NOT NULL,
  `id_object` int(11) unsigned NOT NULL,
  `ticket_date` datetime NOT NULL,
  `ticket_task` varchar(150) NOT NULL,
  `ticket_solution` varchar(150) NOT NULL,
  `ticket_material` varchar(200) NOT NULL,
  `ticket_status` int(1) unsigned NOT NULL,
  `ticket_sla` int(1) unsigned NOT NULL,
  `work_type` int(1) unsigned NOT NULL,
  `hours` int(2) unsigned NOT NULL,
  `cost_smeta` double unsigned NOT NULL,
  `cost_material` double unsigned NOT NULL,
  `cost_transport` double unsigned NOT NULL,
  `customer_account_number` varchar(30) NOT NULL,
  `customer_date_payment` date NOT NULL,
  `customer_payment_status` tinyint(1) NOT NULL,
  `comment` varchar(100) NOT NULL,
  `last_edit_datetime` datetime NOT NULL,
  `last_edit_user_id` int(11) unsigned NOT NULL,
  `implementer` int(1) unsigned NOT NULL,
  `id_engineers` varchar(100) NOT NULL,
  `id_contractor` int(11) unsigned NOT NULL,
  `contr_cost_work` double unsigned NOT NULL,
  `contr_cost_smeta` double unsigned NOT NULL,
  `contr_cost_transport` double unsigned NOT NULL,
  `contr_material` varchar(200) NOT NULL,
  `contr_cost_material` double unsigned NOT NULL,
  `contr_account_number` varchar(30) NOT NULL,
  `contr_date_payment` date NOT NULL,
  `contr_payment_status` int(1) unsigned NOT NULL,
  `contr_comment` varchar(200) NOT NULL,
  `supplier` varchar(60) NOT NULL,
  `supplier_cost_work` double unsigned NOT NULL,
  `supplier_contr_material` varchar(200) NOT NULL,
  `supplier_cost_material` double unsigned NOT NULL,
  `supplier_account_number` varchar(30) NOT NULL,
  `supplier_date_payment` date NOT NULL,
  `supplier_payment_status` int(1) unsigned NOT NULL,
  `supplier_comment` varchar(100) NOT NULL,
  PRIMARY KEY (`id_ticket`)
) ENGINE=InnoDB AUTO_INCREMENT=147 DEFAULT CHARSET=utf8;
/*!40101 SET character_set_client = @saved_cs_client */;

--
-- Dumping data for table `tickets`
--

LOCK TABLES `tickets` WRITE;
/*!40000 ALTER TABLE `tickets` DISABLE KEYS */;
INSERT INTO `tickets` VALUES (2,'51591',2019,4,92,'2019-03-29 16:25:22','Ремонт принтера','ЗИП заказан, срок поставки 2-3 мес., ремонт за счет подрядчиков','',2,2,3,0,11300,0,0,'','0000-00-00',0,'','2019-04-03 22:27:36',2,0,'',57,0,0,0,'',0,'','0000-00-00',0,'','ООО КПД Москва',0,'Сенсорная панель',4800,'00000017','2019-02-07',1,'');
INSERT INTO `tickets` VALUES (3,'SR01815763',2019,4,62,'2019-03-29 16:28:28','увеличить объем оперативной памяти','диагностика отправлена. на согласовании. ждем поставку зип','',2,2,2,1,0,0,0,'','0000-00-00',0,'','2019-04-03 12:13:29',4,0,'',22,0,0,0,'',0,'','0000-00-00',0,'','',0,'',0,'','0000-00-00',0,'');
INSERT INTO `tickets` VALUES (4,'б/н',2019,4,95,'2019-03-29 16:44:27','Проектирование АПС Синтез-Полимер','Ожидаем архитектурные планы от строителей','',2,2,3,0,0,0,0,'','0000-00-00',0,'','2019-04-04 22:04:09',2,1,'a:1:{i:0;s:1:\"3\";}',0,0,0,0,'',0,'','0000-00-00',0,'','',0,'',0,'','0000-00-00',0,'');
INSERT INTO `tickets` VALUES (5,'332891',2019,4,86,'2019-03-29 16:49:29','нужен ОРИГИНАЛЬНЫЙ картридж','Закупка и предоставление оригинального картриджа','Картридж 19500р., доставка 600р.',1,2,3,0,0,19500,600,'','0000-00-00',0,'','2019-04-02 13:00:10',6,1,'a:1:{i:0;s:1:\"7\";}',0,0,0,0,'',0,'','0000-00-00',0,'','ООО КПД Москва',0,'Картридж',14245,'КПДС-00002339','2019-03-26',1,'');
INSERT INTO `tickets` VALUES (9,'SR01679488',2019,4,63,'2019-03-31 20:07:58','заменить ПК','Инф. Отправлена заказчику, ответа еще нет.','',2,2,0,0,0,0,0,'','0000-00-00',0,'','2019-04-03 11:12:38',4,0,'',33,0,0,0,'',0,'','0000-00-00',0,'','',0,'',0,'','0000-00-00',0,'');
INSERT INTO `tickets` VALUES (10,'SR01679490',2019,4,63,'2019-03-31 20:10:28','заменить ПК','Инф. Отправлена заказчику, ответа еще нет. Мониторы не поступили','',2,2,0,0,0,0,0,'','0000-00-00',0,'','2019-04-04 10:42:59',6,0,'',33,0,0,0,'',0,'','0000-00-00',0,'','',0,'',0,'','0000-00-00',0,'');
INSERT INTO `tickets` VALUES (11,'SR01679543',2019,4,63,'2019-03-31 20:11:58','заменить ПК','Инф. Отправлена заказчику, ответа еще нет. Мониторы не поступили','',2,2,0,0,0,0,0,'','0000-00-00',0,'','2019-04-04 10:42:48',6,0,'',33,0,0,0,'',0,'','0000-00-00',0,'','',0,'',0,'','0000-00-00',0,'');
INSERT INTO `tickets` VALUES (12,'SR01679540',2019,4,63,'2019-03-31 20:13:28','заменить ПК','Инф. Отправлена заказчику, ответа еще нет. Мониторы не поступили','',2,2,0,0,0,0,0,'','0000-00-00',0,'','2019-04-04 10:42:37',6,0,'',33,0,0,0,'',0,'','0000-00-00',0,'','',0,'',0,'','0000-00-00',0,'');
INSERT INTO `tickets` VALUES (13,'SR01679547',2019,4,63,'2019-03-31 20:14:46','заменить ПК','Инф. Отправлена заказчику, ответа еще нет. Мониторы не поступили','',2,2,0,0,0,0,0,'','0000-00-00',0,'','2019-04-04 10:42:28',6,0,'',33,0,0,0,'',0,'','0000-00-00',0,'','',0,'',0,'','0000-00-00',0,'');
INSERT INTO `tickets` VALUES (14,'312049',2019,4,99,'2019-03-31 20:27:14','Не работает 2 из 4 USB на моноблоке','моноблок предоставлен подменный из ФЗО, матплата к заказу недоступна, отправлен акт ОТС, информация еще не поступала.','',2,0,1,0,0,0,0,'','0000-00-00',0,'','2019-04-03 11:24:43',6,0,'',37,700,0,0,'',0,'','0000-00-00',0,'','',0,'',0,'','0000-00-00',0,'');
INSERT INTO `tickets` VALUES (15,'SR01782160',2019,4,60,'2019-03-31 20:41:02','Аккумулятор ноутбука не держит заряд','Диагностика (1ч), ориг. АКБ на согласовании. изменений нет.','АКБ',2,2,3,0,500,6800,500,'','0000-00-00',0,'','2019-04-03 11:21:33',4,1,'a:1:{i:0;s:1:\"9\";}',0,0,0,0,'',0,'','0000-00-00',0,'','RSS-НН',3200,'оригинальный АКБ',0,'22/212180-1','0000-00-00',0,'');
INSERT INTO `tickets` VALUES (16,'335182',2019,4,1,'2019-04-01 09:33:37','Вышла из строя клавиатура, требуется замена','','',0,2,0,0,0,0,0,'','0000-00-00',0,'клавиатуру отправили нам 05.04','2019-04-05 13:31:52',6,1,'a:1:{i:0;s:1:\"7\";}',0,0,0,0,'',0,'','0000-00-00',0,'','',0,'',0,'','0000-00-00',0,'');
INSERT INTO `tickets` VALUES (17,'SR01937634',2019,4,61,'2019-04-01 09:36:10','устранить неисправность принтера/ сканера','Заявка переназначена на IT Support','',1,2,0,0,0,0,0,'','0000-00-00',0,'','2019-04-01 09:51:32',5,1,'',0,0,0,0,'',0,'','0000-00-00',0,'','',0,'',0,'','0000-00-00',0,'');
INSERT INTO `tickets` VALUES (18,'SR01946531',2019,4,62,'2019-04-01 09:38:22','неисправна система охлаждения, заменить вентилятор','ожидаем стоимость кулера на согласование от подрядчика. для уточнения подход.Зип надо забрать ноутбук в СЦ. польз.в отпуске до 14.одобрения от СБ нет.','',2,2,3,0,0,0,0,'','0000-00-00',0,'','2019-04-03 12:13:22',4,0,'',22,0,0,0,'',0,'','0000-00-00',0,'','',0,'',0,'','0000-00-00',0,'');
INSERT INTO `tickets` VALUES (19,'335305',2019,4,81,'2019-04-01 09:40:01','Сломался принтер.распечатывает и копирует только одну половину документа&#13;&#10;','диагностика. демонтаж/монтаж узла закрепления изо','',1,2,0,0,0,0,0,'','0000-00-00',0,'','2019-04-02 11:32:36',4,0,'',74,700,0,0,'',0,'','0000-00-00',0,'','',0,'',0,'','0000-00-00',0,'');
INSERT INTO `tickets` VALUES (20,'SR01946787',2019,4,70,'2019-04-01 09:43:12','Не включается системный блок','диагностика. демонтаж старого пк, монтаж нового. установка ОС. копирование файлов.','',1,0,2,4,0,0,0,'','0000-00-00',0,'','2019-04-01 14:11:24',4,0,'',89,700,0,0,'',0,'','0000-00-00',0,'','',0,'',0,'','0000-00-00',0,'');
INSERT INTO `tickets` VALUES (21,'335299',2019,4,36,'2019-04-01 09:48:35','Скинуть пароль на ноутбуке','удаление пароль с учетной записи','',1,2,0,0,0,0,0,'','0000-00-00',0,'','2019-04-03 13:05:19',4,0,'',16,850,0,0,'',0,'','0000-00-00',0,'','',0,'',0,'','0000-00-00',0,'');
INSERT INTO `tickets` VALUES (22,'SR01947076',2019,4,66,'2019-04-01 10:45:51','Отваливается доступ в Internet','пользователь в отпуске. проведение работ согласовано на 09.04 (по возвращ.польз-я)','',0,2,0,0,0,0,0,'','0000-00-00',0,'','2019-04-03 10:36:55',4,0,'',18,700,0,0,'',0,'','0000-00-00',0,'','',0,'',0,'','0000-00-00',0,'');
INSERT INTO `tickets` VALUES (23,'SR01946896',2019,4,62,'2019-04-01 10:49:40','Активация MS office','выполнена активация MS office','',1,2,0,0,0,0,0,'','0000-00-00',0,'','2019-04-04 10:10:23',4,0,'',22,0,0,0,'',0,'','0000-00-00',0,'','',0,'',0,'','0000-00-00',0,'');
INSERT INTO `tickets` VALUES (25,'335337',2019,4,90,'2019-04-01 11:47:20','провести профилактические работы','Проведены профилактические работы','',1,2,0,0,0,0,0,'','0000-00-00',0,'','2019-04-03 10:06:41',6,0,'',82,2500,0,0,'',0,'','0000-00-00',0,'','',0,'',0,'','0000-00-00',0,'');
INSERT INTO `tickets` VALUES (26,'SR01947315',2019,4,61,'2019-04-01 12:21:31','Настроить принтер HP LJ 3035mfp','отключение кабеля интернета от розетки','',1,2,0,0,0,0,0,'','0000-00-00',0,'','2019-04-02 11:54:54',4,0,'',72,700,0,0,'',0,'','0000-00-00',0,'','',0,'',0,'','0000-00-00',0,'');
INSERT INTO `tickets` VALUES (27,'330553',2019,4,54,'2019-04-01 14:26:48','оценка стоимости работ - перенос 3х терминалов и 3х ТД','скорректированная смета от подрядчиков прислана, согласована. (на 75816р)','выезд (4ч)',1,2,2,4,0,0,0,'','0000-00-00',0,'','2019-04-05 10:34:21',4,0,'',22,0,0,0,'',0,'','0000-00-00',0,'','',0,'',0,'','0000-00-00',0,'');
INSERT INTO `tickets` VALUES (28,'SR01856942',2019,4,79,'2019-04-01 14:31:08','Заменить АКБ в Ноутбуке','АКБ для ноутбука на согласовании (доставка из Москвы (НН)) Еще не согласовали','',2,2,3,0,0,7100,800,'','0000-00-00',0,'','2019-04-03 11:21:27',6,0,'',70,0,0,0,'',0,'','0000-00-00',0,'','',0,'',0,'','0000-00-00',0,'');
INSERT INTO `tickets` VALUES (30,'SR01877085',2019,4,61,'2019-04-01 14:36:40','Перегрузка оперативной памяти ПК','диагностика. Отправлены вар. ОЗУ на 4 и 8 ГБ на согласование. Согласования нет.','',2,2,0,0,0,0,0,'','0000-00-00',0,'','2019-04-03 11:22:37',4,0,'',72,700,0,0,'',0,'','0000-00-00',0,'','',0,'',0,'','0000-00-00',0,'');
INSERT INTO `tickets` VALUES (31,'331663',2019,4,35,'2019-04-01 14:40:08','провести диагностику ноутбука. (зависает)','Диагностика, закупка и замена кулера','Кулер-800р;доставка-500р.',1,2,3,0,0,800,500,'','0000-00-00',0,'','2019-04-05 09:25:00',6,0,'',25,1500,0,0,'Кулер-600',600,'','0000-00-00',0,'','',0,'',0,'','0000-00-00',0,'');
INSERT INTO `tickets` VALUES (32,'SR01882224',2019,4,79,'2019-04-01 14:41:55','Заменить АКБ в ноутбуке','оригинальная АКБ для ноутбука на согласовании, согласования еще нет','',2,2,3,0,0,7200,800,'','0000-00-00',0,'','2019-04-03 11:24:00',6,0,'',70,0,0,0,'',0,'','0000-00-00',0,'','',0,'',0,'','0000-00-00',0,'');
INSERT INTO `tickets` VALUES (33,'332178',2019,4,109,'2019-04-01 14:49:12','Не работает UPS','оборудование  в АСЦ (ибп). Составлен акт на ремонт сил.платы. Стоимость + доставка согласованы. отремонтировано. доверенность отправлена 03.04','ремонт силовой платы',0,2,3,0,0,9945,800,'','0000-00-00',0,'','2019-04-05 13:19:56',4,0,'',16,850,0,0,'',0,'','0000-00-00',0,'','ИП Ордин Д.А.',6800,'',0,'25/272291','0000-00-00',1,'');
INSERT INTO `tickets` VALUES (34,'17377',2019,4,108,'2019-04-01 14:50:06','ПНР в магазине 20.04.','','',2,2,3,0,60610.21,0,0,'','0000-00-00',0,'ПНР 20.04; ВПК 22.04; Открытие 30.04','2019-04-04 09:59:42',6,0,'',93,60610.21,0,0,'',0,'','0000-00-00',0,'','',0,'',0,'','0000-00-00',0,'');
INSERT INTO `tickets` VALUES (35,'15103',2019,4,110,'2019-04-01 14:51:23','ПНР в магазине 20.04.','','',2,2,3,0,56949.19,0,0,'','0000-00-00',0,'ПНР 20.04; ВПК 22.04; Открытие 30.04','2019-04-04 10:00:16',6,0,'',93,0,56949.19,0,'',0,'','0000-00-00',0,'','',0,'',0,'','0000-00-00',0,'');
INSERT INTO `tickets` VALUES (36,'332588',2019,4,12,'2019-04-01 14:53:37','Вздулись корпуса на 5-ти планшетах','2 планшета по гарантии в АСЦ, запчасти еще не поступили.','',0,2,0,0,0,0,0,'','0000-00-00',0,'3 планшета не на гарантии, 2 на гарантии; 2 планшета готовы','2019-04-05 10:47:05',6,0,'',13,0,0,0,'',0,'','0000-00-00',0,'','',0,'',0,'','0000-00-00',0,'');
INSERT INTO `tickets` VALUES (37,'SR01901338',2019,4,79,'2019-04-01 14:56:16','Замена АКБ в ноутбуке','акб на согласовании, согласования еще нет','',2,2,3,0,8000,0,0,'','0000-00-00',0,'','2019-04-03 11:33:25',6,0,'',70,0,0,0,'',0,'','0000-00-00',0,'','',0,'',0,'','0000-00-00',0,'');
INSERT INTO `tickets` VALUES (38,'332588 /1',2019,4,12,'2019-04-01 15:17:19','доставка планшетов в СЦ','','',0,2,0,0,0,0,0,'','0000-00-00',0,'Планшеты доставлены в сц по гарантии.2 готовы; 5 будут готовы в понедельник 8.04, 1 неизвестно','2019-04-05 10:49:18',6,0,'',82,600,0,0,'',0,'','0000-00-00',0,'','',0,'',0,'','0000-00-00',0,'');
INSERT INTO `tickets` VALUES (39,'332907',2019,4,13,'2019-04-01 15:19:44','Вздулись акб на 11 планшетах','','',0,2,3,0,0,0,0,'','0000-00-00',0,'6 планшетов на гарантии.&#13;&#10;5 планшетов не на гарантии&#13;&#10;5 будут готовы 08.04;1неизвест','2019-04-05 10:50:22',6,0,'',13,0,0,0,'',0,'','0000-00-00',0,'','',0,'',0,'','0000-00-00',0,'');
INSERT INTO `tickets` VALUES (40,'333389',2019,4,112,'2019-04-01 15:25:04','Не включается камера при работе в скайп для бизнеса','Закупка; подключение; настройка веб-камеры','Веб-камера-1650; доставка-500р',1,2,3,0,0,1650,500,'','0000-00-00',0,'','2019-04-04 17:50:25',6,0,'',25,700,0,0,'веб камера-1140',1140,'','0000-00-00',0,'веб камера','',0,'',0,'','0000-00-00',0,'');
INSERT INTO `tickets` VALUES (41,'333535',2019,4,49,'2019-04-01 15:28:05','Перенос АРМ и линии СКС','1 выезд - уборка розеток и линий СКС, 2 выезд - укладка линий СКС на лотки','',1,2,2,4,0,0,0,'','0000-00-00',0,'','2019-04-01 15:28:05',4,0,'',70,1400,0,0,'',0,'','0000-00-00',0,'','',0,'',0,'','0000-00-00',0,'');
INSERT INTO `tickets` VALUES (42,'333710',2019,4,53,'2019-04-01 15:30:37','необходимо поставить и подключить денежный ящик','ждем денежный ящик от CTI в г.Владивосток. поступил.','',0,2,0,0,0,0,0,'','0000-00-00',0,'','2019-04-05 11:23:30',4,0,'',22,0,0,0,'',0,'','0000-00-00',0,'','',0,'',0,'','0000-00-00',0,'');
INSERT INTO `tickets` VALUES (43,'SR01918938',2019,4,79,'2019-04-01 15:32:22','Ошибка при сканировании в папку','Был совершен выезд для сброса МФУ до заводских настроек, инф. Отправлена в CTI, ответа еще не постпило','',2,2,0,0,0,0,0,'','0000-00-00',0,'','2019-04-03 12:13:31',6,0,'',70,0,0,0,'',0,'','0000-00-00',0,'','',0,'',0,'','0000-00-00',0,'');
INSERT INTO `tickets` VALUES (44,'SR01920554',2019,4,61,'2019-04-01 15:35:45','Не работает второй монитор','переходник согласован;поступил; выезд 05.04','переходник VGA - DPORT 1235р. Доставка 500р.',0,2,3,0,0,1235,500,'','0000-00-00',0,'','2019-04-05 09:37:34',6,0,'',72,700,0,0,'',950,'','0000-00-00',0,'','',0,'',0,'','0000-00-00',0,'');
INSERT INTO `tickets` VALUES (45,'335430',2019,4,113,'2019-04-01 15:47:59','Медленная работа ноутбука, необходимо поменять HDD на SSD и установить windows','Замена SSD; установка ОС; перенос данных со старого SSD на новый','SSD 4150р. Доставка 500р.',1,2,3,0,0,4150,500,'','0000-00-00',0,'','2019-04-05 10:54:51',2,0,'',14,700,0,0,'SSD 3150р.',3150,'','2019-04-05',1,'Оплачен SSD 3150р (04.04.2019)','',0,'',0,'','0000-00-00',0,'');
INSERT INTO `tickets` VALUES (46,'333750',2019,4,114,'2019-04-01 15:48:40','Вышел из строя UPS','Закупка и замена АКБ в ИБП (6шт.)','АКБ (1970*6=11820) доставка 500р.',1,2,3,0,0,11820,500,'','0000-00-00',0,'','2019-04-02 09:32:58',6,0,'',91,700,0,0,'',9702,'','0000-00-00',0,'Закупили 6шт. АКБ','',0,'',0,'','0000-00-00',0,'');
INSERT INTO `tickets` VALUES (47,'SR01921341',2019,4,62,'2019-04-01 15:51:48','не работает веб-камера','не работает встроенная камера. Ждем одобрения от сб на забор ноута в СЦ. польз. ждет поставку зип, до этого не готов отдавать в ремонт ноутбук','',2,2,0,0,0,0,0,'','0000-00-00',0,'','2019-04-04 09:55:34',4,0,'',22,0,0,0,'',0,'','0000-00-00',0,'','',0,'',0,'','0000-00-00',0,'');
INSERT INTO `tickets` VALUES (48,'SR01922548',2019,4,79,'2019-04-01 15:55:23','заменить гарнитуру','Закупка и предоставление гарнитуры','Гарнитура-1900;доставка-500',1,2,3,0,0,1900,500,'','0000-00-00',0,'','2019-04-04 15:05:16',6,0,'',70,0,0,0,'Гарнитура-1080',1080,'','0000-00-00',0,'','',0,'',0,'','0000-00-00',0,'');
INSERT INTO `tickets` VALUES (49,'SR01922553',2019,4,79,'2019-04-01 15:58:02','заменить гарнитуру','Закупка и предоставление гарнитуры','Гарнитура-1900; доставка-500',1,2,3,0,0,1900,500,'','0000-00-00',0,'гарнитура','2019-04-04 15:01:14',6,0,'',70,0,0,0,'Гарнитура-1080',1080,'','0000-00-00',0,'','',0,'',0,'','0000-00-00',0,'');
INSERT INTO `tickets` VALUES (50,'SR01922528',2019,4,79,'2019-04-01 15:59:51','заменить гарнитуру','Закупка и предоставление гарнитуры','Гарнитура-1900; доставка-500',1,2,3,0,0,1900,500,'','0000-00-00',0,'','2019-04-04 15:02:53',6,0,'',70,0,0,0,'Гарнитура-1080',1080,'','0000-00-00',0,'','',0,'',0,'','0000-00-00',0,'');
INSERT INTO `tickets` VALUES (51,'333913',2019,4,76,'2019-04-01 16:02:31','МФУ 5335-2, жует бумагу. Скрип при захвате бумаги','диагностика. замена роликов.','Комплект роликов захвата/подачи/отделения для МФУ Xerox WC5335',1,2,3,0,4800,0,500,'','0000-00-00',0,'','2019-04-02 16:37:51',4,0,'',11,900,0,0,'',2790,'','0000-00-00',0,'','',0,'',0,'','0000-00-00',0,'');
INSERT INTO `tickets` VALUES (52,'335442',2019,4,115,'2019-04-01 16:16:38','Настройка основного провайдера','Настройка принтера;перезаливка микротика','',1,0,3,0,2000,0,0,'','0000-00-00',0,'','2019-04-02 09:26:54',6,0,'',91,700,0,0,'',0,'','0000-00-00',0,'','',0,'',0,'','0000-00-00',0,'');
INSERT INTO `tickets` VALUES (53,'335424',2019,4,14,'2019-04-01 16:22:05','Постоянно вылетает BSOD при работе','польз-ль сообщил, что проблема решена без нашего участия. позвонил в тп для отмены заявки.','',1,2,0,0,0,0,0,'','0000-00-00',0,'','2019-04-02 09:27:57',4,0,'',82,0,0,0,'',0,'','0000-00-00',0,'','',0,'',0,'','0000-00-00',0,'');
INSERT INTO `tickets` VALUES (54,'SR01926267',2019,4,60,'2019-04-01 16:22:47','Заменить наушники','Закупка и замена гарнитуры','гарнитура',1,2,3,0,0,700,500,'','0000-00-00',0,'','2019-04-01 16:50:04',6,1,'a:1:{i:0;s:1:\"9\";}',0,0,0,0,'',0,'','0000-00-00',0,'','Ситилинк',0,'гарнитура',270,'Y3347585','0000-00-00',1,'');
INSERT INTO `tickets` VALUES (55,'334141',2019,4,116,'2019-04-01 16:24:18','Демонтаж сервера','демонтаж сервера(объект не на абонентке)','',1,2,2,1,0,0,0,'','0000-00-00',0,'','2019-04-03 10:44:42',4,0,'',22,700,0,0,'',0,'','0000-00-00',0,'','',0,'',0,'','0000-00-00',0,'');
INSERT INTO `tickets` VALUES (56,'SR01668844',2019,4,60,'2019-04-01 16:26:19','подключить факс','факс неисправен, настроить его невозможно, сотрудники на объекте будут искать новый факс, передана инф. в СиТиАй','',2,2,0,0,0,0,0,'','0000-00-00',0,'','2019-04-05 11:29:32',5,1,'a:1:{i:0;s:1:\"9\";}',0,0,0,0,'',0,'','0000-00-00',0,'','',0,'',0,'','0000-00-00',0,'');
INSERT INTO `tickets` VALUES (57,'335425',2019,4,48,'2019-04-01 16:27:40','Оценка стоимости работ','появилась инф. с объекта об изменении планировки. 05.04 повторный выезд. корректную смету пришлют в пн 08.04','',0,2,3,0,0,0,0,'','0000-00-00',0,'','2019-04-05 13:40:39',4,0,'',70,0,0,0,'',0,'','0000-00-00',0,'','',0,'',0,'','0000-00-00',0,'');
INSERT INTO `tickets` VALUES (58,'334204',2019,4,48,'2019-04-01 16:27:51','не работает считыватель карт на Клавиатуре','Выезд для замены был 02.04. переходник с USB-PS/2 согласован','Переходник-450р; доставка-500р.',0,2,3,0,0,450,500,'','0000-00-00',0,'','2019-04-04 14:59:34',6,0,'',70,0,0,0,'Хаб BURO BU-HUB4 - 315р',315,'','0000-00-00',0,'','',0,'',0,'','0000-00-00',0,'');
INSERT INTO `tickets` VALUES (59,'334208',2019,4,8,'2019-04-01 16:31:41','ИБП вышел из строя','Диагностика, закупка и замена АКБ в ИБП (4шт.)','АКБ (1160*4=4640), доставка 500р.',1,2,3,0,0,4640,500,'','0000-00-00',0,'','2019-04-02 09:48:38',6,0,'',52,700,0,0,'АКБ (850*4=3400), ремонт 200р.',3600,'','0000-00-00',0,'','',0,'',0,'','0000-00-00',0,'');
INSERT INTO `tickets` VALUES (60,'SR01929316',2019,4,79,'2019-04-01 16:33:15','Медленно работает ПК. Прошу добавить ОЗУ','диагностика. Озу на складе нет. Ждем  поставку Зип','',0,2,3,0,0,0,0,'','0000-00-00',0,'','2019-04-05 13:24:42',4,0,'',70,0,0,0,'',0,'','0000-00-00',0,'','',0,'',0,'','0000-00-00',0,'');
INSERT INTO `tickets` VALUES (61,'334297',2019,4,7,'2019-04-01 16:37:31','протестировать ЖД,переустановить ОС, заменить Жд','тестирование HDD. закупка и замена HDD. установка ОС, ПО, драйверов.(8ч, /1ч - 550р)','HDD',1,2,3,0,4400,4130,0,'','0000-00-00',0,'','2019-04-02 09:40:11',4,1,'a:1:{i:0;s:1:\"8\";}',0,0,0,0,'',0,'','0000-00-00',0,'','Ситилинк',0,'HDD',2570,'Y3347585','0000-00-00',1,'');
INSERT INTO `tickets` VALUES (62,'334333',2019,4,48,'2019-04-01 16:39:48','Не работает печать на термопринтере','оборудование забрано в СЦ для диагностики','',0,2,0,0,0,0,0,'','0000-00-00',0,'нашли СЦ, отправили инф. подрядчику 05.04','2019-04-05 11:08:21',4,0,'',70,0,0,0,'',0,'','0000-00-00',0,'','',0,'',0,'','0000-00-00',0,'');
INSERT INTO `tickets` VALUES (63,'334372',2019,4,12,'2019-04-01 16:42:13','Не корректная работа сканера ШК, пищит при сканировании','Диагностика, замена сканера ШК из ФЗО','',1,2,0,0,0,0,0,'','0000-00-00',0,'','2019-04-04 14:50:28',6,0,'',13,0,0,0,'',0,'','0000-00-00',0,'','',0,'',0,'','0000-00-00',0,'');
INSERT INTO `tickets` VALUES (64,'SR01932570',2019,4,62,'2019-04-01 16:44:19','некорректная работа excel','дубль SR01815763','',1,2,0,0,0,0,0,'','0000-00-00',0,'','2019-04-03 11:20:19',4,0,'',22,0,0,0,'',0,'','0000-00-00',0,'','',0,'',0,'','0000-00-00',0,'');
INSERT INTO `tickets` VALUES (65,'SR01932587',2019,4,62,'2019-04-01 16:45:56','заменить батарею ноутбука','ждем (фото батареи есть) и стоим кулера. для проверки подх.Зип необходимо забрать ноут в СЦ.польз-ль в отпуске до 14.04, одобрения от сб нет.','',2,2,3,0,0,0,0,'','0000-00-00',0,'','2019-04-05 12:48:24',4,0,'',22,0,0,0,'',0,'','0000-00-00',0,'','',0,'',0,'','0000-00-00',0,'');
INSERT INTO `tickets` VALUES (66,'SR01934207',2019,4,72,'2019-04-01 16:47:17','предоставить доступ к отправке сканированных документов на электронную почту','заявка направлена на уточнению пользователю. Ответа еще не поступило','',2,2,0,0,0,0,0,'','0000-00-00',0,'','2019-04-04 09:40:09',6,0,'',6,700,0,0,'',0,'','0000-00-00',0,'','',0,'',0,'','0000-00-00',0,'');
INSERT INTO `tickets` VALUES (67,'SR01934158',2019,4,60,'2019-04-01 16:48:34','заменить неисправный HDD на SSD','Добавление SSD со склада; установка ОС','',1,2,0,0,0,0,0,'','0000-00-00',0,'','2019-04-05 16:47:47',6,1,'a:1:{i:0;s:1:\"9\";}',0,0,0,0,'',0,'','0000-00-00',0,'','',0,'',0,'','0000-00-00',0,'');
INSERT INTO `tickets` VALUES (68,'SR01926823',2019,4,66,'2019-04-01 16:51:20','установка арм (Стандартный ПК+монитор+гарнитура)','Настройка АРМ(2 ч). Гарнитура поступила, выезд 02.04','установка арм (2ч), гарнитура 700, доставка 500',1,2,3,0,1000,700,500,'','0000-00-00',0,'','2019-04-03 10:36:06',4,0,'',18,700,0,0,'гарнитура',350,'','0000-00-00',0,'','',0,'',0,'','0000-00-00',0,'');
INSERT INTO `tickets` VALUES (69,'SR01934702',2019,4,60,'2019-04-01 16:57:42','проверить работу гарнитуры. Нет звука','закупка и замена гарнитуры','гарнитура',1,2,3,0,0,700,500,'','0000-00-00',0,'','2019-04-01 17:40:02',4,1,'a:1:{i:0;s:1:\"9\";}',0,0,0,0,'',0,'','0000-00-00',0,'','Ситилинк',0,'гарнитура',270,'Y3378571','0000-00-00',1,'');
INSERT INTO `tickets` VALUES (70,'17087',2019,4,117,'2019-04-01 17:00:04','Магазин открыт 05.04.','','',1,2,3,0,49627.15,0,0,'','0000-00-00',0,'','2019-04-05 12:51:00',6,1,'a:1:{i:0;s:1:\"7\";}',0,0,0,0,'',0,'','0000-00-00',0,'','',0,'',0,'','0000-00-00',0,'');
INSERT INTO `tickets` VALUES (71,'SR01914633',2019,4,60,'2019-04-01 17:07:11','установка арм ( ноутбук + монитор  + гарнитура + мышь+avaya )','Установка АРМ (3ч), закупка и предоставление гарнитуры','гарнитура 1900р., доставка 500р',1,2,3,0,1500,1900,500,'','0000-00-00',0,'','2019-04-02 14:42:20',6,1,'a:1:{i:0;s:1:\"9\";}',0,0,0,0,'',0,'','0000-00-00',0,'','Ситилинк, ДНС Ритейл',0,'переходник для гарнитуры(170)за наличные, гарнитура в ситилинке(270)',440,'Y3347585','0000-00-00',1,'');
INSERT INTO `tickets` VALUES (72,'334535',2019,4,119,'2019-04-01 17:13:02','ПК переодически выключается, зависает, меделенно работает','Диагностика, ПК к замене, отправлен Акт в CTI','',2,2,3,0,1400,0,0,'','0000-00-00',0,'','2019-04-03 09:16:28',6,0,'',82,0,0,0,'',0,'','0000-00-00',0,'','',0,'',0,'','0000-00-00',0,'');
INSERT INTO `tickets` VALUES (73,'335058',2019,4,120,'2019-04-01 17:13:03','Установка ОС Linux на всех ПК (с 01.04-05.04)','Выезд согласован на пн 08.04','',0,2,1,0,0,0,0,'','0000-00-00',0,'','2019-04-05 09:37:23',4,0,'',13,0,0,0,'',0,'','0000-00-00',0,'','',0,'',0,'','0000-00-00',0,'');
INSERT INTO `tickets` VALUES (74,'SR01936638',2019,4,79,'2019-04-01 17:15:45','увеличить ОЗУ на ПК в связи с низкой производительностью','диагностика(1ч), ожидаем массовую поставку ЗИП','',1,2,3,0,500,0,0,'','0000-00-00',0,'','2019-04-02 13:09:32',6,0,'',70,0,0,0,'',0,'','0000-00-00',0,'','',0,'',0,'','0000-00-00',0,'');
INSERT INTO `tickets` VALUES (75,'SR01936720',2019,4,79,'2019-04-01 17:17:19','Медленно работает ПК, прошу расширить ОЗУ','диагностика. Ждем поставку зип','',2,2,3,0,0,0,0,'','0000-00-00',0,'','2019-04-05 11:15:49',4,0,'',70,0,0,0,'',0,'','0000-00-00',0,'','',0,'',0,'','0000-00-00',0,'');
INSERT INTO `tickets` VALUES (76,'SR01936748',2019,4,79,'2019-04-01 17:19:00','медленная работа ПК, прошу расширить ОЗУ','диагностика. Ждем поставку зип','',2,2,3,0,0,0,0,'','0000-00-00',0,'','2019-04-05 11:15:38',4,0,'',70,0,0,0,'',0,'','0000-00-00',0,'','',0,'',0,'','0000-00-00',0,'');
INSERT INTO `tickets` VALUES (77,'335061',2019,4,121,'2019-04-01 17:19:36','Установка ОС Linux на всех ПК (с 01.04-05.04)','установка Linux - 4 РМ. настройка печати и сканирования.','',1,2,3,0,1400,0,0,'','0000-00-00',0,'','2019-04-03 15:42:26',4,1,'a:1:{i:0;s:1:\"7\";}',0,0,0,0,'',0,'','0000-00-00',0,'','',0,'',0,'','0000-00-00',0,'');
INSERT INTO `tickets` VALUES (78,'SR01936876',2019,4,79,'2019-04-01 17:20:01','медленная работа ПК, прошу расширить ОЗУ','диагностика. Заявка передена на группу Заказчика до поступления зип','',1,2,3,0,0,0,0,'','0000-00-00',0,'','2019-04-03 10:51:41',4,0,'',70,0,0,0,'',0,'','0000-00-00',0,'','',0,'',0,'','0000-00-00',0,'');
INSERT INTO `tickets` VALUES (79,'SR01936895',2019,4,79,'2019-04-01 17:22:11','замечена медленная работа ПК, прошу расширить ОЗУ','диагностика. заявка переведена на группу заказчика до поступления зип','',1,2,3,0,0,0,0,'','0000-00-00',0,'','2019-04-03 10:52:13',4,0,'',70,0,0,0,'',0,'','0000-00-00',0,'','',0,'',0,'','0000-00-00',0,'');
INSERT INTO `tickets` VALUES (80,'334580',2019,4,12,'2019-04-01 17:24:38','перестают реагировать на подключения все USB порты. не работают любые подключённые устройства к ПК','диагностика. СБ исправен. Неисправен ИБП, ждем ИБП из Москвы. Еще не поступил.','',0,2,0,0,0,0,0,'','0000-00-00',0,'','2019-04-04 13:03:24',6,0,'',13,0,0,0,'',0,'','0000-00-00',0,'','',0,'',0,'','0000-00-00',0,'');
INSERT INTO `tickets` VALUES (81,'SR01937707',2019,4,64,'2019-04-01 17:25:45','Настроить принтер на всех ПК','настройка принтера. подключение к принт.серверу','',1,2,0,0,0,0,0,'','0000-00-00',0,'','2019-04-05 14:27:27',4,0,'',95,700,0,0,'',0,'','2019-04-05',1,'','',0,'',0,'','0000-00-00',0,'');
INSERT INTO `tickets` VALUES (82,'335116',2019,4,122,'2019-04-01 17:25:58','Проведение инвентаризации','Отправлена Заказчику на проверку, необходимо сделать фото серверной','',2,2,0,0,0,0,0,'','0000-00-00',0,'','2019-04-02 12:37:26',6,1,'a:1:{i:0;s:1:\"7\";}',0,0,0,0,'',0,'','0000-00-00',0,'','',0,'',0,'','0000-00-00',0,'');
INSERT INTO `tickets` VALUES (83,'334638',2019,4,76,'2019-04-01 17:27:00','постоянно замятие в лотке. Смазанная печать','02.04 - диагностика, ЗИП на согласовании','Термопленка - 1 400 р.&#13;&#10;Узел захвата - 3 900 р.',2,3,3,0,5300,0,0,'','0000-00-00',0,'','2019-04-04 12:50:32',5,0,'',11,1200,2000,0,'Термопленка - 1050&#13;&#10;Вал захвата - 950',0,'','0000-00-00',0,'','',0,'',0,'','0000-00-00',0,'');
INSERT INTO `tickets` VALUES (84,'SR01939102',2019,4,79,'2019-04-01 17:28:13','Заменить гарнитуру&#13;&#10;','Закупка и предоставление гарнитуры','гарнитура 1900р. Доставка 500р.',1,2,3,0,0,1900,500,'','0000-00-00',0,'','2019-04-04 15:03:28',6,0,'',70,0,0,0,'гарнитура-1080',1080,'','0000-00-00',0,'','',0,'',0,'','0000-00-00',0,'');
INSERT INTO `tickets` VALUES (85,'SR01937113',2019,4,79,'2019-04-01 17:28:57','Увеличение ОЗУ до объема 8 ГБ (суммарно)','Диагностика (1ч), ждем массовую поставку ЗиП','Диагностика 500р.',1,2,3,0,500,0,0,'','0000-00-00',0,'','2019-04-04 11:08:22',6,0,'',70,0,0,0,'',0,'','0000-00-00',0,'','',0,'',0,'','0000-00-00',0,'');
INSERT INTO `tickets` VALUES (86,'SR01939115',2019,4,79,'2019-04-01 17:29:34','Заменить гарнитуру&#13;&#10;','Закупка и предоставление гарнитуры','гарнитура 1900р. Доставка 500р.',1,2,3,0,0,1900,500,'','0000-00-00',0,'','2019-04-04 14:55:09',6,0,'',70,0,0,0,'гарнитура-1080р.',1080,'','0000-00-00',0,'','',0,'',0,'','0000-00-00',0,'');
INSERT INTO `tickets` VALUES (87,'SR01939106',2019,4,79,'2019-04-01 17:31:05','Заменить гарнитуру','Закупка и предоставление гарнитуры','Гарнитура 1900р. Доставка 500р.',1,2,3,0,0,1900,500,'','0000-00-00',0,'','2019-04-04 14:55:57',6,0,'',70,0,0,0,'Гарнитура-1080р.',1080,'','0000-00-00',0,'','',0,'',0,'','0000-00-00',0,'');
INSERT INTO `tickets` VALUES (88,'SR01939090',2019,4,79,'2019-04-01 17:33:00','Заменить гарнитуру','Закупка и предоставление гарнитуры','Гарнитура 1900р. Доставка 500р.',1,2,3,0,0,1900,500,'','0000-00-00',0,'','2019-04-04 14:52:36',6,0,'',70,0,0,0,'Гарнитура-1080р.',1080,'','0000-00-00',0,'','',0,'',0,'','0000-00-00',0,'');
INSERT INTO `tickets` VALUES (89,'334988',2019,4,8,'2019-04-01 17:34:22','нет питания на дисплее покупателя','Диагностика, закупка и замена блока питания','Блок питания 800р, доставка 500р.',1,2,3,0,0,800,500,'','0000-00-00',0,'','2019-04-02 12:43:27',6,0,'',52,700,0,0,'Блок питания, замена разъема (360+200)',560,'','0000-00-00',0,'','',0,'',0,'','0000-00-00',0,'');
INSERT INTO `tickets` VALUES (90,'SR01939122',2019,4,79,'2019-04-01 17:36:41','Заменить гарнитуру','Закупка и предоставление гарнитуры','Гарнитура 1900р. Доставка 500р.',1,2,3,0,0,1900,500,'','0000-00-00',0,'','2019-04-04 14:54:29',6,0,'',70,0,0,0,'Гарнитура(1080)',1080,'','0000-00-00',0,'','',0,'',0,'','0000-00-00',0,'');
INSERT INTO `tickets` VALUES (91,'335466',2019,4,17,'2019-04-02 08:35:40','Пк infostand вылетел из домена, требуется перезавести','работы выполнены. ждем сл 08.04','',0,2,0,0,0,0,0,'','0000-00-00',0,'','2019-04-05 11:57:25',4,0,'',22,0,0,0,'',0,'','0000-00-00',0,'','',0,'',0,'','0000-00-00',0,'');
INSERT INTO `tickets` VALUES (92,'335504',2019,4,123,'2019-04-02 08:40:33','настройка интернет-каналов','пользователь попросил перенести работы на 08.04','',0,2,1,0,0,0,0,'','0000-00-00',0,'','2019-04-05 09:36:54',4,0,'',22,0,0,0,'',0,'','0000-00-00',0,'','',0,'',0,'','0000-00-00',0,'');
INSERT INTO `tickets` VALUES (93,'335510',2019,4,124,'2019-04-02 08:44:40','Настройка интернет-каналов','на точке отсутствует кабель от провайдера, ТП вкурсе','',1,2,1,0,0,0,0,'','0000-00-00',0,'','2019-04-03 09:29:59',6,0,'',37,700,0,0,'',0,'','0000-00-00',0,'','',0,'',0,'','0000-00-00',0,'');
INSERT INTO `tickets` VALUES (94,'SR01950498',2019,4,63,'2019-04-02 11:09:17','Outlook просит удалить файл OST на удаленном рабочем столе VDI','настройка почты на удаленном рабочем столе.','',1,2,0,0,0,0,0,'','0000-00-00',0,'','2019-04-05 15:35:27',4,0,'',33,700,0,0,'',0,'','0000-00-00',0,'','',0,'',0,'','0000-00-00',0,'');
INSERT INTO `tickets` VALUES (95,'SR01946808',2019,4,70,'2019-04-02 11:34:47','требуется повторно завести ноутбук в домен','Диагностика, переустановка ОС','',1,2,2,2,0,0,0,'','0000-00-00',0,'','2019-04-04 11:55:18',6,0,'',89,700,0,0,'',0,'','0000-00-00',0,'','',0,'',0,'','0000-00-00',0,'');
INSERT INTO `tickets` VALUES (96,'334370',2019,4,12,'2019-04-02 11:59:03','переместить: Касса мобайл','перенос линий, монтаж розеток, подключение оборудования','',1,2,3,0,11543.56,0,0,'','0000-00-00',0,'','2019-04-02 11:59:03',4,0,'',13,3000,0,0,'',0,'','0000-00-00',0,'','',0,'',0,'','0000-00-00',0,'');
INSERT INTO `tickets` VALUES (97,'334885',2019,4,85,'2019-04-02 12:01:10','МФУ зажевало бумагу, нет возможности извлечь','устранение затора бумаги','',1,2,0,0,0,0,0,'','0000-00-00',0,'','2019-04-02 12:01:10',4,0,'',82,600,0,0,'',0,'','0000-00-00',0,'','',0,'',0,'','0000-00-00',0,'');
INSERT INTO `tickets` VALUES (98,'335085',2019,4,125,'2019-04-02 12:04:41','проверить коммутацию сети и настроики роутера','переобжим кабеля, проверка настроек и коммутации сети','',1,0,3,0,2000,0,0,'','0000-00-00',0,'','2019-04-02 12:04:41',4,0,'',13,0,0,0,'',0,'','0000-00-00',0,'','',0,'',0,'','0000-00-00',0,'');
INSERT INTO `tickets` VALUES (99,'SR01915310',2019,4,62,'2019-04-02 13:16:07','Заменить клавиатуру','выдана клавиатура со склада','',1,2,3,0,0,0,0,'','0000-00-00',0,'','2019-04-05 09:35:57',4,0,'',22,0,0,0,'',0,'','0000-00-00',0,'','',0,'',0,'','0000-00-00',0,'');
INSERT INTO `tickets` VALUES (100,'335634',2019,4,126,'2019-04-02 14:46:41','На всех ПК заменить Windows на Linux','установка OC Linux на 3 РМ. установка ПО.','',1,0,3,0,2000,0,0,'','0000-00-00',0,'','2019-04-03 10:37:42',4,1,'a:1:{i:0;s:1:\"8\";}',0,0,0,0,'',0,'','0000-00-00',0,'','',0,'',0,'','0000-00-00',0,'');
INSERT INTO `tickets` VALUES (101,'SR01951849',2019,4,60,'2019-04-02 15:02:27','Не работает телефон','диагностика. замена.','',1,2,0,0,0,0,0,'','0000-00-00',0,'','2019-04-02 15:41:26',4,1,'a:1:{i:0;s:1:\"9\";}',0,0,0,0,'',0,'','0000-00-00',0,'','',0,'',0,'','0000-00-00',0,'');
INSERT INTO `tickets` VALUES (102,'335620',2019,4,127,'2019-04-02 16:05:10','Установка 3D счетчика с учетом протяжки UTP-линии','','',0,2,3,0,5250,0,0,'','0000-00-00',0,'Отделочные работы закончат 05.04. поедет 08.04 для осмотра, и нужны ли доп.мат.','2019-04-05 16:24:31',6,0,'',14,0,0,0,'',0,'','0000-00-00',0,'','',0,'',0,'','0000-00-00',0,'');
INSERT INTO `tickets` VALUES (103,'SR01943359',2019,4,60,'2019-04-02 17:06:34','подготовить рабочее место для нового сотрудника','Установка и настройка АРМ','',1,2,0,0,0,0,0,'','0000-00-00',0,'','2019-04-04 15:16:09',6,1,'a:1:{i:0;s:1:\"9\";}',0,0,0,0,'',0,'','0000-00-00',0,'','',0,'',0,'','0000-00-00',0,'');
INSERT INTO `tickets` VALUES (104,'335217',2019,4,121,'2019-04-03 09:10:10','залить Linux вместо Windows','дубль 335061','',1,2,0,0,0,0,0,'','0000-00-00',0,'','2019-04-03 15:43:06',4,1,'a:1:{i:0;s:1:\"7\";}',0,0,0,0,'',0,'','0000-00-00',0,'','',0,'',0,'','0000-00-00',0,'');
INSERT INTO `tickets` VALUES (105,'SR01953341',2019,4,62,'2019-04-03 09:35:57','Каждые 5-7 минут отключается интернет, не работает avaya','восстановление работы методом сброса.','',1,1,0,0,0,0,0,'','0000-00-00',0,'','2019-04-04 10:11:50',4,0,'',22,0,0,0,'',0,'','0000-00-00',0,'','',0,'',0,'','0000-00-00',0,'');
INSERT INTO `tickets` VALUES (106,'SR01953434',2019,4,62,'2019-04-03 09:39:56','Очистка жесткого диска','выезд 05.04. проведена диагностика. ждем поставку зип','',2,2,0,0,0,0,0,'','0000-00-00',0,'','2019-04-05 11:18:57',4,0,'',22,0,0,0,'',0,'','0000-00-00',0,'','',0,'',0,'','0000-00-00',0,'');
INSERT INTO `tickets` VALUES (107,'SR01953192',2019,4,63,'2019-04-03 10:08:25','Проблема с внешним жестким диском','сбой в работе raid массива на одном из серверов.','',1,0,0,0,0,0,0,'','0000-00-00',0,'','2019-04-03 15:18:38',4,0,'',33,700,0,0,'',0,'','0000-00-00',0,'','',0,'',0,'','0000-00-00',0,'');
INSERT INTO `tickets` VALUES (108,'SR01953721',2019,4,72,'2019-04-03 10:41:16','подключить принтер(кабинет отдела безопасности)','заявка неактуальна. выполнение работ не требуется. принтер подключен был ранее.','',1,2,0,0,0,0,0,'','0000-00-00',0,'','2019-04-03 16:41:47',4,0,'',6,0,0,0,'',0,'','0000-00-00',0,'','',0,'',0,'','0000-00-00',0,'');
INSERT INTO `tickets` VALUES (109,'SR01945713',2019,4,62,'2019-04-03 11:08:05','появляется ошибка &#34;Срок действия учетной записи пользователя истек&#34;','заявка переведена на IT Support','',1,1,0,0,0,0,0,'','0000-00-00',0,'','2019-04-04 10:13:10',4,0,'',22,0,0,0,'',0,'','0000-00-00',0,'','',0,'',0,'','0000-00-00',0,'');
INSERT INTO `tickets` VALUES (110,'SR01939285',2019,4,79,'2019-04-03 12:22:55','Установить SSD большей емкости','Диагностика(1ч). Ждем массовую поставку Зип','',1,2,2,1,0,0,0,'','0000-00-00',0,'','2019-04-04 13:01:35',6,0,'',70,0,0,0,'',0,'','0000-00-00',0,'','',0,'',0,'','0000-00-00',0,'');
INSERT INTO `tickets` VALUES (111,'SR01939271',2019,4,79,'2019-04-03 12:28:50','установить SSD большей емкости','Диагностика (1ч). Ждем массовую поставку Зип','',1,2,2,1,0,0,0,'','0000-00-00',0,'','2019-04-04 13:00:52',6,0,'',70,0,0,0,'',0,'','0000-00-00',0,'','',0,'',0,'','0000-00-00',0,'');
INSERT INTO `tickets` VALUES (112,'SR01939134',2019,4,79,'2019-04-03 12:34:18','Рассмотреть замену ноутбука на новый(медленно работает; расшатаны USB порты)','нет подходящего оборудования на складе в Теле2. запросили инф. у подрядчиков поможет ли добавление ОЗУ.','',0,2,3,0,0,0,0,'','0000-00-00',0,'','2019-04-05 13:03:09',4,0,'',70,0,0,0,'',0,'','0000-00-00',0,'','',0,'',0,'','0000-00-00',0,'');
INSERT INTO `tickets` VALUES (113,'335710',2019,4,81,'2019-04-03 13:09:23','Поломка: распечатывает и копирует только одну половину документа, постоянно «зажевывает» бумагу.','выезд 05.04.','',0,3,0,0,0,0,0,'','0000-00-00',0,'','2019-04-04 13:34:47',6,0,'',74,500,0,0,'',0,'','0000-00-00',0,'','',0,'',0,'','0000-00-00',0,'');
INSERT INTO `tickets` VALUES (114,'SR01939124',2019,4,79,'2019-04-03 13:18:07','Увеличить ОЗУ','На объекте','',0,2,3,0,0,0,0,'','0000-00-00',0,'','2019-04-04 11:10:20',6,0,'',70,0,0,0,'',0,'','0000-00-00',0,'','',0,'',0,'','0000-00-00',0,'');
INSERT INTO `tickets` VALUES (115,'SR01955102',2019,4,79,'2019-04-03 14:38:20','Выдать гарнитуру','гарнитура согласована','гарнитура-1900; доставка-500р',0,2,3,0,0,1900,500,'','0000-00-00',0,'','2019-04-05 11:08:21',6,0,'',70,0,0,0,'гарнитура-1080',1080,'','0000-00-00',0,'','',0,'',0,'','0000-00-00',0,'');
INSERT INTO `tickets` VALUES (116,'SR01955210',2019,4,60,'2019-04-03 14:50:46','произвести замену гарнитуры','Закупка и предоставление гарнитуры','Гарнитура 700р. Доставка 500р.',1,2,3,0,0,700,500,'','0000-00-00',0,'','2019-04-05 16:43:57',6,1,'a:1:{i:0;s:1:\"9\";}',0,0,0,0,'',0,'','0000-00-00',0,'','Ситилинк',0,'Гарнитура 270р.',270,'Y3527010','2019-04-04',1,'');
INSERT INTO `tickets` VALUES (117,'SR01712209',2019,4,60,'2019-04-03 15:31:34','Замена ноутбука','Работы пока проводить не требуется. Ждем информацию от Заказчика','',2,2,0,0,0,0,0,'','0000-00-00',0,'','2019-04-03 15:31:34',6,1,'a:1:{i:0;s:1:\"9\";}',0,0,0,0,'',0,'','0000-00-00',0,'','',0,'',0,'','0000-00-00',0,'');
INSERT INTO `tickets` VALUES (118,'SR01813955',2019,4,60,'2019-04-03 15:33:36','Выдать ноутбук','Работы пока проводить не требуется. Ждем информацию от Заказчика','',2,2,0,0,0,0,0,'','0000-00-00',0,'','2019-04-03 15:33:36',6,1,'a:1:{i:0;s:1:\"9\";}',0,0,0,0,'',0,'','0000-00-00',0,'','',0,'',0,'','0000-00-00',0,'');
INSERT INTO `tickets` VALUES (119,'SR01955747',2019,4,60,'2019-04-03 16:11:49','За день ноутбук два раза выключался сам, возникал синий экран с ошибками','Диагностика, переустановка ОС','',1,1,0,0,0,0,0,'','0000-00-00',0,'','2019-04-04 15:38:18',6,1,'a:1:{i:0;s:1:\"9\";}',0,0,0,0,'',0,'','0000-00-00',0,'','',0,'',0,'','0000-00-00',0,'');
INSERT INTO `tickets` VALUES (120,'SR01956099',2019,4,63,'2019-04-03 17:10:40','Предоставить наушники','Гарнитура предоставлена со склада','Гарнитура',1,2,0,0,0,0,0,'','0000-00-00',0,'','2019-04-05 09:33:30',6,0,'',33,700,0,0,'',0,'','0000-00-00',0,'','',0,'',0,'','0000-00-00',0,'');
INSERT INTO `tickets` VALUES (121,'SR01956128',2019,4,63,'2019-04-03 17:24:36','Выдать гарнитуру','Гарнитура предоставлена со склада','',1,2,0,0,0,0,0,'','0000-00-00',0,'','2019-04-05 09:31:46',6,0,'',33,700,0,0,'',0,'','0000-00-00',0,'','',0,'',0,'','0000-00-00',0,'');
INSERT INTO `tickets` VALUES (122,'SR01956160',2019,4,60,'2019-04-03 17:26:17','Для настройки программы Teradata SQL Assistant  необходимы права администратора','Настройка ПО Teradata SQL Assistant','',1,2,0,0,0,0,0,'','0000-00-00',0,'','2019-04-04 15:19:30',6,1,'a:1:{i:0;s:1:\"9\";}',0,0,0,0,'',0,'','0000-00-00',0,'','',0,'',0,'','0000-00-00',0,'');
INSERT INTO `tickets` VALUES (123,'335766',2019,4,130,'2019-04-03 21:36:48','перестановки 1 РМ с последующим подключением','Демонтаж оборудования','',1,0,1,0,0,0,0,'','0000-00-00',0,'','2019-04-04 12:19:20',6,0,'',52,700,0,0,'',0,'','0000-00-00',0,'','',0,'',0,'','0000-00-00',0,'');
INSERT INTO `tickets` VALUES (124,'335791',2019,4,131,'2019-04-04 10:27:44','Не работает интернет','Проверка коммутации и настроек, восстановление работоспособности','',1,0,1,0,0,0,0,'','0000-00-00',0,'','2019-04-04 15:47:46',5,0,'',22,0,0,0,'',0,'','0000-00-00',0,'','',0,'',0,'','0000-00-00',0,'');
INSERT INTO `tickets` VALUES (125,'SR01957350',2019,4,60,'2019-04-04 10:32:36','подключение AVAYA','подключение AVAYA','',1,2,0,0,0,0,0,'','0000-00-00',0,'','2019-04-04 15:40:34',6,1,'a:1:{i:0;s:1:\"9\";}',0,0,0,0,'',0,'','0000-00-00',0,'','',0,'',0,'','0000-00-00',0,'');
INSERT INTO `tickets` VALUES (126,'SR01957909',2019,4,61,'2019-04-04 12:59:57','Не работает второй монитор','Выезд 05.04','',0,2,0,0,0,0,0,'','0000-00-00',0,'','2019-04-05 09:38:01',6,0,'',72,700,0,0,'',0,'','0000-00-00',0,'','',0,'',0,'','0000-00-00',0,'');
INSERT INTO `tickets` VALUES (127,'SR01957954',2019,4,79,'2019-04-04 13:32:03','заменить гарнитуру','','',0,2,3,0,0,0,0,'','0000-00-00',0,'','2019-04-04 13:32:03',6,0,'',70,0,0,0,'',0,'','0000-00-00',0,'','',0,'',0,'','0000-00-00',0,'');
INSERT INTO `tickets` VALUES (128,'SR01958280',2019,4,79,'2019-04-04 15:11:43','Не работает микрофон в наушниках','гарнитура согласована','гарнитура-1900р;доставка 500р.',0,2,3,0,0,1900,500,'','0000-00-00',0,'','2019-04-05 11:41:51',4,0,'',70,0,0,0,'гарнитура-1080р.',1080,'','0000-00-00',0,'','',0,'',0,'','0000-00-00',0,'');
INSERT INTO `tickets` VALUES (129,'333262',2019,4,132,'2019-04-04 15:57:03','закупка микрофонной консоли LPA-M1','микрофонная консоль закуплена и отправлена','Микрофонная консоль - 21 600&#13;&#10;Доставка - 1 800',1,2,3,0,21600,0,1800,'','0000-00-00',0,'','2019-04-04 15:57:03',5,1,'',0,0,0,0,'',0,'','0000-00-00',0,'','',0,'',0,'','0000-00-00',0,'');
INSERT INTO `tickets` VALUES (130,'SR01958417',2019,4,63,'2019-04-04 16:26:22','Настройка принтера','подключение принтера к ПК','',1,2,0,0,0,0,0,'','0000-00-00',0,'','2019-04-05 15:34:44',4,0,'',33,700,0,0,'',0,'','0000-00-00',0,'','',0,'',0,'','0000-00-00',0,'');
INSERT INTO `tickets` VALUES (131,'335849',2019,4,30,'2019-04-04 16:33:46','Медленная работа ПК; частые зависания','','ОЗУ-1450р. Доставка-500р.',0,2,0,0,0,1450,500,'','0000-00-00',0,'ОЗУ согласовано','2019-04-05 16:27:57',6,1,'a:1:{i:0;s:1:\"8\";}',0,0,0,0,'',0,'','0000-00-00',0,'','Ситилинк',0,'ОЗУ-850р.',850,'','0000-00-00',0,'');
INSERT INTO `tickets` VALUES (132,'335942',2019,4,133,'2019-04-05 08:41:47','настроить МФУ - ни один ПК его не видит','замена патчкорда.','',1,0,1,0,0,0,0,'','0000-00-00',0,'','2019-04-05 11:58:10',4,0,'',22,0,0,0,'',0,'','0000-00-00',0,'','',0,'',0,'','0000-00-00',0,'');
INSERT INTO `tickets` VALUES (133,'335914',2019,4,2,'2019-04-05 08:56:23','Вышел из строя монитор, не включается','','',0,2,0,0,0,0,0,'','0000-00-00',0,'Выполнена, ждем СЛ от Ромы','2019-04-05 16:08:50',6,1,'a:1:{i:0;s:1:\"8\";}',0,0,0,0,'',0,'','0000-00-00',0,'','',0,'',0,'','0000-00-00',0,'');
INSERT INTO `tickets` VALUES (134,'SR01958702',2019,4,60,'2019-04-05 08:58:22','Добавить принтер','','',0,2,0,0,0,0,0,'','0000-00-00',0,'','2019-04-05 08:58:22',5,1,'a:1:{i:0;s:1:\"9\";}',0,0,0,0,'',0,'','0000-00-00',0,'','',0,'',0,'','0000-00-00',0,'');
INSERT INTO `tickets` VALUES (135,'SR01958880',2019,4,60,'2019-04-05 08:59:34','переустановить SAP','Переустановка SAP','',1,2,0,0,0,0,0,'','0000-00-00',0,'','2019-04-05 16:42:11',6,1,'a:1:{i:0;s:1:\"9\";}',0,0,0,0,'',0,'','0000-00-00',0,'','',0,'',0,'','0000-00-00',0,'');
INSERT INTO `tickets` VALUES (136,'SR01957708',2019,4,66,'2019-04-05 09:04:32','переустановка Windows','','',0,2,2,0,0,0,0,'','0000-00-00',0,'','2019-04-05 09:04:32',5,0,'',18,700,0,0,'',0,'','0000-00-00',0,'','',0,'',0,'','0000-00-00',0,'');
INSERT INTO `tickets` VALUES (137,'SR01959562',2019,4,62,'2019-04-05 09:10:05','Не отправляется почта с приложения Outlook','','',0,2,0,0,0,0,0,'','0000-00-00',0,'','2019-04-05 09:10:05',5,0,'',22,0,0,0,'',0,'','0000-00-00',0,'','',0,'',0,'','0000-00-00',0,'');
INSERT INTO `tickets` VALUES (138,'SR01959755',2019,4,62,'2019-04-05 09:28:50','Предоставления доступа на сетевые ресурсы','','',0,2,0,0,0,0,0,'','0000-00-00',0,'','2019-04-05 09:28:50',6,0,'',22,0,0,0,'',0,'','0000-00-00',0,'','',0,'',0,'','0000-00-00',0,'');
INSERT INTO `tickets` VALUES (139,'335944',2019,4,134,'2019-04-05 09:53:04','выполнить установку 3D счетчика на готовую линию','','Счетчик(1шт)-1000р; 1 линия-3000р.',0,2,3,0,4000,0,0,'','0000-00-00',0,'Счетчик поступил.&#13;&#10;Выезд для оценки 06.04','2019-04-05 17:01:51',6,0,'',14,700,0,0,'',0,'','0000-00-00',0,'','',0,'',0,'','0000-00-00',0,'');
INSERT INTO `tickets` VALUES (140,'SR01960295',2019,4,63,'2019-04-05 11:07:22','Почистить компьютер, оптимизировать работу систем','диагностика, оптимизация ПК','',1,2,0,0,0,0,0,'','0000-00-00',0,'','2019-04-05 15:34:11',4,0,'',33,700,0,0,'',0,'','0000-00-00',0,'','',0,'',0,'','0000-00-00',0,'');
INSERT INTO `tickets` VALUES (141,'б/н-1',2019,4,135,'2019-04-05 11:56:42','Помощь в монтажных работах','Выезд нужен на вторник-среду','',0,2,2,0,0,0,0,'','0000-00-00',0,'','2019-04-05 11:56:42',5,0,'',92,3500,0,0,'',0,'','0000-00-00',0,'','',0,'',0,'','0000-00-00',0,'');
INSERT INTO `tickets` VALUES (142,'SR01961024',2019,4,64,'2019-04-05 14:03:38','Не загружается ПК','','',0,2,0,0,0,0,0,'','0000-00-00',0,'','2019-04-05 14:03:38',6,0,'',95,700,0,0,'',0,'','0000-00-00',0,'','',0,'',0,'','0000-00-00',0,'');
INSERT INTO `tickets` VALUES (143,'SR01936145',2019,4,72,'2019-04-05 14:57:20','Увеличить объем оперативной памяти до 8Gb','','',0,2,3,0,0,0,0,'','0000-00-00',0,'','2019-04-05 14:57:20',6,0,'',6,700,0,0,'',0,'','0000-00-00',0,'','',0,'',0,'','0000-00-00',0,'');
INSERT INTO `tickets` VALUES (144,'336072',2019,4,130,'2019-04-05 17:23:08','Установка ОС linux','','',0,2,1,0,0,0,0,'','0000-00-00',0,'с 08.04-12.04','2019-04-05 17:23:08',6,0,'',52,700,0,0,'',0,'','0000-00-00',0,'','',0,'',0,'','0000-00-00',0,'');
INSERT INTO `tickets` VALUES (145,'336085',2019,4,136,'2019-04-05 17:40:16','установка linux с 08.04-12.04','','',0,2,1,0,0,0,0,'','0000-00-00',0,'','2019-04-05 17:54:25',4,0,'',91,700,0,0,'',0,'','0000-00-00',0,'','',0,'',0,'','0000-00-00',0,'');
INSERT INTO `tickets` VALUES (146,'336084',2019,4,137,'2019-04-05 17:44:14','установка ОС linux (с 8.04 по 12.04)','','',0,2,1,0,0,0,0,'','0000-00-00',0,'','2019-04-05 17:44:14',4,1,'a:1:{i:0;s:1:\"3\";}',0,0,0,0,'',0,'','0000-00-00',0,'','',0,'',0,'','0000-00-00',0,'');
/*!40000 ALTER TABLE `tickets` ENABLE KEYS */;
UNLOCK TABLES;

--
-- Table structure for table `users`
--

DROP TABLE IF EXISTS `users`;
/*!40101 SET @saved_cs_client     = @@character_set_client */;
/*!40101 SET character_set_client = utf8 */;
CREATE TABLE `users` (
  `id_users` int(11) NOT NULL AUTO_INCREMENT,
  `login` varchar(50) NOT NULL,
  `pass` varchar(50) NOT NULL,
  `surname` varchar(50) NOT NULL,
  `name` varchar(50) NOT NULL,
  `th_name` varchar(50) NOT NULL,
  `email` varchar(50) NOT NULL,
  `mobile` varchar(50) NOT NULL,
  `userlevel` int(1) unsigned NOT NULL,
  PRIMARY KEY (`id_users`)
) ENGINE=InnoDB AUTO_INCREMENT=12 DEFAULT CHARSET=utf8;
/*!40101 SET character_set_client = @saved_cs_client */;

--
-- Dumping data for table `users`
--

LOCK TABLES `users` WRITE;
/*!40000 ALTER TABLE `users` DISABLE KEYS */;
INSERT INTO `users` VALUES (1,'wolfs2003','c1c6aa010d50d67b2d524072034b64bb','Скирко','Сергей','Николаевич','skirko_sn@mail.ru','+7(930)701-41-37',1);
INSERT INTO `users` VALUES (2,'skirko-vn','dd0939fa03e855e67af53fdcdc32bb28','Скирко','Владимир','Николаевич','skirko-vn@mega-treid.com','+7(920)070-09-70',1);
INSERT INTO `users` VALUES (3,'skirko-av','2b93067e90cdd4b261179e0cfc28a6a7','Скирко','Александр','Владимирович','skirko-av@mail.ru','+7(920)882-88-22',4);
INSERT INTO `users` VALUES (4,'lebedeva-tv','2b93067e90cdd4b261179e0cfc28a6a7','Лебедева','Татьяна','Владимировна','sd@mega-treid.com','+7(920)013-73-37',1);
INSERT INTO `users` VALUES (5,'rozevskaya-vv','305f711df922b9aacbc02e6588503dc4','Розевская','Валерия','Вадимовна','rozevskaya-vv@mega-treid.com','+7(920)012-73-37',1);
INSERT INTO `users` VALUES (6,'sizova-an','2b93067e90cdd4b261179e0cfc28a6a7','Сизова','Анастасия','Николаевна','sd@mega-treid.com','+7(952)782-41-25',1);
INSERT INTO `users` VALUES (7,'kozlov-ae','2b93067e90cdd4b261179e0cfc28a6a7','Козлов','Алексей','Евгеньевич','kozlov-ae@mega-treid.com','+7(952)459-16-80',4);
INSERT INTO `users` VALUES (8,'mamedov-rn','2b93067e90cdd4b261179e0cfc28a6a7','Мамедов','Роман','Назирович','mamedov-rn@mega-treid.com','+7(930)707-09-70',4);
INSERT INTO `users` VALUES (9,'agibalov-is','2b93067e90cdd4b261179e0cfc28a6a7','Агибалов','Илья','Сергеевич','agibalov-is@mega-treid.com','+7(999)136-69-39',4);
INSERT INTO `users` VALUES (10,'infostend','2b93067e90cdd4b261179e0cfc28a6a7','Инфостенд','Мега','Трейд','skirko-vn@mega-treid.com','+7(920)070-09-70',1);
INSERT INTO `users` VALUES (11,'user','2b93067e90cdd4b261179e0cfc28a6a7','Мега','Трейд','временно','sd@mega-treid.com','+7(920)070-09-70',1);
/*!40000 ALTER TABLE `users` ENABLE KEYS */;
UNLOCK TABLES;
/*!40103 SET TIME_ZONE=@OLD_TIME_ZONE */;

/*!40101 SET SQL_MODE=@OLD_SQL_MODE */;
/*!40014 SET FOREIGN_KEY_CHECKS=@OLD_FOREIGN_KEY_CHECKS */;
/*!40014 SET UNIQUE_CHECKS=@OLD_UNIQUE_CHECKS */;
/*!40101 SET CHARACTER_SET_CLIENT=@OLD_CHARACTER_SET_CLIENT */;
/*!40101 SET CHARACTER_SET_RESULTS=@OLD_CHARACTER_SET_RESULTS */;
/*!40101 SET COLLATION_CONNECTION=@OLD_COLLATION_CONNECTION */;
/*!40111 SET SQL_NOTES=@OLD_SQL_NOTES */;

-- Dump completed on 2019-04-07 22:13:23
